lineage_id,replicate1_counts,replicate2_counts,replicate1_fate,replicate2_fate,pooled_counts,pooled_fate,replicate1_total,replicate2_total,concordant,discordant,replicate1_support,replicate2_support
001661c5a41aa5331667,0:2:7,0:0:12,0:2:7,0:0:1,0:2:19,0:2:19,9,12,False,True,011,001
001e4a2d710bc2ce2965,0:0:3,0:0:3,0:0:1,0:0:1,0:0:6,0:0:1,3,3,True,False,001,001
0044748e9275006f4325,0:0:1,0:0:1,0:0:1,0:0:1,0:0:2,0:0:1,1,1,True,False,001,001
0052c05aa1d8ef7dfe6f,0:0:2,0:0:1,0:0:1,0:0:1,0:0:3,0:0:1,2,1,True,False,001,001
006253e516345222b731,0:1:0,1:0:0,0:1:0,1:0:0,1:1:0,1:1:0,1,1,False,True,010,100
009eddcbea380246c2fe,0:0:1,0:0:1,0:0:1,0:0:1,0:0:2,0:0:1,1,1,True,False,001,001
00f3a8bfa5b59f858051,0:2:0,1:4:0,0:1:0,1:4:0,1:6:0,1:6:0,2,5,False,True,010,110
00f447820c57caac1f6b,0:0:2,0:0:2,0:0:1,0:0:1,0:0:4,0:0:1,2,2,True,False,001,001
01102a68890c372868af,1:2:0,0:4:0,1:2:0,0:1:0,1:6:0,1:6:0,3,4,False,True,110,010
011c707d69e1395b5ce0,0:0:1,0:0:1,0:0:1,0:0:1,0:0:2,0:0:1,1,1,True,False,001,001
01224b80dc7ce537c7b6,0:0:3,1:2:0,0:0:1,1:2:0,1:2:3,1:2:3,3,3,False,True,001,110
0158da7a855f1ab17260,0:3:1,1:3:0,0:3:1,1:3:0,1:6:1,1:6:1,4,4,False,True,011,110
0161ffc8a1912b7b5369,0:1:1,0:0:5,0:1:1,0:0:1,0:1:6,0:1:6,2,5,False,True,011,001
0179d40b64f460fc3a09,1:4:0,0:3:0,1:4:0,0:1:0,1:7:0,1:7:0,5,3,False,True,110,010
01f71ea0bb0ff21783a7,0:0:1,0:0:10,0:0:1,0:0:1,0:0:11,0:0:1,1,10,True,False,001,001
02849115ef020512d040,0:0:3,0:0:1,0:0:1,0:0:1,0:0:4,0:0:1,3,1,True,False,001,001
0295d486123febced485,0:0:3,0:0:3,0:0:1,0:0:1,0:0:6,0:0:1,3,3,True,False,001,001
029b3fea68eaf4b6e552,0:0:1,0:4:0,0:0:1,0:1:0,0:4:1,0:4:1,1,4,False,True,001,010
029bddd4fbd2de36d58c,0:4:1,0:3:2,0:4:1,0:3:2,0:7:3,0:7:3,5,5,False,True,011,011
02e0fed409f820e61037,1:2:6,0:5:2,1:2:6,0:5:2,1:7:8,1:7:8,9,7,False,True,111,011
02f61f0b7c6f1b9f2a42,0:1:0,0:0:1,0:1:0,0:0:1,0:1:1,0:1:1,1,1,False,True,010,001
031b50a64ef15fbf2be1,0:0:5,0:0:9,0:0:1,0:0:1,0:0:14,0:0:1,5,9,True,False,001,001
036a914d529a1094af6a,0:0:1,0:0:5,0:0:1,0:0:1,0:0:6,0:0:1,1,5,True,False,001,001
037d08c37a67929ee7ef,2:2:2,1:1:1,1:1:1,1:1:1,3:3:3,1:1:1,6,3,True,False,111,111
0389afd870374c6bdf22,3:0:0,1:2:0,1:0:0,1:2:0,4:2:0,2:1:0,3,3,False,True,100,110
038ab9bc1a64973e91d9,0:0:2,0:0:1,0:0:1,0:0:1,0:0:3,0:0:1,2,1,True,False,001,001
04603ed8486973f84113,2:0:1,3:1:0,2:0:1,3:1:0,5:1:1,5:1:1,3,4,False,True,101,110
046506a490506fc29ea2,0:1:3,0:0:3,0:1:3,0:0:1,0:1:6,0:1:6,4,3,False,True,011,001
0484dcc12d2bf2350bac,0:0:1,0:1:1,0:0:1,0:1:1,0:1:2,0:1:2,1,2,False,True,001,011
0498081116ee42a96957,0:0:2,1:0:4,0:0:1,1:0:4,1:0:6,1:0:6,2,5,False,True,001,101
04b111d2adc87c353794,0:0:1,0:1:0,0:0:1,0:1:0,0:1:1,0:1:1,1,1,False,True,001,010
04e3865c76268e8b8494,0:0:2,0:1:1,0:0:1,0:1:1,0:1:3,0:1:3,2,2,False,True,001,011
05644dbb9f960e244924,0:0:1,0:1:0,0:0:1,0:1:0,0:1:1,0:1:1,1,1,False,True,001,010
056c418680f22e757256,0:0:7,0:0:7,0:0:1,0:0:1,0:0:14,0:0:1,7,7,True,False,001,001
05d071faa543169a3145,2:4:0,0:13:0,1:2:0,0:1:0,2:17:0,2:17:0,6,13,False,True,110,010
05d8798c776cd9656cf4,0:0:2,1:0:5,0:0:1,1:0:5,1:0:7,1:0:7,2,6,False,True,001,101
05dd7e2b420aaa37fad1,0:4:0,0:2:0,0:1:0,0:1:0,0:6:0,0:1:0,4,2,True,False,010,010
0600c052cacb3a1458c6,0:0:1,0:0:2,0:0:1,0:0:1,0:0:3,0:0:1,1,2,True,False,001,001
060e908128933c9baff0,0:0:1,0:0:1,0:0:1,0:0:1,0:0:2,0:0:1,1,1,True,False,001,001
063fe8f9e1bc1be325ed,1:0:0,0:0:3,1:0:0,0:0:1,1:0:3,1:0:3,1,3,False,True,100,001
06537b8c83a5715c0f84,0:0:4,0:0:3,0:0:1,0:0:1,0:0:7,0:0:1,4,3,True,False,001,001
067a6da2f46698408ce0,1:0:1,0:1:1,1:0:1,0:1:1,1:1:2,1:1:2,2,2,False,True,101,011
06a0a86390881b637360,2:0:0,1:1:2,1:0:0,1:1:2,3:1:2,3:1:2,2,4,False,True,100,111
06c6f7ae23c1a4bb747b,0:0:2,0:0:2,0:0:1,0:0:1,0:0:4,0:0:1,2,2,True,False,001,001
06cadcf39d1523889f62,0:0:1,0:0:1,0:0:1,0:0:1,0:0:2,0:0:1,1,1,True,False,001,001
06d7e5c66cde73fa5724,0:0:1,0:0:1,0:0:1,0:0:1,0:0:2,0:0:1,1,1,True,False,001,001
070447ef95620fd81bce,0:1:4,0:0:3,0:1:4,0:0:1,0:1:7,0:1:7,5,3,False,True,011,001
0755f31f8a08cd17e14e,0:2:0,0:2:1,0:1:0,0:2:1,0:4:1,0:4:1,2,3,False,True,010,011
078dcc6bbef70bbaa4a1,0:1:6,0:1:2,0:1:6,0:1:2,0:2:8,0:1:4,7,3,False,True,011,011
07971c752ed40a3bd723,0:1:1,0:3:0,0:1:1,0:1:0,0:4:1,0:4:1,2,3,False,True,011,010
08858a53edd821cfbe62,0:0:2,0:1:0,0:0:1,0:1:0,0:1:2,0:1:2,2,1,False,True,001,010
089acb9cd6e54b15c972,0:0:1,0:1:1,0:0:1,0:1:1,0:1:2,0:1:2,1,2,False,True,001,011
09340e275adf217f52e4,0:0:3,0:0:5,0:0:1,0:0:1,0:0:8,0:0:1,3,5,True,False,001,001
095fb6af59b54141c8be,0:6:0,1:5:0,0:1:0,1:5:0,1:11:0,1:11:0,6,6,False,True,010,110
097bb97f8473321f1f60,0:1:0,0:2:0,0:1:0,0:1:0,0:3:0,0:1:0,1,2,True,False,010,010
099171d5d1cce32b6025,2:5:0,7:2:0,2:5:0,7:2:0,9:7:0,9:7:0,7,9,False,True,110,110
09d8599648df9f65eac5,1:0:0,0:0:2,1:0:0,0:0:1,1:0:2,1:0:2,1,2,False,True,100,001
09ed3825b198b8faaa30,0:0:3,0:0:4,0:0:1,0:0:1,0:0:7,0:0:1,3,4,True,False,001,001
09ef221540717f4513bc,0:0:2,0:0:4,0:0:1,0:0:1,0:0:6,0:0:1,2,4,True,False,001,001
0a1112c2b850e11a6457,0:0:1,0:0:1,0:0:1,0:0:1,0:0:2,0:0:1,1,1,True,False,001,001
0a2af2e3b06a45b49a3f,0:1:0,0:0:3,0:1:0,0:0:1,0:1:3,0:1:3,1,3,False,True,010,001
0a56dc31d9ecc392b5bb,0:0:6,0:0:1,0:0:1,0:0:1,0:0:7,0:0:1,6,1,True,False,001,001
0a59f92829df713d2c0b,0:0:1,0:0:1,0:0:1,0:0:1,0:0:2,0:0:1,1,1,True,False,001,001
0a6497857a7edeac5669,0:1:7,0:0:2,0:1:7,0:0:1,0:1:9,0:1:9,8,2,False,True,011,001
0a999f8d791df63d7bfd,0:1:4,1:0:6,0:1:4,1:0:6,1:1:10,1:1:10,5,7,False,True,011,101
0ac0fbdc29a33a7395a0,0:2:0,0:2:0,0:1:0,0:1:0,0:4:0,0:1:0,2,2,True,False,010,010
0af634a57a7473e5bc5b,0:42:0,1:45:0,0:1:0,1:45:0,1:87:0,1:87:0,42,46,False,True,010,110
0b14899f9aa5ed1f7eb4,0:0:1,0:1:0,0:0:1,0:1:0,0:1:1,0:1:1,1,1,False,True,001,010
0b2d0651bcc375330328,0:0:1,0:0:1,0:0:1,0:0:1,0:0:2,0:0:1,1,1,True,False,001,001
0b68081ab2ce8fcf14b2,0:0:1,0:1:0,0:0:1,0:1:0,0:1:1,0:1:1,1,1,False,True,001,010
0b728e5e3fc52cfdb88b,0:5:0,1:7:0,0:1:0,1:7:0,1:12:0,1:12:0,5,8,False,True,010,110
0b8733625a39de7d7441,0:0:2,0:0:1,0:0:1,0:0:1,0:0:3,0:0:1,2,1,True,False,001,001
0bcc4e3413ef1485f31c,0:0:2,0:0:2,0:0:1,0:0:1,0:0:4,0:0:1,2,2,True,False,001,001
0bde2c0b34303df43872,0:0:4,0:0:1,0:0:1,0:0:1,0:0:5,0:0:1,4,1,True,False,001,001
0bee1e12a693cc145854,0:1:0,0:5:2,0:1:0,0:5:2,0:6:2,0:3:1,1,7,False,True,010,011
0c42763b708453fb6e1e,0:1:0,0:3:0,0:1:0,0:1:0,0:4:0,0:1:0,1,3,True,False,010,010
0c49f89a7a0599bfaa62,0:0:1,0:1:1,0:0:1,0:1:1,0:1:2,0:1:2,1,2,False,True,001,011
0c58d23a5f743a4a18aa,1:1:1,0:0:1,1:1:1,0:0:1,1:1:2,1:1:2,3,1,False,True,111,001
0c5e16a33bfd3db89477,0:0:2,0:0:1,0:0:1,0:0:1,0:0:3,0:0:1,2,1,True,False,001,001
0c9997daa3ebb1473441,0:1:0,0:1:0,0:1:0,0:1:0,0:2:0,0:1:0,1,1,True,False,010,010
0ca89210644ed34784f4,0:0:1,0:0:1,0:0:1,0:0:1,0:0:2,0:0:1,1,1,True,False,001,001
0d46e9e195c338f8eab6,0:1:2,1:0:1,0:1:2,1:0:1,1:1:3,1:1:3,3,2,False,True,011,101
0d601de6f53d8ba25759,0:1:0,0:1:0,0:1:0,0:1:0,0:2:0,0:1:0,1,1,True,False,010,010
0d977bbe54ef3d10b99a,0:0:5,0:0:3,0:0:1,0:0:1,0:0:8,0:0:1,5,3,True,False,001,001
0da407c7e6f4fcbb8aa6,0:0:1,0:0:1,0:0:1,0:0:1,0:0:2,0:0:1,1,1,True,False,001,001
0dd0253450cfd5454d67,0:0:1,0:0:1,0:0:1,0:0:1,0:0:2,0:0:1,1,1,True,False,001,001
0e0ed6ede4d77a36716d,0:2:0,1:0:0,0:1:0,1:0:0,1:2:0,1:2:0,2,1,False,True,010,100
0e4739b6e262964057f1,0:0:1,0:0:1,0:0:1,0:0:1,0:0:2,0:0:1,1,1,True,False,001,001
0e6962f183636df58548,1:1:0,2:4:0,1:1:0,1:2:0,3:5:0,3:5:0,2,6,False,True,110,110
0e9bd5cfff5eb08d7893,0:0:2,0:1:2,0:0:1,0:1:2,0:1:4,0:1:4,2,3,False,True,001,011
0ee94e075e169cd42ca7,0:1:0,0:0:2,0:1:0,0:0:1,0:1:2,0:1:2,1,2,False,True,010,001
0f34d0a7d18039344214,0:0:1,0:0:1,0:0:1,0:0:1,0:0:2,0:0:1,1,1,True,False,001,001
0f92e098c7005b9ee59d,0:1:4,0:1:4,0:1:4,0:1:4,0:2:8,0:1:4,5,5,True,False,011,011
0fc73525777871b2e0d8,0:0:1,0:0:1,0:0:1,0:0:1,0:0:2,0:0:1,1,1,True,False,001,001
1026796c387153fd02c9,0:0:1,0:0:1,0:0:1,0:0:1,0:0:2,0:0:1,1,1,True,False,001,001
105ff548ffc422a72562,0:2:2,0:0:3,0:1:1,0:0:1,0:2:5,0:2:5,4,3,False,True,011,001
10a6ce8108ec39e0b217,0:0:3,0:0:7,0:0:1,0:0:1,0:0:10,0:0:1,3,7,True,False,001,001
10c9ff47677bb7f460c7,1:0:0,4:0:0,1:0:0,1:0:0,5:0:0,1:0:0,1,4,True,False,100,100
1128bb96f8d29df87bb0,0:1:0,0:3:0,0:1:0,0:1:0,0:4:0,0:1:0,1,3,True,False,010,010
1130513da3783a2fb3f9,0:0:2,0:0:2,0:0:1,0:0:1,0:0:4,0:0:1,2,2,True,False,001,001
1188a30524a5f412682b,0:0:4,0:3:3,0:0:1,0:1:1,0:3:7,0:3:7,4,6,False,True,001,011
11e35e695be89d6e9303,0:1:0,0:1:0,0:1:0,0:1:0,0:2:0,0:1:0,1,1,True,False,010,010
120a5019e850563943f7,0:1:1,0:1:1,0:1:1,0:1:1,0:2:2,0:1:1,2,2,True,False,011,011
1240d773826b0120b181,0:0:2,1:0:2,0:0:1,1:0:2,1:0:4,1:0:4,2,3,False,True,001,101
12421a199ea91311a6ba,0:0:5,1:0:5,0:0:1,1:0:5,1:0:10,1:0:10,5,6,False,True,001,101
125b835e1945e238c681,0:0:1,1:0:2,0:0:1,1:0:2,1:0:3,1:0:3,1,3,False,True,001,101
12b84fd507c013755166,0:0:2,0:0:8,0:0:1,0:0:1,0:0:10,0:0:1,2,8,True,False,001,001
12cc87d28a264837880e,0:0:3,0:0:1,0:0:1,0:0:1,0:0:4,0:0:1,3,1,True,False,001,001
12cf673b8d544dafe99d,0:0:1,0:0:1,0:0:1,0:0:1,0:0:2,0:0:1,1,1,True,False,001,001
1328b6cd8abc1e71229c,0:0:1,0:0:2,0:0:1,0:0:1,0:0:3,0:0:1,1,2,True,False,001,001
132e5fa93b81436b83a0,0:0:3,0:1:1,0:0:1,0:1:1,0:1:4,0:1:4,3,2,False,True,001,011
13694e19f31b67450964,2:0:7,0:0:4,2:0:7,0:0:1,2:0:11,2:0:11,9,4,False,True,101,001
139b36f458eecdea8f42,0:0:2,0:0:2,0:0:1,0:0:1,0:0:4,0:0:1,2,2,True,False,001,001
139fed49f3d57566732b,2:0:5,0:1:4,2:0:5,0:1:4,2:1:9,2:1:9,7,5,False,True,101,011
13c3076364dcd7554373,0:2:0,0:2:0,0:1:0,0:1:0,0:4:0,0:1:0,2,2,True,False,010,010
13df8202e5fd54d65958,0:0:1,0:0:2,0:0:1,0:0:1,0:0:3,0:0:1,1,2,True,False,001,001
141392f883edbda0e1a9,0:1:3,0:1:2,0:1:3,0:1:2,0:2:5,0:2:5,4,3,False,True,011,011
1416d0f3125b12506b1d,0:0:3,0:0:1,0:0:1,0:0:1,0:0:4,0:0:1,3,1,True,False,001,001
14522f8de4cc99e77193,0:0:1,0:0:1,0:0:1,0:0:1,0:0:2,0:0:1,1,1,True,False,001,001
14534536a882ebef7855,3:1:0,5:3:0,3:1:0,5:3:0,8:4:0,2:1:0,4,8,False,True,110,110
1476d0b09e2cd2174baf,0:0:3,0:0:3,0:0:1,0:0:1,0:0:6,0:0:1,3,3,True,False,001,001
14af441a2fac1123d78e,1:0:0,0:0:1,1:0:0,0:0:1,1:0:1,1:0:1,1,1,False,True,100,001
14b4699202944efec7a3,0:0:1,0:1:1,0:0:1,0:1:1,0:1:2,0:1:2,1,2,False,True,001,011
15001c5b6da9f39e493d,0:0:1,0:0:2,0:0:1,0:0:1,0:0:3,0:0:1,1,2,True,False,001,001
152ac4dde82f92595489,0:0:1,0:0:1,0:0:1,0:0:1,0:0:2,0:0:1,1,1,True,False,001,001
15e5319ddc43bf43d0a7,0:1:0,0:1:0,0:1:0,0:1:0,0:2:0,0:1:0,1,1,True,False,010,010
16205cad29d4b1d2eb8d,0:1:0,0:0:1,0:1:0,0:0:1,0:1:1,0:1:1,1,1,False,True,010,001
162318a32953964a6fe7,2:1:0,7:0:2,2:1:0,7:0:2,9:1:2,9:1:2,3,9,False,True,110,101
16475afe8208191d42da,0:0:1,0:1:0,0:0:1,0:1:0,0:1:1,0:1:1,1,1,False,True,001,010
16c14a1c6e56fdd7dea4,0:0:1,0:0:1,0:0:1,0:0:1,0:0:2,0:0:1,1,1,True,False,001,001
16ef0fea6082ac23cdf5,0:0:1,0:0:1,0:0:1,0:0:1,0:0:2,0:0:1,1,1,True,False,001,001
16fe2369d8c9a622160a,0:1:0,1:1:2,0:1:0,1:1:2,1:2:2,1:2:2,1,4,False,True,010,111
170fec3370abbdb5deb3,0:1:3,1:1:1,0:1:3,1:1:1,1:2:4,1:2:4,4,3,False,True,011,111
1720ee09814d18826d09,0:0:1,0:0:1,0:0:1,0:0:1,0:0:2,0:0:1,1,1,True,False,001,001
1745599a0eb6200fb45f,0:0:3,0:0:1,0:0:1,0:0:1,0:0:4,0:0:1,3,1,True,False,001,001
1777683d976babcd0158,0:0:1,0:0:1,0:0:1,0:0:1,0:0:2,0:0:1,1,1,True,False,001,001
17847a97c7d21c499175,0:0:1,0:0:2,0:0:1,0:0:1,0:0:3,0:0:1,1,2,True,False,001,001
17f2931e53c9a2ac6917,0:0:1,0:0:1,0:0:1,0:0:1,0:0:2,0:0:1,1,1,True,False,001,001
1802952968082d4d4d83,0:0:6,0:0:4,0:0:1,0:0:1,0:0:10,0:0:1,6,4,True,False,001,001
180f62741c1b882b623e,0:0:2,0:0:1,0:0:1,0:0:1,0:0:3,0:0:1,2,1,True,False,001,001
18484d9dbba7006650d5,0:0:2,1:0:1,0:0:1,1:0:1,1:0:3,1:0:3,2,2,False,True,001,101
18937ce7dbb6334105de,11:3:0,24:9:0,11:3:0,8:3:0,35:12:0,35:12:0,14,33,False,True,110,110
18cfff34cc530547e5f9,0:0:1,0:0:1,0:0:1,0:0:1,0:0:2,0:0:1,1,1,True,False,001,001
18d4e2f0b12e3538d66d,0:0:3,0:0:2,0:0:1,0:0:1,0:0:5,0:0:1,3,2,True,False,001,001
18f0881adc660dedab8f,0:0:6,0:0:5,0:0:1,0:0:1,0:0:11,0:0:1,6,5,True,False,001,001
191cf4ce811d83be8c7e,0:0:5,0:3:1,0:0:1,0:3:1,0:3:6,0:1:2,5,4,False,True,001,011
192d316676c646aa0e52,0:1:0,0:1:0,0:1:0,0:1:0,0:2:0,0:1:0,1,1,True,False,010,010
194e9918afaf067e37c6,0:1:0,0:2:0,0:1:0,0:1:0,0:3:0,0:1:0,1,2,True,False,010,010
1a08c9fcfdefbec9dafc,0:0:1,0:1:1,0:0:1,0:1:1,0:1:2,0:1:2,1,2,False,True,001,011
1a8ea52ec3bc6d1abd45,0:0:1,0:0:1,0:0:1,0:0:1,0:0:2,0:0:1,1,1,True,False,001,001
1a9925be0198948b316c,0:0:1,0:0:1,0:0:1,0:0:1,0:0:2,0:0:1,1,1,True,False,001,001
1aca13eb397d859083f7,0:0:1,0:0:2,0:0:1,0:0:1,0:0:3,0:0:1,1,2,True,False,001,001
1af6d628d631ac2c8b7d,0:0:1,1:0:0,0:0:1,1:0:0,1:0:1,1:0:1,1,1,False,True,001,100
1b11c37fd8cf9217d2fa,0:0:1,0:1:1,0:0:1,0:1:1,0:1:2,0:1:2,1,2,False,True,001,011
1b48e04608e0b9e1f54b,0:0:2,0:0:2,0:0:1,0:0:1,0:0:4,0:0:1,2,2,True,False,001,001
1b6e61aa707f6bd47cee,1:2:0,1:4:0,1:2:0,1:4:0,2:6:0,1:3:0,3,5,False,True,110,110
1b6f293cac5b4cfae2c4,0:5:2,0:2:2,0:5:2,0:1:1,0:7:4,0:7:4,7,4,False,True,011,011
1ba043417883db897cc8,0:2:0,0:7:0,0:1:0,0:1:0,0:9:0,0:1:0,2,7,True,False,010,010
1c0cbd3d08c5cfa88364,2:0:0,1:0:0,1:0:0,1:0:0,3:0:0,1:0:0,2,1,True,False,100,100
1c33c07ee310d03f6e25,0:1:3,0:0:2,0:1:3,0:0:1,0:1:5,0:1:5,4,2,False,True,011,001
1c891a4e175d74e0b2af,0:0:2,2:0:0,0:0:1,1:0:0,2:0:2,1:0:1,2,2,False,True,001,100
1c999442db0d5d0a4b2d,0:1:0,0:1:0,0:1:0,0:1:0,0:2:0,0:1:0,1,1,True,False,010,010
1c9f1abbe27e3a04b06f,0:1:0,0:1:1,0:1:0,0:1:1,0:2:1,0:2:1,1,2,False,True,010,011
1ca2501ef6c37881e880,0:0:1,0:0:1,0:0:1,0:0:1,0:0:2,0:0:1,1,1,True,False,001,001
1cd86ef22d2ac16d035f,0:0:2,0:0:1,0:0:1,0:0:1,0:0:3,0:0:1,2,1,True,False,001,001
1cdd3c7c6ad615b7dda5,0:0:1,0:1:0,0:0:1,0:1:0,0:1:1,0:1:1,1,1,False,True,001,010
1cdf71b071bbae2a6494,1:0:7,0:3:20,1:0:7,0:3:20,1:3:27,1:3:27,8,23,False,True,101,011
1d081146fead95af1e10,0:2:2,0:0:4,0:1:1,0:0:1,0:2:6,0:1:3,4,4,False,True,011,001
1d41cf39f8a0fe743825,0:1:0,0:1:0,0:1:0,0:1:0,0:2:0,0:1:0,1,1,True,False,010,010
1d4597124dadf046dec8,0:0:2,0:0:1,0:0:1,0:0:1,0:0:3,0:0:1,2,1,True,False,001,001
1dad65ccafddacd04373,0:0:1,0:1:1,0:0:1,0:1:1,0:1:2,0:1:2,1,2,False,True,001,011
1dcf5e065cd6de0e6401,0:0:2,0:0:1,0:0:1,0:0:1,0:0:3,0:0:1,2,1,True,False,001,001
1de6d307865c90db0967,0:0:2,0:0:1,0:0:1,0:0:1,0:0:3,0:0:1,2,1,True,False,001,001
1e2d0b02e61b970dfc2f,0:0:1,0:0:1,0:0:1,0:0:1,0:0:2,0:0:1,1,1,True,False,001,001
1e354d576c11d4c83c80,0:3:0,0:4:0,0:1:0,0:1:0,0:7:0,0:1:0,3,4,True,False,010,010
1e43a7b285e7641e96f3,0:0:1,0:0:1,0:0:1,0:0:1,0:0:2,0:0:1,1,1,True,False,001,001
1e5a636c4b714a2f3b0f,0:5:1,0:7:3,0:5:1,0:7:3,0:12:4,0:3:1,6,10,False,True,011,011
1e6074f2f33fe4245515,0:0:3,0:0:4,0:0:1,0:0:1,0:0:7,0:0:1,3,4,True,False,001,001
1e63970f29afa417a8fb,0:2:0,0:1:1,0:1:0,0:1:1,0:3:1,0:3:1,2,2,False,True,010,011
1e887dc342ee1686e1c6,0:1:0,0:1:0,0:1:0,0:1:0,0:2:0,0:1:0,1,1,True,False,010,010
1f207f8fe83f757330c4,0:0:5,0:0:2,0:0:1,0:0:1,0:0:7,0:0:1,5,2,True,False,001,001
1f5a0e75ca6c5dbdfbdb,4:0:0,3:1:0,1:0:0,3:1:0,7:1:0,7:1:0,4,4,False,True,100,110
1f5e2bfb815cb954588e,0:0:8,0:1:1,0:0:1,0:1:1,0:1:9,0:1:9,8,2,False,True,001,011
201ab4440c4203bd5d1a,0:1:0,0:0:1,0:1:0,0:0:1,0:1:1,0:1:1,1,1,False,True,010,001
20212c68bc39d3395d50,1:0:2,4:2:0,1:0:2,2:1:0,5:2:2,5:2:2,3,6,False,True,101,110
206e125380f90d43c128,1:0:0,1:0:0,1:0:0,1:0:0,2:0:0,1:0:0,1,1,True,False,100,100
208e4513a990c81ef6ae,0:0:1,0:0:1,0:0:1,0:0:1,0:0:2,0:0:1,1,1,True,False,001,001
20d09a3be52ad13bc2f9,0:2:0,0:2:0,0:1:0,0:1:0,0:4:0,0:1:0,2,2,True,False,010,010
21549b50d19f7848b703,4:6:0,1:11:0,2:3:0,1:11:0,5:17:0,5:17:0,10,12,False,True,110,110
21577592cf92c00d9537,0:0:2,0:0:1,0:0:1,0:0:1,0:0:3,0:0:1,2,1,True,False,001,001
21798fa551065858a3cb,0:1:0,1:1:0,0:1:0,1:1:0,1:2:0,1:2:0,1,2,False,True,010,110
218e09f3866041db0e2a,0:1:1,0:0:1,0:1:1,0:0:1,0:1:2,0:1:2,2,1,False,True,011,001
21cea0b8473ab894f78b,0:2:0,1:1:0,0:1:0,1:1:0,1:3:0,1:3:0,2,2,False,True,010,110
21e713d32fe1be8f01cc,0:0:1,0:0:1,0:0:1,0:0:1,0:0:2,0:0:1,1,1,True,False,001,001
21ebbd745da0ded8c64a,1:0:0,0:4:0,1:0:0,0:1:0,1:4:0,1:4:0,1,4,False,True,100,010
21f963df5d73a557cbbc,0:0:8,0:1:3,0:0:1,0:1:3,0:1:11,0:1:11,8,4,False,True,001,011
21fb1113aedec2bc7845,1:1:0,2:0:0,1:1:0,1:0:0,3:1:0,3:1:0,2,2,False,True,110,100
220125fdcceb30f528ea,0:1:0,0:0:1,0:1:0,0:0:1,0:1:1,0:1:1,1,1,False,True,010,001
2224e742823d93c3bb9c,2:5:0,4:4:0,2:5:0,1:1:0,6:9:0,2:3:0,7,8,False,True,110,110
224f5fcbfe74a8f437ea,0:1:0,0:1:0,0:1:0,0:1:0,0:2:0,0:1:0,1,1,True,False,010,010
2255f46d59a9a74b50df,0:0:4,0:1:1,0:0:1,0:1:1,0:1:5,0:1:5,4,2,False,True,001,011
226881efe80b8e16d730,0:0:1,0:0:2,0:0:1,0:0:1,0:0:3,0:0:1,1,2,True,False,001,001
22df59040a291372451f,0:5:11,1:6:12,0:5:11,1:6:12,1:11:23,1:11:23,16,19,False,True,011,111
2337c5074c245d269919,0:0:1,0:1:2,0:0:1,0:1:2,0:1:3,0:1:3,1,3,False,True,001,011
236e8a264f720a071e1a,0:0:1,0:2:0,0:0:1,0:1:0,0:2:1,0:2:1,1,2,False,True,001,010
2371d8a3d2725e3af665,0:1:2,0:0:3,0:1:2,0:0:1,0:1:5,0:1:5,3,3,False,True,011,001
238445c5621d763f2ddf,0:2:0,0:2:0,0:1:0,0:1:0,0:4:0,0:1:0,2,2,True,False,010,010
23879c2a17b273291886,0:0:1,0:0:1,0:0:1,0:0:1,0:0:2,0:0:1,1,1,True,False,001,001
2395c0bfa161a0190d95,0:1:0,0:6:0,0:1:0,0:1:0,0:7:0,0:1:0,1,6,True,False,010,010
23d23ab49f556d9950d6,0:1:0,2:1:1,0:1:0,2:1:1,2:2:1,2:2:1,1,4,False,True,010,111
2456f7aa887dc29b81b5,0:0:3,0:0:2,0:0:1,0:0:1,0:0:5,0:0:1,3,2,True,False,001,001
2462731e299c1f9114c6,0:0:1,0:0:3,0:0:1,0:0:1,0:0:4,0:0:1,1,3,True,False,001,001
247c1c99385024481a0e,0:0:4,0:0:13,0:0:1,0:0:1,0:0:17,0:0:1,4,13,True,False,001,001
247e4c547811d05013c5,0:0:2,0:0:3,0:0:1,0:0:1,0:0:5,0:0:1,2,3,True,False,001,001
247f93fd4c2833699f1e,0:1:0,0:3:0,0:1:0,0:1:0,0:4:0,0:1:0,1,3,True,False,010,010
24b247357705bad7a88c,4:1:0,1:0:0,4:1:0,1:0:0,5:1:0,5:1:0,5,1,False,True,110,100
250081e595af7168a647,0:1:0,1:0:0,0:1:0,1:0:0,1:1:0,1:1:0,1,1,False,True,010,100
25229e902e07ed715e2d,0:0:3,0:0:1,0:0:1,0:0:1,0:0:4,0:0:1,3,1,True,False,001,001
253119633472fcc06866,0:0:1,0:0:1,0:0:1,0:0:1,0:0:2,0:0:1,1,1,True,False,001,001
2536a6bc20019116c634,0:0:1,1:0:4,0:0:1,1:0:4,1:0:5,1:0:5,1,5,False,True,001,101
25370fe0cfa46dfca74e,0:1:0,0:0:1,0:1:0,0:0:1,0:1:1,0:1:1,1,1,False,True,010,001
25c238f25aa897dc9127,0:0:2,0:0:4,0:0:1,0:0:1,0:0:6,0:0:1,2,4,True,False,001,001
25e23a7758132aa09026,0:3:0,0:1:0,0:1:0,0:1:0,0:4:0,0:1:0,3,1,True,False,010,010
25e51220199550eea64b,0:0:1,0:1:2,0:0:1,0:1:2,0:1:3,0:1:3,1,3,False,True,001,011
262042dbd06709775fdd,0:0:14,0:0:14,0:0:1,0:0:1,0:0:28,0:0:1,14,14,True,False,001,001
2673e52a789817dea319,0:0:4,0:0:1,0:0:1,0:0:1,0:0:5,0:0:1,4,1,True,False,001,001
26773fc3308955fb0297,0:0:2,0:0:1,0:0:1,0:0:1,0:0:3,0:0:1,2,1,True,False,001,001
2698249eaa94402dd3bf,0:1:0,1:0:0,0:1:0,1:0:0,1:1:0,1:1:0,1,1,False,True,010,100
26c12d29f2e479bcb2e9,0:0:1,0:0:1,0:0:1,0:0:1,0:0:2,0:0:1,1,1,True,False,001,001
26e515541f7238308835,0:0:7,0:0:5,0:0:1,0:0:1,0:0:12,0:0:1,7,5,True,False,001,001
26f11fda3ce051b5e050,0:0:5,0:0:6,0:0:1,0:0:1,0:0:11,0:0:1,5,6,True,False,001,001
273b12b638f83188f559,0:11:0,0:4:0,0:1:0,0:1:0,0:15:0,0:1:0,11,4,True,False,010,010
27823e7aec2b668b0ab5,0:1:0,0:0:2,0:1:0,0:0:1,0:1:2,0:1:2,1,2,False,True,010,001
27b08a14f2db61f16dc5,0:1:0,1:1:0,0:1:0,1:1:0,1:2:0,1:2:0,1,2,False,True,010,110
27d5bcb361a7ab000bc0,0:0:4,0:1:0,0:0:1,0:1:0,0:1:4,0:1:4,4,1,False,True,001,010
28400c822deaef02b389,0:0:1,0:1:2,0:0:1,0:1:2,0:1:3,0:1:3,1,3,False,True,001,011
2840169b64dca7499602,0:0:1,0:1:0,0:0:1,0:1:0,0:1:1,0:1:1,1,1,False,True,001,010
284231085561a9cb6cf1,0:0:1,1:0:2,0:0:1,1:0:2,1:0:3,1:0:3,1,3,False,True,001,101
2898eb06e9b63abea086,0:1:2,0:1:1,0:1:2,0:1:1,0:2:3,0:2:3,3,2,False,True,011,011
28bc389828db21ba422b,0:0:1,1:0:0,0:0:1,1:0:0,1:0:1,1:0:1,1,1,False,True,001,100
28ee1fb604e38835458a,2:1:1,0:0:2,2:1:1,0:0:1,2:1:3,2:1:3,4,2,False,True,111,001
28f92e7dca4aa6dd2179,0:0:1,0:0:1,0:0:1,0:0:1,0:0:2,0:0:1,1,1,True,False,001,001
2987848e1d72130f0093,0:0:4,0:0:2,0:0:1,0:0:1,0:0:6,0:0:1,4,2,True,False,001,001
299bc81bb58910f36205,1:0:0,1:0:5,1:0:0,1:0:5,2:0:5,2:0:5,1,6,False,True,100,101
29dd44efaba2ab721f36,0:0:2,0:0:3,0:0:1,0:0:1,0:0:5,0:0:1,2,3,True,False,001,001
29de7b1d68cb2a72587d,1:1:6,0:2:3,1:1:6,0:2:3,1:3:9,1:3:9,8,5,False,True,111,011
2a47eb9e7fa2a02ca290,0:0:2,0:0:1,0:0:1,0:0:1,0:0:3,0:0:1,2,1,True,False,001,001
2a5ab0dbe2e17b9917f6,1:0:0,2:0:0,1:0:0,1:0:0,3:0:0,1:0:0,1,2,True,False,100,100
2a5be45bb562c7ba7616,0:2:0,0:0:2,0:1:0,0:0:1,0:2:2,0:1:1,2,2,False,True,010,001
2aba57e6937bd9bc04bc,1:3:0,0:3:0,1:3:0,0:1:0,1:6:0,1:6:0,4,3,False,True,110,010
2b04ef3b11385653aa59,0:0:1,0:0:1,0:0:1,0:0:1,0:0:2,0:0:1,1,1,True,False,001,001
2b0a4c3632d2428f5737,0:1:0,0:2:0,0:1:0,0:1:0,0:3:0,0:1:0,1,2,True,False,010,010
2b10bb04e5fa757e53f1,0:0:13,1:0:12,0:0:1,1:0:12,1:0:25,1:0:25,13,13,False,True,001,101
2b3b25ba2064ad5f437b,0:0:2,0:0:1,0:0:1,0:0:1,0:0:3,0:0:1,2,1,True,False,001,001
2baee17f8c7c1ee09948,5:0:0,5:0:0,1:0:0,1:0:0,10:0:0,1:0:0,5,5,True,False,100,100
2bd149efa171f5625e3c,0:0:2,0:0:1,0:0:1,0:0:1,0:0:3,0:0:1,2,1,True,False,001,001
2c21780f0172897475ab,0:0:5,2:2:2,0:0:1,1:1:1,2:2:7,2:2:7,5,6,False,True,001,111
2c6c0176c7200310679e,0:0:1,0:0:1,0:0:1,0:0:1,0:0:2,0:0:1,1,1,True,False,001,001
2c722892ad9e06b58af0,0:0:1,0:0:2,0:0:1,0:0:1,0:0:3,0:0:1,1,2,True,False,001,001
2c8db1352f08e4300214,0:0:1,0:0:1,0:0:1,0:0:1,0:0:2,0:0:1,1,1,True,False,001,001
2ca44eea511fc6ed1845,0:0:1,0:0:1,0:0:1,0:0:1,0:0:2,0:0:1,1,1,True,False,001,001
2cde166ccd8d047f8563,0:0:1,0:0:1,0:0:1,0:0:1,0:0:2,0:0:1,1,1,True,False,001,001
2ce03176ad364c9abffc,0:0:3,0:0:4,0:0:1,0:0:1,0:0:7,0:0:1,3,4,True,False,001,001
2ce2dd95d5f8935b82f8,0:0:2,0:0:3,0:0:1,0:0:1,0:0:5,0:0:1,2,3,True,False,001,001
2ced6d880e4e3602d7e6,0:1:1,0:1:1,0:1:1,0:1:1,0:2:2,0:1:1,2,2,True,False,011,011
2d252b584eaf74ae15b1,0:1:0,0:1:0,0:1:0,0:1:0,0:2:0,0:1:0,1,1,True,False,010,010
2d3691c853e71c53f26b,2:4:0,0:2:0,1:2:0,0:1:0,2:6:0,1:3:0,6,2,False,True,110,010
2d4be9d30e5235b3596c,0:0:1,0:0:1,0:0:1,0:0:1,0:0:2,0:0:1,1,1,True,False,001,001
2d54c0f3e9813c15510c,2:0:0,2:1:0,1:0:0,2:1:0,4:1:0,4:1:0,2,3,False,True,100,110
2d80ece541492295eda5,0:0:1,0:0:1,0:0:1,0:0:1,0:0:2,0:0:1,1,1,True,False,001,001
2dcbe24bcc4de505b22d,0:1:1,0:0:2,0:1:1,0:0:1,0:1:3,0:1:3,2,2,False,True,011,001
2dd5851e765df8ee51cf,0:4:0,0:2:0,0:1:0,0:1:0,0:6:0,0:1:0,4,2,True,False,010,010
2e46865b39cb3eb559d1,0:1:2,0:0:1,0:1:2,0:0:1,0:1:3,0:1:3,3,1,False,True,011,001
2e4771ba326b4cb7e169,0:1:0,0:0:1,0:1:0,0:0:1,0:1:1,0:1:1,1,1,False,True,010,001
2e4a86af6706e95dfd8a,0:0:2,0:0:3,0:0:1,0:0:1,0:0:5,0:0:1,2,3,True,False,001,001
2e4e3e0d3c3da13f70c4,2:0:0,4:1:1,1:0:0,4:1:1,6:1:1,6:1:1,2,6,False,True,100,111
2e5c7f345b8d2da8c54d,0:0:1,0:0:1,0:0:1,0:0:1,0:0:2,0:0:1,1,1,True,False,001,001
2e807321ad0864dd3a08,0:0:2,0:0:1,0:0:1,0:0:1,0:0:3,0:0:1,2,1,True,False,001,001
2e83319ddbeaebe419b1,0:0:4,1:0:0,0:0:1,1:0:0,1:0:4,1:0:4,4,1,False,True,001,100
2eb5d82df25cc6e9494e,1:0:0,3:1:0,1:0:0,3:1:0,4:1:0,4:1:0,1,4,False,True,100,110
2f258c9b20d0be600321,0:0:1,0:0:1,0:0:1,0:0:1,0:0:2,0:0:1,1,1,True,False,001,001
2f35ec515de250d461af,0:0:4,0:0:2,0:0:1,0:0:1,0:0:6,0:0:1,4,2,True,False,001,001
2f51b98f4ea291d2f91e,1:1:4,0:1:2,1:1:4,0:1:2,1:2:6,1:2:6,6,3,False,True,111,011
2f5daa6f0d3b90922271,0:2:1,0:0:2,0:2:1,0:0:1,0:2:3,0:2:3,3,2,False,True,011,001
2f6fa3b5972cd7644eb0,1:0:0,0:1:0,1:0:0,0:1:0,1:1:0,1:1:0,1,1,False,True,100,010
2fbcf67edb6583cbaddd,0:0:1,0:0:1,0:0:1,0:0:1,0:0:2,0:0:1,1,1,True,False,001,001
2fc3171045f9be52ca9c,0:0:1,0:0:1,0:0:1,0:0:1,0:0:2,0:0:1,1,1,True,False,001,001
2fd63aedc1b9479b7499,0:3:4,1:4:2,0:3:4,1:4:2,1:7:6,1:7:6,7,7,False,True,011,111
2ff86289277227103240,2:0:0,3:1:0,1:0:0,3:1:0,5:1:0,5:1:0,2,4,False,True,100,110
3032f6a3738b3501ae23,0:0:1,0:0:3,0:0:1,0:0:1,0:0:4,0:0:1,1,3,True,False,001,001
30955460a9ec1d58fe66,0:0:3,0:1:3,0:0:1,0:1:3,0:1:6,0:1:6,3,4,False,True,001,011
309a97ceb327736ab150,0:1:0,0:2:0,0:1:0,0:1:0,0:3:0,0:1:0,1,2,True,False,010,010
30c002f5ab2f4f788bab,0:1:2,0:1:2,0:1:2,0:1:2,0:2:4,0:1:2,3,3,True,False,011,011
30dfec36fbeb4d80501c,0:2:0,0:4:0,0:1:0,0:1:0,0:6:0,0:1:0,2,4,True,False,010,010
30e99631b9e44ce92254,0:0:2,0:0:1,0:0:1,0:0:1,0:0:3,0:0:1,2,1,True,False,001,001
30fe56cde5525ea81c4d,0:0:1,0:0:1,0:0:1,0:0:1,0:0:2,0:0:1,1,1,True,False,001,001
315c86f35e758cd70575,0:0:2,0:0:1,0:0:1,0:0:1,0:0:3,0:0:1,2,1,True,False,001,001
317043e854f3fedee5be,0:0:2,0:0:2,0:0:1,0:0:1,0:0:4,0:0:1,2,2,True,False,001,001
3177776b4723701e80fa,0:0:1,0:1:0,0:0:1,0:1:0,0:1:1,0:1:1,1,1,False,True,001,010
317f130145b555ac8dd1,0:1:26,0:0:25,0:1:26,0:0:1,0:1:51,0:1:51,27,25,False,True,011,001
31aff1e637521b2a4db2,0:0:2,0:0:3,0:0:1,0:0:1,0:0:5,0:0:1,2,3,True,False,001,001
3200950556218a8f82df,0:0:1,0:0:1,0:0:1,0:0:1,0:0:2,0:0:1,1,1,True,False,001,001
3246425ac21e1c7b3343,0:0:6,0:0:7,0:0:1,0:0:1,0:0:13,0:0:1,6,7,True,False,001,001
325392065ad6ad88368c,0:1:0,0:3:1,0:1:0,0:3:1,0:4:1,0:4:1,1,4,False,True,010,011
328d925b065f1201891d,0:0:1,0:0:2,0:0:1,0:0:1,0:0:3,0:0:1,1,2,True,False,001,001
32ac52d3fd100ba3e9e7,0:0:2,0:0:2,0:0:1,0:0:1,0:0:4,0:0:1,2,2,True,False,001,001
32b98aee92daed382827,0:0:1,0:1:3,0:0:1,0:1:3,0:1:4,0:1:4,1,4,False,True,001,011
3317a390e6214e393c1a,0:0:3,2:1:4,0:0:1,2:1:4,2:1:7,2:1:7,3,7,False,True,001,111
3357f278a7b8ffc1f5c2,0:1:0,1:0:0,0:1:0,1:0:0,1:1:0,1:1:0,1,1,False,True,010,100
33ab45da6d41aeb4bed6,0:1:0,0:0:1,0:1:0,0:0:1,0:1:1,0:1:1,1,1,False,True,010,001
33d551e3054333f8b59f,0:4:0,1:10:0,0:1:0,1:10:0,1:14:0,1:14:0,4,11,False,True,010,110
343061008e64439e2702,0:0:1,0:0:1,0:0:1,0:0:1,0:0:2,0:0:1,1,1,True,False,001,001
34325a5dda7b0e68efd0,0:1:0,0:0:1,0:1:0,0:0:1,0:1:1,0:1:1,1,1,False,True,010,001
34833ed19cd714ce87e1,1:29:0,1:31:0,1:29:0,1:31:0,2:60:0,1:30:0,30,32,False,True,110,110
34ae33eb34fbcad2ee4f,0:1:0,0:1:0,0:1:0,0:1:0,0:2:0,0:1:0,1,1,True,False,010,010
34ca1a21ded24e7a865c,0:1:1,0:0:2,0:1:1,0:0:1,0:1:3,0:1:3,2,2,False,True,011,001
350c4f338e5f12adee25,0:1:0,5:1:0,0:1:0,5:1:0,5:2:0,5:2:0,1,6,False,True,010,110
35191b39e246208c48a0,0:1:0,0:0:1,0:1:0,0:0:1,0:1:1,0:1:1,1,1,False,True,010,001
357d8496ec76022cacfb,0:0:1,0:1:0,0:0:1,0:1:0,0:1:1,0:1:1,1,1,False,True,001,010
357e3f6f0e6233e44e1c,1:0:0,3:0:0,1:0:0,1:0:0,4:0:0,1:0:0,1,3,True,False,100,100
35a1714dcf7ca2fe930f,0:1:0,0:1:0,0:1:0,0:1:0,0:2:0,0:1:0,1,1,True,False,010,010
35aff849198f30943ee0,0:0:1,0:0:3,0:0:1,0:0:1,0:0:4,0:0:1,1,3,True,False,001,001
35e0becec1e2dbcc343b,0:0:1,0:0:1,0:0:1,0:0:1,0:0:2,0:0:1,1,1,True,False,001,001
35e799a60af7cab5db29,0:0:1,0:1:0,0:0:1,0:1:0,0:1:1,0:1:1,1,1,False,True,001,010
36139505237b6a353c12,0:0:1,0:0:1,0:0:1,0:0:1,0:0:2,0:0:1,1,1,True,False,001,001
3622383eee1715b4db79,1:0:0,0:4:0,1:0:0,0:1:0,1:4:0,1:4:0,1,4,False,True,100,010
36423d505b1f3434f4bf,0:0:1,0:0:1,0:0:1,0:0:1,0:0:2,0:0:1,1,1,True,False,001,001
364d185b83f4d215e315,0:1:0,0:2:0,0:1:0,0:1:0,0:3:0,0:1:0,1,2,True,False,010,010
366b625b6aa6e40b2009,0:0:1,0:0:2,0:0:1,0:0:1,0:0:3,0:0:1,1,2,True,False,001,001
36c5414a02c9c73c8048,0:7:0,1:13:0,0:1:0,1:13:0,1:20:0,1:20:0,7,14,False,True,010,110
36d5167977ac6565a525,0:0:1,0:0:1,0:0:1,0:0:1,0:0:2,0:0:1,1,1,True,False,001,001
36daddd6fe1e29ff989a,4:69:0,6:41:0,4:69:0,6:41:0,10:110:0,1:11:0,73,47,False,True,110,110
36f9230be34fcddf94d1,1:1:5,0:4:5,1:1:5,0:4:5,1:5:10,1:5:10,7,9,False,True,111,011
3755801167d0c02204ca,0:1:1,0:2:2,0:1:1,0:1:1,0:3:3,0:1:1,2,4,True,False,011,011
3771d1dcfcf183648ad3,0:0:2,0:0:3,0:0:1,0:0:1,0:0:5,0:0:1,2,3,True,False,001,001
377ff4b651fd29469bb2,0:0:4,0:0:1,0:0:1,0:0:1,0:0:5,0:0:1,4,1,True,False,001,001
379fed8330f11f93dad1,0:3:2,0:5:8,0:3:2,0:5:8,0:8:10,0:4:5,5,13,False,True,011,011
37c796124ab44f47e51d,0:0:2,0:1:1,0:0:1,0:1:1,0:1:3,0:1:3,2,2,False,True,001,011
386572fe2c05c53125a0,0:0:1,0:0:1,0:0:1,0:0:1,0:0:2,0:0:1,1,1,True,False,001,001
3880ea29e23c5df841aa,0:0:3,0:0:1,0:0:1,0:0:1,0:0:4,0:0:1,3,1,True,False,001,001
38cde6af39a3daf2c1fa,0:0:1,0:1:0,0:0:1,0:1:0,0:1:1,0:1:1,1,1,False,True,001,010
38eab212134683885c24,0:0:1,0:0:2,0:0:1,0:0:1,0:0:3,0:0:1,1,2,True,False,001,001
3973c724c8da6955f3ae,0:3:0,0:1:0,0:1:0,0:1:0,0:4:0,0:1:0,3,1,True,False,010,010
39763446ffd702efe65b,0:1:0,0:1:0,0:1:0,0:1:0,0:2:0,0:1:0,1,1,True,False,010,010
39b0a6747f1bd3944319,1:0:2,0:0:3,1:0:2,0:0:1,1:0:5,1:0:5,3,3,False,True,101,001
39c4d743f8a52224c762,0:0:4,0:0:1,0:0:1,0:0:1,0:0:5,0:0:1,4,1,True,False,001,001
39dd4bb9a3c18a57668b,0:0:3,0:0:2,0:0:1,0:0:1,0:0:5,0:0:1,3,2,True,False,001,001
39e42667ea8e8e71fbf7,1:1:1,1:1:0,1:1:1,1:1:0,2:2:1,2:2:1,3,2,False,True,111,110
3a183f9ab31399006fc2,0:0:1,0:0:1,0:0:1,0:0:1,0:0:2,0:0:1,1,1,True,False,001,001
3a309760c4708b68d4be,0:0:1,1:0:1,0:0:1,1:0:1,1:0:2,1:0:2,1,2,False,True,001,101
3a6f1478d0049eabed7a,0:0:6,0:0:1,0:0:1,0:0:1,0:0:7,0:0:1,6,1,True,False,001,001
3a71de2c2883db3f3106,0:2:0,0:1:0,0:1:0,0:1:0,0:3:0,0:1:0,2,1,True,False,010,010
3ab1d618af24a8a7e016,0:0:1,0:0:2,0:0:1,0:0:1,0:0:3,0:0:1,1,2,True,False,001,001
3ac1e3eb4c6f9eb27938,0:0:3,0:0:1,0:0:1,0:0:1,0:0:4,0:0:1,3,1,True,False,001,001
3add6fe1f3565c20e108,0:0:1,0:2:4,0:0:1,0:1:2,0:2:5,0:2:5,1,6,False,True,001,011
3b07f3bbbd6722c22df1,26:8:0,51:5:0,13:4:0,51:5:0,77:13:0,77:13:0,34,56,False,True,110,110
3b8dd0e7c23dc7771480,0:2:0,0:1:0,0:1:0,0:1:0,0:3:0,0:1:0,2,1,True,False,010,010
3bca3152eacf0a7bab68,0:1:0,0:1:0,0:1:0,0:1:0,0:2:0,0:1:0,1,1,True,False,010,010
3bdec229f2b4aac59319,0:0:3,0:0:1,0:0:1,0:0:1,0:0:4,0:0:1,3,1,True,False,001,001
3c0ff3aca90ddc37f67d,0:1:0,0:1:0,0:1:0,0:1:0,0:2:0,0:1:0,1,1,True,False,010,010
3c30072e5afeba24c183,2:2:1,7:3:0,2:2:1,7:3:0,9:5:1,9:5:1,5,10,False,True,111,110
3c48996924151c23cfb7,0:0:2,0:0:2,0:0:1,0:0:1,0:0:4,0:0:1,2,2,True,False,001,001
3c7e5debc594496f2736,0:0:1,0:0:1,0:0:1,0:0:1,0:0:2,0:0:1,1,1,True,False,001,001
3c9675e06bef3b9786cf,0:0:4,0:0:1,0:0:1,0:0:1,0:0:5,0:0:1,4,1,True,False,001,001
3c9d02af8ec154728191,0:1:6,0:1:1,0:1:6,0:1:1,0:2:7,0:2:7,7,2,False,True,011,011
3cc4f64559d13987b341,0:2:1,0:5:1,0:2:1,0:5:1,0:7:2,0:7:2,3,6,False,True,011,011
3ccd8bcb6fec9ad23374,0:2:0,1:4:0,0:1:0,1:4:0,1:6:0,1:6:0,2,5,False,True,010,110
3cd6dff3d859f6b7e05c,1:2:0,1:4:0,1:2:0,1:4:0,2:6:0,1:3:0,3,5,False,True,110,110
3d08a84b4a9881aa3f60,0:1:0,0:1:0,0:1:0,0:1:0,0:2:0,0:1:0,1,1,True,False,010,010
3d206e8cd6704931fab6,0:0:2,0:0:1,0:0:1,0:0:1,0:0:3,0:0:1,2,1,True,False,001,001
3d3bd40b473265a8be45,0:6:0,0:1:0,0:1:0,0:1:0,0:7:0,0:1:0,6,1,True,False,010,010
3d3c6d89d4e5fef0137c,0:0:2,0:0:2,0:0:1,0:0:1,0:0:4,0:0:1,2,2,True,False,001,001
3d42357e289242e6a54e,1:0:0,0:0:3,1:0:0,0:0:1,1:0:3,1:0:3,1,3,False,True,100,001
3d5419f7ad8483d10145,0:0:2,0:0:5,0:0:1,0:0:1,0:0:7,0:0:1,2,5,True,False,001,001
3d82a9dfea07f6481216,0:0:1,5:6:0,0:0:1,5:6:0,5:6:1,5:6:1,1,11,False,True,001,110
3dad5cd11df1133ed2c2,1:1:0,0:0:2,1:1:0,0:0:1,1:1:2,1:1:2,2,2,False,True,110,001
3de8906d1e4e9318eb19,0:1:0,0:1:0,0:1:0,0:1:0,0:2:0,0:1:0,1,1,True,False,010,010
3dea38a6968104a46318,0:1:1,1:2:3,0:1:1,1:2:3,1:3:4,1:3:4,2,6,False,True,011,111
3e303a6a7ad1cfca88f9,0:0:1,0:3:0,0:0:1,0:1:0,0:3:1,0:3:1,1,3,False,True,001,010
3e8285c4f9d4bd28ac81,0:0:1,0:0:2,0:0:1,0:0:1,0:0:3,0:0:1,1,2,True,False,001,001
3eb62746b6dc3922921d,0:0:18,1:0:15,0:0:1,1:0:15,1:0:33,1:0:33,18,16,False,True,001,101
3f090c23f92c5191b4d7,0:0:3,0:0:2,0:0:1,0:0:1,0:0:5,0:0:1,3,2,True,False,001,001
3f0941e1eab41af35291,0:1:0,0:0:2,0:1:0,0:0:1,0:1:2,0:1:2,1,2,False,True,010,001
3f1e85fe14835f893b46,0:0:1,0:1:0,0:0:1,0:1:0,0:1:1,0:1:1,1,1,False,True,001,010
3f37c4aa9fb88cfb2e36,0:0:1,1:0:0,0:0:1,1:0:0,1:0:1,1:0:1,1,1,False,True,001,100
3f7612a752aff61fa620,0:0:2,0:0:1,0:0:1,0:0:1,0:0:3,0:0:1,2,1,True,False,001,001
40147506db66bab27a18,0:1:2,0:0:2,0:1:2,0:0:1,0:1:4,0:1:4,3,2,False,True,011,001
403efa18f5141b55453f,0:1:0,0:0:1,0:1:0,0:0:1,0:1:1,0:1:1,1,1,False,True,010,001
403fb974edc024cdc6cd,3:0:0,0:1:1,1:0:0,0:1:1,3:1:1,3:1:1,3,2,False,True,100,011
4069e3a81166e0199fb5,0:1:2,0:0:1,0:1:2,0:0:1,0:1:3,0:1:3,3,1,False,True,011,001
408496fef481ca0f5a8c,0:0:1,0:0:1,0:0:1,0:0:1,0:0:2,0:0:1,1,1,True,False,001,001
408fcabeaafa3f640529,0:0:3,0:1:2,0:0:1,0:1:2,0:1:5,0:1:5,3,3,False,True,001,011
409a920223fb77ca7ae3,0:0:1,0:0:1,0:0:1,0:0:1,0:0:2,0:0:1,1,1,True,False,001,001
40c38e5ee68db09a1bbd,0:0:1,0:0:5,0:0:1,0:0:1,0:0:6,0:0:1,1,5,True,False,001,001
40ecb6a31bb9483b2b93,0:0:3,0:0:2,0:0:1,0:0:1,0:0:5,0:0:1,3,2,True,False,001,001
4196aee9f4c655160083,1:0:0,1:0:0,1:0:0,1:0:0,2:0:0,1:0:0,1,1,True,False,100,100
41cecdc55b876e8bb2b4,0:0:7,0:0:5,0:0:1,0:0:1,0:0:12,0:0:1,7,5,True,False,001,001
42291751ada2cf59665d,0:1:0,0:2:1,0:1:0,0:2:1,0:3:1,0:3:1,1,3,False,True,010,011
422e8112c1a4652c8965,0:0:1,0:0:2,0:0:1,0:0:1,0:0:3,0:0:1,1,2,True,False,001,001
42303e2fade54ca72981,0:0:2,0:0:1,0:0:1,0:0:1,0:0:3,0:0:1,2,1,True,False,001,001
42539a3e54c6ce05d2b3,0:8:0,0:14:0,0:1:0,0:1:0,0:22:0,0:1:0,8,14,True,False,010,010
42724c71fd0b75bfa338,2:0:0,2:2:0,1:0:0,1:1:0,4:2:0,2:1:0,2,4,False,True,100,110
429780722b41db2484de,0:7:1,0:6:1,0:7:1,0:6:1,0:13:2,0:13:2,8,7,False,True,011,011
42cd93f9141fba3f6d9c,0:2:0,0:3:0,0:1:0,0:1:0,0:5:0,0:1:0,2,3,True,False,010,010
431846026639dca1f43a,0:0:2,0:0:1,0:0:1,0:0:1,0:0:3,0:0:1,2,1,True,False,001,001
4334ce0fb3422d9d8f0d,0:0:2,0:2:0,0:0:1,0:1:0,0:2:2,0:1:1,2,2,False,True,001,010
438ebf753be0110a71d2,0:0:1,0:0:1,0:0:1,0:0:1,0:0:2,0:0:1,1,1,True,False,001,001
43c297d410976c45d9ad,0:1:0,0:0:1,0:1:0,0:0:1,0:1:1,0:1:1,1,1,False,True,010,001
43d80167e181c1836346,0:0:1,0:0:1,0:0:1,0:0:1,0:0:2,0:0:1,1,1,True,False,001,001
43d90390a6572b9d7fe7,0:0:2,0:0:1,0:0:1,0:0:1,0:0:3,0:0:1,2,1,True,False,001,001
43e36b36c39142c5755c,1:0:0,0:0:1,1:0:0,0:0:1,1:0:1,1:0:1,1,1,False,True,100,001
43ecffdad9ae990e3c43,0:4:0,0:2:0,0:1:0,0:1:0,0:6:0,0:1:0,4,2,True,False,010,010
43f7556d47fd47209dc5,0:0:4,0:1:4,0:0:1,0:1:4,0:1:8,0:1:8,4,5,False,True,001,011
4407f949b5fa13142641,0:0:6,0:1:2,0:0:1,0:1:2,0:1:8,0:1:8,6,3,False,True,001,011
44113fcff2513833a31c,0:0:1,0:0:1,0:0:1,0:0:1,0:0:2,0:0:1,1,1,True,False,001,001
449a385fcb2de824291d,0:0:3,0:0:1,0:0:1,0:0:1,0:0:4,0:0:1,3,1,True,False,001,001
449dd4347fe2d092f98f,0:1:0,0:1:1,0:1:0,0:1:1,0:2:1,0:2:1,1,2,False,True,010,011
44a123116fa4b810848d,0:0:1,0:0:1,0:0:1,0:0:1,0:0:2,0:0:1,1,1,True,False,001,001
44a2365be62dafa23bae,0:1:0,0:0:1,0:1:0,0:0:1,0:1:1,0:1:1,1,1,False,True,010,001
44bc92905ff3651ce6b6,0:0:1,0:0:3,0:0:1,0:0:1,0:0:4,0:0:1,1,3,True,False,001,001
44d48d46799921a8fba6,0:0:1,0:0:2,0:0:1,0:0:1,0:0:3,0:0:1,1,2,True,False,001,001
44ed6dcd6dfad1e64a87,0:0:1,1:0:0,0:0:1,1:0:0,1:0:1,1:0:1,1,1,False,True,001,100
44ef4f9c5d80b9034030,0:0:2,0:0:1,0:0:1,0:0:1,0:0:3,0:0:1,2,1,True,False,001,001
4502c15f129bff7de7e2,1:2:0,0:1:0,1:2:0,0:1:0,1:3:0,1:3:0,3,1,False,True,110,010
45051b23edeba49116df,0:0:14,0:4:13,0:0:1,0:4:13,0:4:27,0:4:27,14,17,False,True,001,011
45067ea199f3d4c6d217,0:1:0,0:1:3,0:1:0,0:1:3,0:2:3,0:2:3,1,4,False,True,010,011
45088534a12b90a8622c,1:0:0,5:1:0,1:0:0,5:1:0,6:1:0,6:1:0,1,6,False,True,100,110
452de0874571e75ada2e,0:0:2,0:0:1,0:0:1,0:0:1,0:0:3,0:0:1,2,1,True,False,001,001
45501c3b4f7609f2c79d,0:0:1,0:0:1,0:0:1,0:0:1,0:0:2,0:0:1,1,1,True,False,001,001
45c6f25bd3312e2384df,0:1:0,1:0:0,0:1:0,1:0:0,1:1:0,1:1:0,1,1,False,True,010,100
464b57d1a8ecded05b1c,0:1:0,2:2:0,0:1:0,1:1:0,2:3:0,2:3:0,1,4,False,True,010,110
466cb5e0164b85b47f31,0:18:0,2:19:0,0:1:0,2:19:0,2:37:0,2:37:0,18,21,False,True,010,110
472f814544afa8ba1f44,0:0:3,0:0:4,0:0:1,0:0:1,0:0:7,0:0:1,3,4,True,False,001,001
4739fa44798f16f7faf9,0:0:1,0:0:2,0:0:1,0:0:1,0:0:3,0:0:1,1,2,True,False,001,001
473ca3b6685b9502cb46,0:0:1,0:0:1,0:0:1,0:0:1,0:0:2,0:0:1,1,1,True,False,001,001
474afb76f52853a07bd0,0:3:0,0:6:0,0:1:0,0:1:0,0:9:0,0:1:0,3,6,True,False,010,010
477c750a575089a5cae0,0:0:1,0:0:1,0:0:1,0:0:1,0:0:2,0:0:1,1,1,True,False,001,001
478fd3a9ddbc5367e0bd,0:0:2,0:0:1,0:0:1,0:0:1,0:0:3,0:0:1,2,1,True,False,001,001
47a0f7a9817f2bf0069b,0:0:1,1:0:1,0:0:1,1:0:1,1:0:2,1:0:2,1,2,False,True,001,101
47b64c2d6acadb491ba6,0:0:3,0:0:1,0:0:1,0:0:1,0:0:4,0:0:1,3,1,True,False,001,001
4827106902a58fabca2a,0:0:1,0:0:3,0:0:1,0:0:1,0:0:4,0:0:1,1,3,True,False,001,001
4835edd83fa2c6f84a85,0:3:4,1:0:4,0:3:4,1:0:4,1:3:8,1:3:8,7,5,False,True,011,101
487de45d782560ef9ed5,0:0:6,0:0:5,0:0:1,0:0:1,0:0:11,0:0:1,6,5,True,False,001,001
487ef958ed0a51d84496,1:0:0,0:2:0,1:0:0,0:1:0,1:2:0,1:2:0,1,2,False,True,100,010
48d425717c25f2c8af14,0:0:1,1:0:0,0:0:1,1:0:0,1:0:1,1:0:1,1,1,False,True,001,100
48e827d896d05f3af5bd,0:0:5,0:0:8,0:0:1,0:0:1,0:0:13,0:0:1,5,8,True,False,001,001
491ba29b1492b21a5f91,0:2:0,0:0:2,0:1:0,0:0:1,0:2:2,0:1:1,2,2,False,True,010,001
493af3da9a238df7b671,0:0:4,0:0:1,0:0:1,0:0:1,0:0:5,0:0:1,4,1,True,False,001,001
494d134c56cd11f071ad,0:0:1,0:0:1,0:0:1,0:0:1,0:0:2,0:0:1,1,1,True,False,001,001
497d462eb4a902f5c797,0:0:1,0:1:4,0:0:1,0:1:4,0:1:5,0:1:5,1,5,False,True,001,011
498f6de41a7f967be257,0:1:6,0:0:7,0:1:6,0:0:1,0:1:13,0:1:13,7,7,False,True,011,001
4a02811e8e13a1f6b054,0:0:1,0:1:0,0:0:1,0:1:0,0:1:1,0:1:1,1,1,False,True,001,010
4a6c10afe5f65aab2025,0:1:0,0:1:0,0:1:0,0:1:0,0:2:0,0:1:0,1,1,True,False,010,010
4aa748085e8b0889fc51,0:0:2,0:0:2,0:0:1,0:0:1,0:0:4,0:0:1,2,2,True,False,001,001
4ab4cb9788a4d56cffc9,0:1:3,0:0:3,0:1:3,0:0:1,0:1:6,0:1:6,4,3,False,True,011,001
4ac295f24301c0eb0df6,1:0:0,0:1:0,1:0:0,0:1:0,1:1:0,1:1:0,1,1,False,True,100,010
4b31b21d50dec9099e4d,0:0:1,0:1:1,0:0:1,0:1:1,0:1:2,0:1:2,1,2,False,True,001,011
4ba10c567cb98637591b,1:0:1,1:0:0,1:0:1,1:0:0,2:0:1,2:0:1,2,1,False,True,101,100
4be314aad9deb6477cdb,0:1:0,0:1:0,0:1:0,0:1:0,0:2:0,0:1:0,1,1,True,False,010,010
4c07c6e3e6be14d9b21d,0:0:2,1:0:1,0:0:1,1:0:1,1:0:3,1:0:3,2,2,False,True,001,101
4c0a18e5f8ac4365beb5,0:0:1,0:0:1,0:0:1,0:0:1,0:0:2,0:0:1,1,1,True,False,001,001
4c286b321f2a5662c986,0:0:1,0:0:1,0:0:1,0:0:1,0:0:2,0:0:1,1,1,True,False,001,001
4c413035dc7d8c839054,0:0:1,0:0:1,0:0:1,0:0:1,0:0:2,0:0:1,1,1,True,False,001,001
4c7737303e95de9a360b,0:0:12,0:0:23,0:0:1,0:0:1,0:0:35,0:0:1,12,23,True,False,001,001
4c96ce73f322f565e52b,0:0:1,0:0:1,0:0:1,0:0:1,0:0:2,0:0:1,1,1,True,False,001,001
4c9a74068552f073d993,0:2:3,0:2:0,0:2:3,0:1:0,0:4:3,0:4:3,5,2,False,True,011,010
4ca722f5d2bdee4d4686,0:0:1,0:0:1,0:0:1,0:0:1,0:0:2,0:0:1,1,1,True,False,001,001
4ce459770631357f9a30,1:0:3,0:1:7,1:0:3,0:1:7,1:1:10,1:1:10,4,8,False,True,101,011
4d1487e0c34a6c96c2ae,1:11:0,0:9:0,1:11:0,0:1:0,1:20:0,1:20:0,12,9,False,True,110,010
4d2442a10f6f45a0f801,0:0:2,0:3:1,0:0:1,0:3:1,0:3:3,0:1:1,2,4,False,True,001,011
4d8a5a974cdb29a251bd,0:3:0,0:4:0,0:1:0,0:1:0,0:7:0,0:1:0,3,4,True,False,010,010
4d9f6a2932314dc12e8a,0:2:0,0:2:0,0:1:0,0:1:0,0:4:0,0:1:0,2,2,True,False,010,010
4dd9846c580467812c35,1:2:0,0:2:0,1:2:0,0:1:0,1:4:0,1:4:0,3,2,False,True,110,010
4e1ff68714af6341ce95,0:0:1,0:0:1,0:0:1,0:0:1,0:0:2,0:0:1,1,1,True,False,001,001
4e22fb941f6d7f241b8b,0:0:4,0:0:4,0:0:1,0:0:1,0:0:8,0:0:1,4,4,True,False,001,001
4e704fc2b4ba67202074,2:0:0,3:0:0,1:0:0,1:0:0,5:0:0,1:0:0,2,3,True,False,100,100
4e7b1e5ceef0e0019522,1:0:0,2:3:0,1:0:0,2:3:0,3:3:0,1:1:0,1,5,False,True,100,110
4e7ddf961e6a5b877e2c,0:0:4,0:0:4,0:0:1,0:0:1,0:0:8,0:0:1,4,4,True,False,001,001
4f089da77225f6874cd4,3:3:1,2:6:0,3:3:1,1:3:0,5:9:1,5:9:1,7,8,False,True,111,110
4f08e19932ecfcc7a8f3,0:0:6,0:0:11,0:0:1,0:0:1,0:0:17,0:0:1,6,11,True,False,001,001
4f301a50fe646c2bfdbd,0:0:2,0:1:2,0:0:1,0:1:2,0:1:4,0:1:4,2,3,False,True,001,011
4f4127f967de214ce560,0:3:0,0:8:0,0:1:0,0:1:0,0:11:0,0:1:0,3,8,True,False,010,010
4f54c0a6532873ca23cb,0:0:14,0:0:7,0:0:1,0:0:1,0:0:21,0:0:1,14,7,True,False,001,001
4fdee8b6334702c0e809,0:0:15,0:1:13,0:0:1,0:1:13,0:1:28,0:1:28,15,14,False,True,001,011
500f8ca81c91f1395a69,0:1:0,0:0:2,0:1:0,0:0:1,0:1:2,0:1:2,1,2,False,True,010,001
501a3ad99215efcbeb51,0:0:6,0:1:3,0:0:1,0:1:3,0:1:9,0:1:9,6,4,False,True,001,011
50406330a2d9549fc7d2,6:21:0,3:17:0,2:7:0,3:17:0,9:38:0,9:38:0,27,20,False,True,110,110
5064b4779ad7409bdbdc,0:1:0,0:0:1,0:1:0,0:0:1,0:1:1,0:1:1,1,1,False,True,010,001
5088d4404f0479f5a613,0:0:1,0:1:0,0:0:1,0:1:0,0:1:1,0:1:1,1,1,False,True,001,010
50919ecedb2725c68aa6,0:0:1,0:0:2,0:0:1,0:0:1,0:0:3,0:0:1,1,2,True,False,001,001
50ab621b97195fcadebe,0:0:1,0:0:1,0:0:1,0:0:1,0:0:2,0:0:1,1,1,True,False,001,001
50d52e7a66dcc1eed7e9,0:0:2,0:1:1,0:0:1,0:1:1,0:1:3,0:1:3,2,2,False,True,001,011
511f17a11c26250eb4f7,0:0:1,0:0:1,0:0:1,0:0:1,0:0:2,0:0:1,1,1,True,False,001,001
514096ca5599c8472038,2:1:1,8:5:1,2:1:1,8:5:1,10:6:2,5:3:1,4,14,False,True,111,111
517a04aa7e0438d82c2f,0:0:2,0:0:2,0:0:1,0:0:1,0:0:4,0:0:1,2,2,True,False,001,001
519f2e69973dafd8b207,0:0:2,0:0:1,0:0:1,0:0:1,0:0:3,0:0:1,2,1,True,False,001,001
51d0d267f1284aec7d5e,0:0:1,0:1:0,0:0:1,0:1:0,0:1:1,0:1:1,1,1,False,True,001,010
51e5fac289daaa7e556a,0:0:1,0:0:2,0:0:1,0:0:1,0:0:3,0:0:1,1,2,True,False,001,001
5221523f452129457535,0:0:1,0:0:1,0:0:1,0:0:1,0:0:2,0:0:1,1,1,True,False,001,001
5226ea08080280dd5e43,0:2:0,0:5:0,0:1:0,0:1:0,0:7:0,0:1:0,2,5,True,False,010,010
524679e4c438945a0b6b,0:0:1,0:0:2,0:0:1,0:0:1,0:0:3,0:0:1,1,2,True,False,001,001
527a4461630ffad482b9,3:53:0,4:48:0,3:53:0,1:12:0,7:101:0,7:101:0,56,52,False,True,110,110
528c6816e735ea84d85e,0:1:17,0:0:14,0:1:17,0:0:1,0:1:31,0:1:31,18,14,False,True,011,001
52ca1608c2d5303c8efe,0:0:2,0:0:1,0:0:1,0:0:1,0:0:3,0:0:1,2,1,True,False,001,001
534a35bc515699774508,0:1:0,0:4:0,0:1:0,0:1:0,0:5:0,0:1:0,1,4,True,False,010,010
53677de034787c42b913,0:0:2,0:0:2,0:0:1,0:0:1,0:0:4,0:0:1,2,2,True,False,001,001
536b568d0d7ac8e82d4f,0:0:4,0:0:1,0:0:1,0:0:1,0:0:5,0:0:1,4,1,True,False,001,001
53a348d9d11a121e27f5,0:1:0,0:2:0,0:1:0,0:1:0,0:3:0,0:1:0,1,2,True,False,010,010
53d71552ceab5e4ed3a1,0:0:2,0:2:0,0:0:1,0:1:0,0:2:2,0:1:1,2,2,False,True,001,010
53d9513c1da58d4e1103,0:0:1,0:1:0,0:0:1,0:1:0,0:1:1,0:1:1,1,1,False,True,001,010
53e2da3e7ae27dab3db9,0:0:2,0:0:2,0:0:1,0:0:1,0:0:4,0:0:1,2,2,True,False,001,001
53f9c155be22aa47b86b,0:0:2,1:0:0,0:0:1,1:0:0,1:0:2,1:0:2,2,1,False,True,001,100
54739368b77ad820cf57,0:0:5,0:1:2,0:0:1,0:1:2,0:1:7,0:1:7,5,3,False,True,001,011
54857a243a8587e6e5bb,0:0:1,0:0:1,0:0:1,0:0:1,0:0:2,0:0:1,1,1,True,False,001,001
54ad6fabd57db2563c34,0:1:0,0:2:0,0:1:0,0:1:0,0:3:0,0:1:0,1,2,True,False,010,010
54ae0bb9bbd7b766e02d,0:0:1,0:0:2,0:0:1,0:0:1,0:0:3,0:0:1,1,2,True,False,001,001
54b37941df1a0833f25f,0:0:1,0:3:5,0:0:1,0:3:5,0:3:6,0:1:2,1,8,False,True,001,011
54cdda80ab89f00d8e62,0:0:2,0:0:1,0:0:1,0:0:1,0:0:3,0:0:1,2,1,True,False,001,001
5539327f684dd9fd590a,0:2:0,1:1:0,0:1:0,1:1:0,1:3:0,1:3:0,2,2,False,True,010,110
55520cf087a1d2070a80,0:0:6,0:0:4,0:0:1,0:0:1,0:0:10,0:0:1,6,4,True,False,001,001
5564ae4d5785b02a57ce,0:1:5,1:1:2,0:1:5,1:1:2,1:2:7,1:2:7,6,4,False,True,011,111
557d414204e8f9fc87fe,0:0:1,0:0:1,0:0:1,0:0:1,0:0:2,0:0:1,1,1,True,False,001,001
55b7026ed55f7419d847,1:0:0,0:0:1,1:0:0,0:0:1,1:0:1,1:0:1,1,1,False,True,100,001
55f3b6e0b1e9df364395,0:0:1,1:0:1,0:0:1,1:0:1,1:0:2,1:0:2,1,2,False,True,001,101
5600be8301dc1c002668,0:0:1,0:0:2,0:0:1,0:0:1,0:0:3,0:0:1,1,2,True,False,001,001
56054af1772982948c39,0:0:1,0:0:5,0:0:1,0:0:1,0:0:6,0:0:1,1,5,True,False,001,001
5631cb502e79d5263227,0:1:6,0:0:5,0:1:6,0:0:1,0:1:11,0:1:11,7,5,False,True,011,001
5640baff54be49381be8,0:0:1,0:0:1,0:0:1,0:0:1,0:0:2,0:0:1,1,1,True,False,001,001
56c053c6f6a4af81580a,0:0:1,0:0:5,0:0:1,0:0:1,0:0:6,0:0:1,1,5,True,False,001,001
571a55b43db2d56b176c,0:0:1,0:0:2,0:0:1,0:0:1,0:0:3,0:0:1,1,2,True,False,001,001
5753b47b257615a3cc26,0:0:1,0:0:1,0:0:1,0:0:1,0:0:2,0:0:1,1,1,True,False,001,001
57a7038c38929c294847,0:2:0,0:2:0,0:1:0,0:1:0,0:4:0,0:1:0,2,2,True,False,010,010
582a97bf549828bb41ab,0:0:2,0:0:1,0:0:1,0:0:1,0:0:3,0:0:1,2,1,True,False,001,001
58589e4a4d193087109a,0:0:1,0:0:2,0:0:1,0:0:1,0:0:3,0:0:1,1,2,True,False,001,001
58623be2c67235729ffa,0:0:1,0:0:1,0:0:1,0:0:1,0:0:2,0:0:1,1,1,True,False,001,001
5885d236b2dc470ec37e,0:1:0,1:2:0,0:1:0,1:2:0,1:3:0,1:3:0,1,3,False,True,010,110
58ca514b709837ab91ce,3:6:0,1:3:0,1:2:0,1:3:0,4:9:0,4:9:0,9,4,False,True,110,110
59101810e5e367f97585,0:0:2,0:1:1,0:0:1,0:1:1,0:1:3,0:1:3,2,2,False,True,001,011
59107d0de37e509762d5,0:0:1,0:0:1,0:0:1,0:0:1,0:0:2,0:0:1,1,1,True,False,001,001
593209c41101f0ffd1a4,1:4:0,1:3:0,1:4:0,1:3:0,2:7:0,2:7:0,5,4,False,True,110,110
59609ee8a1d170cb7dc6,0:0:1,1:0:0,0:0:1,1:0:0,1:0:1,1:0:1,1,1,False,True,001,100
5971ddbe4711e81f001c,0:0:2,0:1:1,0:0:1,0:1:1,0:1:3,0:1:3,2,2,False,True,001,011
5986598c56e9ad22c920,0:1:0,0:1:0,0:1:0,0:1:0,0:2:0,0:1:0,1,1,True,False,010,010
59b1494917537deebd11,0:2:0,0:1:0,0:1:0,0:1:0,0:3:0,0:1:0,2,1,True,False,010,010
59f3a3dd20f30408afc3,0:1:0,0:0:1,0:1:0,0:0:1,0:1:1,0:1:1,1,1,False,True,010,001
5a2a157feb14a65a7461,0:0:2,1:0:0,0:0:1,1:0:0,1:0:2,1:0:2,2,1,False,True,001,100
5a6574706a534db94c83,0:0:1,1:0:0,0:0:1,1:0:0,1:0:1,1:0:1,1,1,False,True,001,100
5af6fdfb570d71eea1a8,0:0:1,0:0:2,0:0:1,0:0:1,0:0:3,0:0:1,1,2,True,False,001,001
5afbecd565784d27ad49,0:0:5,0:0:1,0:0:1,0:0:1,0:0:6,0:0:1,5,1,True,False,001,001
5b1b15daf1b72f902dfb,0:4:0,2:3:1,0:1:0,2:3:1,2:7:1,2:7:1,4,6,False,True,010,111
5b221db29bd0ea94e9a5,0:0:1,0:0:1,0:0:1,0:0:1,0:0:2,0:0:1,1,1,True,False,001,001
5b456101cc2a0324f649,0:0:1,0:0:1,0:0:1,0:0:1,0:0:2,0:0:1,1,1,True,False,001,001
5b9178846341701a359f,0:0:2,0:0:1,0:0:1,0:0:1,0:0:3,0:0:1,2,1,True,False,001,001
5c1128a33e8215911db0,0:0:2,0:0:2,0:0:1,0:0:1,0:0:4,0:0:1,2,2,True,False,001,001
5c4719faf34043717d23,0:1:0,1:0:0,0:1:0,1:0:0,1:1:0,1:1:0,1,1,False,True,010,100
5c48872f57f2bc29a0af,0:0:1,0:0:1,0:0:1,0:0:1,0:0:2,0:0:1,1,1,True,False,001,001
5c73b4b12b131b705d32,0:14:4,1:11:4,0:7:2,1:11:4,1:25:8,1:25:8,18,16,False,True,011,111
5c8c30826995e82dc779,0:0:1,0:0:1,0:0:1,0:0:1,0:0:2,0:0:1,1,1,True,False,001,001
5ccdb4c8ffdb04ca1819,0:0:2,0:0:4,0:0:1,0:0:1,0:0:6,0:0:1,2,4,True,False,001,001
5d0e8c9f1126e5328bed,0:0:1,0:0:1,0:0:1,0:0:1,0:0:2,0:0:1,1,1,True,False,001,001
5d2d885e46718abe5c3b,0:0:3,0:0:4,0:0:1,0:0:1,0:0:7,0:0:1,3,4,True,False,001,001
5d3ebc57de2bb8f00425,0:1:0,0:1:0,0:1:0,0:1:0,0:2:0,0:1:0,1,1,True,False,010,010
5d404671eed20c0ba730,0:1:19,0:1:20,0:1:19,0:1:20,0:2:39,0:2:39,20,21,False,True,011,011
5d6af9b45966a7a89504,0:1:0,0:1:0,0:1:0,0:1:0,0:2:0,0:1:0,1,1,True,False,010,010
5d6cb3e4e4346d85cc17,0:4:2,1:5:0,0:2:1,1:5:0,1:9:2,1:9:2,6,6,False,True,011,110
5daa08ba11f20d802fd9,0:3:0,0:1:0,0:1:0,0:1:0,0:4:0,0:1:0,3,1,True,False,010,010
5dd50123bd5b15ae4b3d,2:5:0,2:5:0,2:5:0,2:5:0,4:10:0,2:5:0,7,7,True,False,110,110
5e0cc6635c9414562e75,1:0:1,0:1:0,1:0:1,0:1:0,1:1:1,1:1:1,2,1,False,True,101,010
5e3a54022a40cdf59066,0:0:1,0:0:1,0:0:1,0:0:1,0:0:2,0:0:1,1,1,True,False,001,001
5e453c87569532d6020c,0:0:1,0:0:1,0:0:1,0:0:1,0:0:2,0:0:1,1,1,True,False,001,001
5e6ea6d609cc6d73edee,0:1:0,0:1:0,0:1:0,0:1:0,0:2:0,0:1:0,1,1,True,False,010,010
5ea5070a3a49c989c799,0:0:1,0:0:1,0:0:1,0:0:1,0:0:2,0:0:1,1,1,True,False,001,001
5eab2da3f7420da98f1d,0:0:1,0:0:1,0:0:1,0:0:1,0:0:2,0:0:1,1,1,True,False,001,001
5efb48101731473c0dca,0:1:0,0:0:1,0:1:0,0:0:1,0:1:1,0:1:1,1,1,False,True,010,001
5f7b869d7d5d4fff9d0f,0:0:1,0:0:3,0:0:1,0:0:1,0:0:4,0:0:1,1,3,True,False,001,001
5f95aa16618d3c2a4134,0:0:1,0:0:2,0:0:1,0:0:1,0:0:3,0:0:1,1,2,True,False,001,001
5fafa2171ec375e7abd5,0:0:1,0:0:1,0:0:1,0:0:1,0:0:2,0:0:1,1,1,True,False,001,001
5fb5644f783915e0cbad,0:0:2,0:0:1,0:0:1,0:0:1,0:0:3,0:0:1,2,1,True,False,001,001
6008ff9465b651836f87,2:3:3,0:5:1,2:3:3,0:5:1,2:8:4,1:4:2,8,6,False,True,111,011
605b84f669f2402dda0c,0:1:0,1:0:0,0:1:0,1:0:0,1:1:0,1:1:0,1,1,False,True,010,100
60723efce5481b7e29b6,0:0:5,0:0:2,0:0:1,0:0:1,0:0:7,0:0:1,5,2,True,False,001,001
6105a61785000e8d24cf,1:0:0,0:1:0,1:0:0,0:1:0,1:1:0,1:1:0,1,1,False,True,100,010
6147c558a0e8494babd3,1:4:2,0:0:3,1:4:2,0:0:1,1:4:5,1:4:5,7,3,False,True,111,001
6164366f811f909f707a,0:0:1,0:0:1,0:0:1,0:0:1,0:0:2,0:0:1,1,1,True,False,001,001
61aed9245f725fa23eb8,0:0:1,0:0:3,0:0:1,0:0:1,0:0:4,0:0:1,1,3,True,False,001,001
61cbcfba0286e0bf3a8b,0:1:25,0:1:23,0:1:25,0:1:23,0:2:48,0:1:24,26,24,False,True,011,011
621d93d67f2b600550a8,0:0:1,0:0:1,0:0:1,0:0:1,0:0:2,0:0:1,1,1,True,False,001,001
626b6164e5135a448b75,0:3:0,0:2:0,0:1:0,0:1:0,0:5:0,0:1:0,3,2,True,False,010,010
626e983b6d9ef5953a1b,0:0:1,0:0:1,0:0:1,0:0:1,0:0:2,0:0:1,1,1,True,False,001,001
628394b03147afdcd057,0:0:1,0:0:1,0:0:1,0:0:1,0:0:2,0:0:1,1,1,True,False,001,001
628f79b756c569396c85,3:9:0,8:8:0,1:3:0,1:1:0,11:17:0,11:17:0,12,16,False,True,110,110
6295e10d8babe0993fdc,0:0:5,0:0:3,0:0:1,0:0:1,0:0:8,0:0:1,5,3,True,False,001,001
63754ee552351fea7c9a,0:1:0,0:0:1,0:1:0,0:0:1,0:1:1,0:1:1,1,1,False,True,010,001
637be27e04686f0b38ae,0:0:1,0:0:2,0:0:1,0:0:1,0:0:3,0:0:1,1,2,True,False,001,001
639f3aefdac0bf32d310,0:6:0,0:6:0,0:1:0,0:1:0,0:12:0,0:1:0,6,6,True,False,010,010
63d78fd9db1a93ce8678,0:1:4,0:0:4,0:1:4,0:0:1,0:1:8,0:1:8,5,4,False,True,011,001
6402620ee6723af19c8a,1:0:2,0:0:2,1:0:2,0:0:1,1:0:4,1:0:4,3,2,False,True,101,001
642ba4d235ea56d878a8,0:0:2,0:0:1,0:0:1,0:0:1,0:0:3,0:0:1,2,1,True,False,001,001
645c7f9bad77e2299661,0:1:0,0:1:0,0:1:0,0:1:0,0:2:0,0:1:0,1,1,True,False,010,010
645ec4ba34c26c55c36b,0:0:7,0:0:4,0:0:1,0:0:1,0:0:11,0:0:1,7,4,True,False,001,001
647c9ac171da99fab623,0:1:1,1:1:3,0:1:1,1:1:3,1:2:4,1:2:4,2,5,False,True,011,111
64bba5b6bf7c8ad1c06b,0:1:0,0:0:1,0:1:0,0:0:1,0:1:1,0:1:1,1,1,False,True,010,001
64dcfea0d4d40934cf6a,0:1:0,1:2:0,0:1:0,1:2:0,1:3:0,1:3:0,1,3,False,True,010,110
64f8dcb652d7859a6029,0:0:3,0:2:3,0:0:1,0:2:3,0:2:6,0:1:3,3,5,False,True,001,011
65167218887d1f37ae0d,1:0:0,1:0:0,1:0:0,1:0:0,2:0:0,1:0:0,1,1,True,False,100,100
655db5280aac9d15b509,1:12:1,3:8:0,1:12:1,3:8:0,4:20:1,4:20:1,14,11,False,True,111,110
659e2ce83b2800312061,0:1:1,1:0:0,0:1:1,1:0:0,1:1:1,1:1:1,2,1,False,True,011,100
65fa325c0498501bc6e5,0:0:2,0:0:1,0:0:1,0:0:1,0:0:3,0:0:1,2,1,True,False,001,001
662ee6ee29c5a822e36e,0:0:2,0:0:3,0:0:1,0:0:1,0:0:5,0:0:1,2,3,True,False,001,001
662fb1c914811d65072c,0:0:1,0:0:1,0:0:1,0:0:1,0:0:2,0:0:1,1,1,True,False,001,001
6656d5a15eb5a3a30c77,4:4:0,5:3:0,1:1:0,5:3:0,9:7:0,9:7:0,8,8,False,True,110,110
665b114e716cad9f69aa,0:0:1,0:1:0,0:0:1,0:1:0,0:1:1,0:1:1,1,1,False,True,001,010
66e029be2f85fdd64786,0:0:1,0:0:1,0:0:1,0:0:1,0:0:2,0:0:1,1,1,True,False,001,001
66f24b1ca14da80d7659,0:0:1,0:1:0,0:0:1,0:1:0,0:1:1,0:1:1,1,1,False,True,001,010
66f434dd5d2515db6fba,0:34:0,2:42:2,0:1:0,1:21:1,2:76:2,1:38:1,34,46,False,True,010,111
671313935723c5edeeca,0:0:2,0:0:2,0:0:1,0:0:1,0:0:4,0:0:1,2,2,True,False,001,001
67546c374f3e0806b4fd,1:1:0,0:1:0,1:1:0,0:1:0,1:2:0,1:2:0,2,1,False,True,110,010
67656f46ed985db8b818,0:0:2,0:0:2,0:0:1,0:0:1,0:0:4,0:0:1,2,2,True,False,001,001
677a6c9f48942f0d6ec3,0:0:2,1:1:1,0:0:1,1:1:1,1:1:3,1:1:3,2,3,False,True,001,111
67a81b54e98074c77d67,0:3:1,1:3:0,0:3:1,1:3:0,1:6:1,1:6:1,4,4,False,True,011,110
67b71c6b8e7da3ca7f6a,0:0:1,0:0:1,0:0:1,0:0:1,0:0:2,0:0:1,1,1,True,False,001,001
67b890f3bf2b23e255ac,0:0:2,0:0:1,0:0:1,0:0:1,0:0:3,0:0:1,2,1,True,False,001,001
67bb5fa74ceb897fe7b6,0:0:3,0:0:2,0:0:1,0:0:1,0:0:5,0:0:1,3,2,True,False,001,001
67de35c80f445307aef8,0:0:4,0:0:2,0:0:1,0:0:1,0:0:6,0:0:1,4,2,True,False,001,001
682ad464e5182ee27dfe,0:0:3,0:0:2,0:0:1,0:0:1,0:0:5,0:0:1,3,2,True,False,001,001
6871dade160c8b1700d2,1:3:0,1:4:0,1:3:0,1:4:0,2:7:0,2:7:0,4,5,False,True,110,110
68f049b3a5191a553adc,0:2:5,0:4:2,0:2:5,0:2:1,0:6:7,0:6:7,7,6,False,True,011,011
690416194bea05fcbad8,0:0:1,0:2:0,0:0:1,0:1:0,0:2:1,0:2:1,1,2,False,True,001,010
69380dd0c272b534a28f,0:0:1,0:0:2,0:0:1,0:0:1,0:0:3,0:0:1,1,2,True,False,001,001
695bb55583a747b3ca64,0:0:3,1:0:1,0:0:1,1:0:1,1:0:4,1:0:4,3,2,False,True,001,101
696637b85030a28f8ec0,3:2:0,3:4:0,3:2:0,3:4:0,6:6:0,1:1:0,5,7,False,True,110,110
69697afdbd1b8fbbfb5d,0:0:1,0:0:4,0:0:1,0:0:1,0:0:5,0:0:1,1,4,True,False,001,001
69fa5b916475f709f6cf,0:0:2,0:0:3,0:0:1,0:0:1,0:0:5,0:0:1,2,3,True,False,001,001
6a22f3066abbde202007,0:1:1,0:3:0,0:1:1,0:1:0,0:4:1,0:4:1,2,3,False,True,011,010
6a475c29f7fd73c7fed7,0:0:1,0:0:1,0:0:1,0:0:1,0:0:2,0:0:1,1,1,True,False,001,001
6a6ef019a225cf25903b,0:0:4,1:1:1,0:0:1,1:1:1,1:1:5,1:1:5,4,3,False,True,001,111
6a74c8718181a3c5a769,0:0:2,0:0:7,0:0:1,0:0:1,0:0:9,0:0:1,2,7,True,False,001,001
6a7d80bd0d1ba38893ad,4:0:0,2:0:0,1:0:0,1:0:0,6:0:0,1:0:0,4,2,True,False,100,100
6b080b1101d7118a2368,0:4:0,0:3:0,0:1:0,0:1:0,0:7:0,0:1:0,4,3,True,False,010,010
6b24307f4f0f0a96fd54,0:0:1,0:0:1,0:0:1,0:0:1,0:0:2,0:0:1,1,1,True,False,001,001
6b2c696453ab4fad5fda,0:0:1,0:0:2,0:0:1,0:0:1,0:0:3,0:0:1,1,2,True,False,001,001
6b2cbdab7ad5636e49c2,0:0:1,0:0:1,0:0:1,0:0:1,0:0:2,0:0:1,1,1,True,False,001,001
6b768b0a40f1c3bcff79,0:0:1,0:0:2,0:0:1,0:0:1,0:0:3,0:0:1,1,2,True,False,001,001
6bc44ef96ee44f3106e7,0:0:1,0:0:1,0:0:1,0:0:1,0:0:2,0:0:1,1,1,True,False,001,001
6bf18f99f61b8588fd5f,0:0:1,1:1:1,0:0:1,1:1:1,1:1:2,1:1:2,1,3,False,True,001,111
6c6c14558ee40969c21d,0:0:3,0:0:3,0:0:1,0:0:1,0:0:6,0:0:1,3,3,True,False,001,001
6c6c1769ad5e7ad29859,0:0:1,0:0:1,0:0:1,0:0:1,0:0:2,0:0:1,1,1,True,False,001,001
6c6fa419dab1994a1f86,0:1:3,0:0:6,0:1:3,0:0:1,0:1:9,0:1:9,4,6,False,True,011,001
6c6fb1d6b4f6b09952f5,0:1:1,2:1:0,0:1:1,2:1:0,2:2:1,2:2:1,2,3,False,True,011,110
6c7dbdf2b367ae806df6,0:0:3,0:1:1,0:0:1,0:1:1,0:1:4,0:1:4,3,2,False,True,001,011
6c804b521d945b1d1f99,0:0:3,0:0:2,0:0:1,0:0:1,0:0:5,0:0:1,3,2,True,False,001,001
6cc2c612892f2352c4a2,0:0:4,0:1:1,0:0:1,0:1:1,0:1:5,0:1:5,4,2,False,True,001,011
6cd2190cf2eae825a045,0:1:0,1:1:0,0:1:0,1:1:0,1:2:0,1:2:0,1,2,False,True,010,110
6ce4afc02b7a149c3eb9,1:0:9,0:1:5,1:0:9,0:1:5,1:1:14,1:1:14,10,6,False,True,101,011
6cfaa56470899b2ea3da,0:0:2,0:1:1,0:0:1,0:1:1,0:1:3,0:1:3,2,2,False,True,001,011
6cfe964d7d073ed755fd,4:0:1,5:0:4,4:0:1,5:0:4,9:0:5,9:0:5,5,9,False,True,101,101
6d3247db1682390d6006,0:0:1,0:0:1,0:0:1,0:0:1,0:0:2,0:0:1,1,1,True,False,001,001
6d40f062fc36441fe244,0:0:1,0:0:2,0:0:1,0:0:1,0:0:3,0:0:1,1,2,True,False,001,001
6d94b519ba010756c40b,0:0:1,0:0:1,0:0:1,0:0:1,0:0:2,0:0:1,1,1,True,False,001,001
6d9b5f43fe978bc4cc73,0:0:1,0:0:1,0:0:1,0:0:1,0:0:2,0:0:1,1,1,True,False,001,001
6d9c1091b8d1c27205ce,0:0:1,0:0:1,0:0:1,0:0:1,0:0:2,0:0:1,1,1,True,False,001,001
6decc2052fcba1bb2d8c,0:1:1,0:0:2,0:1:1,0:0:1,0:1:3,0:1:3,2,2,False,True,011,001
6dfa8f69a6a09c93b786,0:0:1,0:1:6,0:0:1,0:1:6,0:1:7,0:1:7,1,7,False,True,001,011
6e40ac671361b6af3332,3:2:0,4:4:0,3:2:0,1:1:0,7:6:0,7:6:0,5,8,False,True,110,110
6e58f7c0a966bb9f152b,0:0:1,0:0:1,0:0:1,0:0:1,0:0:2,0:0:1,1,1,True,False,001,001
6eac88884735c9cfcdb2,0:0:2,0:0:6,0:0:1,0:0:1,0:0:8,0:0:1,2,6,True,False,001,001
6eca2fc8d0f231448583,0:1:4,0:0:3,0:1:4,0:0:1,0:1:7,0:1:7,5,3,False,True,011,001
6ed648b0fb3b3d1826c2,0:0:2,0:1:0,0:0:1,0:1:0,0:1:2,0:1:2,2,1,False,True,001,010
6ee838d9cb6fe9eba97f,0:0:5,0:4:0,0:0:1,0:1:0,0:4:5,0:4:5,5,4,False,True,001,010
6f102bad427593465c27,0:0:1,0:0:1,0:0:1,0:0:1,0:0:2,0:0:1,1,1,True,False,001,001
6f15b1b62e0f1105521f,0:2:0,2:3:2,0:1:0,2:3:2,2:5:2,2:5:2,2,7,False,True,010,111
6f484ec713d6b9214a7c,1:0:2,0:0:2,1:0:2,0:0:1,1:0:4,1:0:4,3,2,False,True,101,001
6f9dbebe79a883059287,18:2:0,29:13:0,9:1:0,29:13:0,47:15:0,47:15:0,20,42,False,True,110,110
6fb60ba85411107c7dea,0:0:2,0:0:1,0:0:1,0:0:1,0:0:3,0:0:1,2,1,True,False,001,001
6fc17ca74e5591c3a640,0:0:1,0:1:0,0:0:1,0:1:0,0:1:1,0:1:1,1,1,False,True,001,010
6fd6ee37958a3aede50d,1:1:0,3:1:0,1:1:0,3:1:0,4:2:0,2:1:0,2,4,False,True,110,110
7000b3f43e2171311b29,0:0:3,0:0:2,0:0:1,0:0:1,0:0:5,0:0:1,3,2,True,False,001,001
700b78f264803b3889fe,0:0:1,1:0:1,0:0:1,1:0:1,1:0:2,1:0:2,1,2,False,True,001,101
704c425c6de82aababce,0:0:2,0:0:1,0:0:1,0:0:1,0:0:3,0:0:1,2,1,True,False,001,001
7053eba481c2dc2067ad,0:0:1,0:0:2,0:0:1,0:0:1,0:0:3,0:0:1,1,2,True,False,001,001
71113f6ad4ecdbdbd62e,0:3:0,2:3:0,0:1:0,2:3:0,2:6:0,1:3:0,3,5,False,True,010,110
71208743fa430c704ca0,0:0:7,1:1:0,0:0:1,1:1:0,1:1:7,1:1:7,7,2,False,True,001,110
71279acad7cbeaa76353,0:0:1,0:0:2,0:0:1,0:0:1,0:0:3,0:0:1,1,2,True,False,001,001
7159dadad79a46844203,0:0:1,0:0:2,0:0:1,0:0:1,0:0:3,0:0:1,1,2,True,False,001,001
716a672d9d0e6d06e7c7,0:0:3,0:0:1,0:0:1,0:0:1,0:0:4,0:0:1,3,1,True,False,001,001
717bb0c00eae0ebb2c3c,0:0:1,0:0:1,0:0:1,0:0:1,0:0:2,0:0:1,1,1,True,False,001,001
718bdfbf932d0643735b,0:0:3,0:0:3,0:0:1,0:0:1,0:0:6,0:0:1,3,3,True,False,001,001
71e43bf13efe7b78177d,0:0:2,1:4:3,0:0:1,1:4:3,1:4:5,1:4:5,2,8,False,True,001,111
71f1d3def008732f8099,0:6:0,0:7:1,0:1:0,0:7:1,0:13:1,0:13:1,6,8,False,True,010,011
71f95431dc624b243457,0:0:1,0:0:1,0:0:1,0:0:1,0:0:2,0:0:1,1,1,True,False,001,001
72aed093fbb9f89c2db7,0:0:3,0:0:3,0:0:1,0:0:1,0:0:6,0:0:1,3,3,True,False,001,001
72c2ce5410022ee3288c,0:3:0,1:1:0,0:1:0,1:1:0,1:4:0,1:4:0,3,2,False,True,010,110
734ffeb7e7e7a60fb2ea,0:0:2,0:0:1,0:0:1,0:0:1,0:0:3,0:0:1,2,1,True,False,001,001
7372e1ae94e08154a319,0:0:1,0:1:0,0:0:1,0:1:0,0:1:1,0:1:1,1,1,False,True,001,010
739a7f65683de5ed8514,0:0:2,0:0:1,0:0:1,0:0:1,0:0:3,0:0:1,2,1,True,False,001,001
739f6fc8d1acb5d36cb6,12:10:10,16:10:20,6:5:5,8:5:10,28:20:30,14:10:15,32,46,False,True,111,111
73bd461e71f38412a4da,0:1:0,0:3:0,0:1:0,0:1:0,0:4:0,0:1:0,1,3,True,False,010,010
73c0bfb14b9eb113e6bb,0:0:2,0:0:1,0:0:1,0:0:1,0:0:3,0:0:1,2,1,True,False,001,001
73d8af8c1ff426d9cf71,1:0:0,0:1:0,1:0:0,0:1:0,1:1:0,1:1:0,1,1,False,True,100,010
73e434e7438fd5f2d496,0:0:1,0:0:2,0:0:1,0:0:1,0:0:3,0:0:1,1,2,True,False,001,001
73e4e914786dc65bc93e,0:0:2,0:0:2,0:0:1,0:0:1,0:0:4,0:0:1,2,2,True,False,001,001
73e810dbc4e86d7b57be,0:0:1,0:1:1,0:0:1,0:1:1,0:1:2,0:1:2,1,2,False,True,001,011
73e89e603d7b05f594e1,0:0:1,0:1:0,0:0:1,0:1:0,0:1:1,0:1:1,1,1,False,True,001,010
742cc69d62ffbb0af70f,0:3:1,1:3:0,0:3:1,1:3:0,1:6:1,1:6:1,4,4,False,True,011,110
7437268f29852dd96b91,0:0:2,0:0:4,0:0:1,0:0:1,0:0:6,0:0:1,2,4,True,False,001,001
746c42f38dbb16820758,0:1:0,0:1:0,0:1:0,0:1:0,0:2:0,0:1:0,1,1,True,False,010,010
74c8cc72ee6c622068b1,0:0:2,0:1:2,0:0:1,0:1:2,0:1:4,0:1:4,2,3,False,True,001,011
74eee899c45762a89d70,0:0:3,0:0:1,0:0:1,0:0:1,0:0:4,0:0:1,3,1,True,False,001,001
751d452dc3fbb9cdb8b4,0:0:1,0:0:1,0:0:1,0:0:1,0:0:2,0:0:1,1,1,True,False,001,001
752091587d63f570aa5c,0:0:1,0:1:0,0:0:1,0:1:0,0:1:1,0:1:1,1,1,False,True,001,010
753d4030ffbeb98bad72,0:0:1,0:0:1,0:0:1,0:0:1,0:0:2,0:0:1,1,1,True,False,001,001
7542544b024a63df7d21,0:0:6,0:1:10,0:0:1,0:1:10,0:1:16,0:1:16,6,11,False,True,001,011
754c883f52ec68caa28b,0:2:0,2:3:0,0:1:0,2:3:0,2:5:0,2:5:0,2,5,False,True,010,110
754f00328cf2b7359c82,0:0:3,0:0:2,0:0:1,0:0:1,0:0:5,0:0:1,3,2,True,False,001,001
755f4ace405529848766,0:0:1,0:0:1,0:0:1,0:0:1,0:0:2,0:0:1,1,1,True,False,001,001
75f5592354ce359fe3ee,0:1:0,0:0:1,0:1:0,0:0:1,0:1:1,0:1:1,1,1,False,True,010,001
766d399d2474a0213106,0:0:1,0:0:2,0:0:1,0:0:1,0:0:3,0:0:1,1,2,True,False,001,001
768a713bd8b0d344234a,0:0:1,0:0:1,0:0:1,0:0:1,0:0:2,0:0:1,1,1,True,False,001,001
7697369346c638111f3b,0:1:0,0:2:0,0:1:0,0:1:0,0:3:0,0:1:0,1,2,True,False,010,010
76cd0ae2120de145081a,0:1:1,0:0:1,0:1:1,0:0:1,0:1:2,0:1:2,2,1,False,True,011,001
771a1fcaf4f699c1398e,3:8:0,3:6:0,3:8:0,1:2:0,6:14:0,3:7:0,11,9,False,True,110,110
772bba177e73bf023519,0:6:0,0:5:1,0:1:0,0:5:1,0:11:1,0:11:1,6,6,False,True,010,011
7744732d04f0cec64e5e,0:0:3,0:0:1,0:0:1,0:0:1,0:0:4,0:0:1,3,1,True,False,001,001
77556cbb3bb3718220c0,0:0:1,0:0:1,0:0:1,0:0:1,0:0:2,0:0:1,1,1,True,False,001,001
77fd85c2b9f533f8dcf6,2:26:1,5:22:0,2:26:1,5:22:0,7:48:1,7:48:1,29,27,False,True,111,110
784a6674e0646b2c4382,0:0:1,0:0:1,0:0:1,0:0:1,0:0:2,0:0:1,1,1,True,False,001,001
786fdb330e3141371d71,0:0:1,0:0:1,0:0:1,0:0:1,0:0:2,0:0:1,1,1,True,False,001,001
789b3865d82f13e8e237,0:0:5,0:0:9,0:0:1,0:0:1,0:0:14,0:0:1,5,9,True,False,001,001
78e18edfd6babbbbcfd8,0:1:0,0:1:0,0:1:0,0:1:0,0:2:0,0:1:0,1,1,True,False,010,010
78e49792c3fdd268ea85,0:4:0,0:6:0,0:1:0,0:1:0,0:10:0,0:1:0,4,6,True,False,010,010
7902981077307d1a1f22,0:0:1,0:0:1,0:0:1,0:0:1,0:0:2,0:0:1,1,1,True,False,001,001
79054f7572d59940022a,0:1:6,1:0:4,0:1:6,1:0:4,1:1:10,1:1:10,7,5,False,True,011,101
79676bfa7efc3660c4c5,0:0:2,0:0:1,0:0:1,0:0:1,0:0:3,0:0:1,2,1,True,False,001,001
79720960f62c292e0bf1,0:0:2,0:0:1,0:0:1,0:0:1,0:0:3,0:0:1,2,1,True,False,001,001
79f773468221dc2d7b46,0:1:1,0:0:3,0:1:1,0:0:1,0:1:4,0:1:4,2,3,False,True,011,001
7a1faacee952ef8bdc93,0:2:0,0:1:0,0:1:0,0:1:0,0:3:0,0:1:0,2,1,True,False,010,010
7a270775907f30c8d416,0:1:0,0:3:0,0:1:0,0:1:0,0:4:0,0:1:0,1,3,True,False,010,010
7a31556aeec2e556f06a,0:0:1,0:0:1,0:0:1,0:0:1,0:0:2,0:0:1,1,1,True,False,001,001
7a6b3fa8db5d17033ef4,0:1:1,0:0:1,0:1:1,0:0:1,0:1:2,0:1:2,2,1,False,True,011,001
7a83c0361f47cf39db13,0:0:1,0:0:2,0:0:1,0:0:1,0:0:3,0:0:1,1,2,True,False,001,001
7aa3641cfc72abd9f5f3,0:0:1,0:0:3,0:0:1,0:0:1,0:0:4,0:0:1,1,3,True,False,001,001
7aa5515dbcd33341c866,0:0:2,0:1:2,0:0:1,0:1:2,0:1:4,0:1:4,2,3,False,True,001,011
7aa9a4458ba9f67b9fb2,0:0:2,0:0:2,0:0:1,0:0:1,0:0:4,0:0:1,2,2,True,False,001,001
7adff7fa718ca1bf9041,16:7:3,38:7:7,16:7:3,38:7:7,54:14:10,27:7:5,26,52,False,True,111,111
7ae542df01ffafc71a89,0:1:2,2:1:2,0:1:2,2:1:2,2:2:4,1:1:2,3,5,False,True,011,111
7afed3cb7c3fa58542b8,2:16:0,0:8:0,1:8:0,0:1:0,2:24:0,1:12:0,18,8,False,True,110,010
7b5870d4165663c74537,0:0:1,0:0:1,0:0:1,0:0:1,0:0:2,0:0:1,1,1,True,False,001,001
7b9a26bacbafdf473967,0:0:7,0:1:1,0:0:1,0:1:1,0:1:8,0:1:8,7,2,False,True,001,011
7ba09379dcf41e78153a,0:0:2,0:0:1,0:0:1,0:0:1,0:0:3,0:0:1,2,1,True,False,001,001
7ba37392cdebfb0742a4,0:0:1,1:0:3,0:0:1,1:0:3,1:0:4,1:0:4,1,4,False,True,001,101
7bb490ee6f8df3c0e72b,9:6:0,22:10:0,3:2:0,11:5:0,31:16:0,31:16:0,15,32,False,True,110,110
7bc829249408ac7ef343,0:1:2,1:1:1,0:1:2,1:1:1,1:2:3,1:2:3,3,3,False,True,011,111
7c066ff9887bfd30574a,0:0:5,0:0:6,0:0:1,0:0:1,0:0:11,0:0:1,5,6,True,False,001,001
7c12b8abe7704f20c6a3,0:0:4,0:0:7,0:0:1,0:0:1,0:0:11,0:0:1,4,7,True,False,001,001
7c214172fbefec1c0e2d,0:1:0,0:1:0,0:1:0,0:1:0,0:2:0,0:1:0,1,1,True,False,010,010
7c6945dd778bc726ecd0,1:6:0,4:0:0,1:6:0,1:0:0,5:6:0,5:6:0,7,4,False,True,110,100
7c7629839494282a4a46,0:1:0,0:1:0,0:1:0,0:1:0,0:2:0,0:1:0,1,1,True,False,010,010
7c7a595d24227fad022a,0:0:1,0:0:3,0:0:1,0:0:1,0:0:4,0:0:1,1,3,True,False,001,001
7c92ff8edd24faa99842,0:5:0,1:5:0,0:1:0,1:5:0,1:10:0,1:10:0,5,6,False,True,010,110
7caf95c52ed03f1a7ac9,0:2:0,2:3:0,0:1:0,2:3:0,2:5:0,2:5:0,2,5,False,True,010,110
7cc35e78156d9397a03a,0:0:1,0:0:1,0:0:1,0:0:1,0:0:2,0:0:1,1,1,True,False,001,001
7cff38aa739513954c25,0:0:1,0:1:0,0:0:1,0:1:0,0:1:1,0:1:1,1,1,False,True,001,010
7d485e2f2acc12d82f74,0:0:1,0:0:2,0:0:1,0:0:1,0:0:3,0:0:1,1,2,True,False,001,001
7d69b76d1a4ce3db3316,0:0:2,1:0:0,0:0:1,1:0:0,1:0:2,1:0:2,2,1,False,True,001,100
7da32fb552a10e5308a6,2:1:0,2:1:2,2:1:0,2:1:2,4:2:2,2:1:1,3,5,False,True,110,111
7df1cd52ad5cafddba18,0:0:3,0:0:2,0:0:1,0:0:1,0:0:5,0:0:1,3,2,True,False,001,001
7e0b8b039ebbaa899168,1:0:0,0:1:0,1:0:0,0:1:0,1:1:0,1:1:0,1,1,False,True,100,010
7e734c3c747c029a9a0c,0:0:2,0:1:2,0:0:1,0:1:2,0:1:4,0:1:4,2,3,False,True,001,011
7ec9ba655ef742a7a096,0:1:0,0:1:0,0:1:0,0:1:0,0:2:0,0:1:0,1,1,True,False,010,010
7effbb8aa4dad1f64698,0:1:0,0:0:2,0:1:0,0:0:1,0:1:2,0:1:2,1,2,False,True,010,001
7f0861f77b8d1673c453,0:2:1,1:2:1,0:2:1,1:2:1,1:4:2,1:4:2,3,4,False,True,011,111
7f1495490bb31f36dc41,0:0:1,0:1:1,0:0:1,0:1:1,0:1:2,0:1:2,1,2,False,True,001,011
7f3e283cceabd9ca94b8,0:1:0,1:0:1,0:1:0,1:0:1,1:1:1,1:1:1,1,2,False,True,010,101
7f6d8605b0019e31e9ca,1:1:0,0:1:1,1:1:0,0:1:1,1:2:1,1:2:1,2,2,False,True,110,011
7f872ae4d49a0b4d7859,0:0:7,0:0:5,0:0:1,0:0:1,0:0:12,0:0:1,7,5,True,False,001,001
7f9da1092a816316a2ce,0:1:2,0:0:3,0:1:2,0:0:1,0:1:5,0:1:5,3,3,False,True,011,001
7fdc147eca672a7aec4a,1:0:0,0:2:0,1:0:0,0:1:0,1:2:0,1:2:0,1,2,False,True,100,010
802e76793a3959e0c4ec,0:0:1,0:0:1,0:0:1,0:0:1,0:0:2,0:0:1,1,1,True,False,001,001
805b02ead5275392b90a,0:0:2,0:0:1,0:0:1,0:0:1,0:0:3,0:0:1,2,1,True,False,001,001
80b9af55012d76f92490,0:0:2,0:3:0,0:0:1,0:1:0,0:3:2,0:3:2,2,3,False,True,001,010
80c96e751ab63b8614e9,0:1:5,0:0:2,0:1:5,0:0:1,0:1:7,0:1:7,6,2,False,True,011,001
80cb42ebe514ed9f52bc,0:0:1,0:1:1,0:0:1,0:1:1,0:1:2,0:1:2,1,2,False,True,001,011
8110ae34d2b0d411b0ee,0:0:1,0:0:1,0:0:1,0:0:1,0:0:2,0:0:1,1,1,True,False,001,001
815a1813e59c71042af0,0:0:2,0:0:1,0:0:1,0:0:1,0:0:3,0:0:1,2,1,True,False,001,001
8161b034ee604b2bbd21,0:0:4,0:0:3,0:0:1,0:0:1,0:0:7,0:0:1,4,3,True,False,001,001
817b59f527550632a584,0:0:2,0:0:1,0:0:1,0:0:1,0:0:3,0:0:1,2,1,True,False,001,001
8180b8da6f31d24ffef8,0:0:1,0:5:1,0:0:1,0:5:1,0:5:2,0:5:2,1,6,False,True,001,011
819d853c7826d53aa1fe,5:2:0,1:2:0,5:2:0,1:2:0,6:4:0,3:2:0,7,3,False,True,110,110
81ba48156dd8a592a901,0:0:1,0:0:2,0:0:1,0:0:1,0:0:3,0:0:1,1,2,True,False,001,001
82009776a7950b57066e,0:1:1,0:2:0,0:1:1,0:1:0,0:3:1,0:3:1,2,2,False,True,011,010
822f958e4daf6aec542c,0:0:1,0:0:1,0:0:1,0:0:1,0:0:2,0:0:1,1,1,True,False,001,001
825748c8c481cfae7fb4,0:1:2,0:1:2,0:1:2,0:1:2,0:2:4,0:1:2,3,3,True,False,011,011
827f6a7986d0cc65ff8b,0:0:2,0:0:1,0:0:1,0:0:1,0:0:3,0:0:1,2,1,True,False,001,001
82927d843d56a8fc3372,0:1:0,0:1:1,0:1:0,0:1:1,0:2:1,0:2:1,1,2,False,True,010,011
82d6113457bb5fb66429,0:0:3,0:0:3,0:0:1,0:0:1,0:0:6,0:0:1,3,3,True,False,001,001
832a0e4a839ef1bda8f5,0:0:1,0:0:2,0:0:1,0:0:1,0:0:3,0:0:1,1,2,True,False,001,001
8338e79ae8d2bbfc9bb4,0:1:1,0:1:1,0:1:1,0:1:1,0:2:2,0:1:1,2,2,True,False,011,011
833d8dac3d9a4c419273,0:3:6,0:0:10,0:1:2,0:0:1,0:3:16,0:3:16,9,10,False,True,011,001
8341db86b01b28f9acc7,0:4:0,0:7:0,0:1:0,0:1:0,0:11:0,0:1:0,4,7,True,False,010,010
83686c739d961f6bcb13,0:0:1,0:0:1,0:0:1,0:0:1,0:0:2,0:0:1,1,1,True,False,001,001
83b97c9cdfdc73d7e6eb,1:0:2,0:0:1,1:0:2,0:0:1,1:0:3,1:0:3,3,1,False,True,101,001
83fb5f3d897ed2004331,0:0:2,0:0:1,0:0:1,0:0:1,0:0:3,0:0:1,2,1,True,False,001,001
840b583160560a46cf36,1:3:0,0:3:0,1:3:0,0:1:0,1:6:0,1:6:0,4,3,False,True,110,010
84173e30683141f3b156,0:0:2,1:1:5,0:0:1,1:1:5,1:1:7,1:1:7,2,7,False,True,001,111
841e20e69c1649255762,0:3:0,1:1:1,0:1:0,1:1:1,1:4:1,1:4:1,3,3,False,True,010,111
842fb2531f42cc8f7995,1:0:7,0:2:4,1:0:7,0:1:2,1:2:11,1:2:11,8,6,False,True,101,011
84382cd8f701299bd041,0:1:1,0:0:1,0:1:1,0:0:1,0:1:2,0:1:2,2,1,False,True,011,001
849d18c77988f97dd85c,0:1:0,0:1:0,0:1:0,0:1:0,0:2:0,0:1:0,1,1,True,False,010,010
84a84837f9de46a2a129,3:13:0,2:13:2,3:13:0,2:13:2,5:26:2,5:26:2,16,17,False,True,110,111
84e4abd874114276eab6,0:0:1,0:1:2,0:0:1,0:1:2,0:1:3,0:1:3,1,3,False,True,001,011
8507636b64aa27d8f917,1:1:11,3:0:5,1:1:11,3:0:5,4:1:16,4:1:16,13,8,False,True,111,101
85524230fcc279eae1eb,0:0:1,1:0:0,0:0:1,1:0:0,1:0:1,1:0:1,1,1,False,True,001,100
85aae72b1654b5892e3e,0:0:1,0:1:0,0:0:1,0:1:0,0:1:1,0:1:1,1,1,False,True,001,010
85f486733aca74b79f0c,4:10:0,5:13:0,2:5:0,5:13:0,9:23:0,9:23:0,14,18,False,True,110,110
86174a0bdd8660124a02,0:0:1,0:1:0,0:0:1,0:1:0,0:1:1,0:1:1,1,1,False,True,001,010
862aa8d0d0c8c0b54743,0:0:1,0:0:1,0:0:1,0:0:1,0:0:2,0:0:1,1,1,True,False,001,001
864e1b666bdbe96d32a4,0:0:1,0:0:1,0:0:1,0:0:1,0:0:2,0:0:1,1,1,True,False,001,001
868944be7ca65eddb716,1:3:0,3:5:0,1:3:0,3:5:0,4:8:0,1:2:0,4,8,False,True,110,110
86958277db21507cb225,0:0:1,0:0:2,0:0:1,0:0:1,0:0:3,0:0:1,1,2,True,False,001,001
86cf93eb555b07e319e3,0:0:3,0:0:1,0:0:1,0:0:1,0:0:4,0:0:1,3,1,True,False,001,001
86f30ff1f3e29f55e4f1,0:0:1,0:0:1,0:0:1,0:0:1,0:0:2,0:0:1,1,1,True,False,001,001
87906daa3e5221a30d20,0:2:0,0:8:0,0:1:0,0:1:0,0:10:0,0:1:0,2,8,True,False,010,010
88122a96d988aa3dd7fc,0:0:1,0:0:1,0:0:1,0:0:1,0:0:2,0:0:1,1,1,True,False,001,001
8854ffdafc15362149d7,0:1:5,0:0:2,0:1:5,0:0:1,0:1:7,0:1:7,6,2,False,True,011,001
886e8622f4957533b5bb,0:0:1,0:1:0,0:0:1,0:1:0,0:1:1,0:1:1,1,1,False,True,001,010
88b55a395f4e301d9482,0:0:4,0:0:3,0:0:1,0:0:1,0:0:7,0:0:1,4,3,True,False,001,001
88bd220415ec006f7da5,0:0:2,0:0:3,0:0:1,0:0:1,0:0:5,0:0:1,2,3,True,False,001,001
88f8eb63dc5fef2723b3,0:0:1,0:0:2,0:0:1,0:0:1,0:0:3,0:0:1,1,2,True,False,001,001
89005538d6dc094eee6c,0:1:1,0:0:1,0:1:1,0:0:1,0:1:2,0:1:2,2,1,False,True,011,001
8934cb708e36e23390e7,0:0:1,0:0:2,0:0:1,0:0:1,0:0:3,0:0:1,1,2,True,False,001,001
89b6b26d9cce6419f341,0:1:0,0:0:1,0:1:0,0:0:1,0:1:1,0:1:1,1,1,False,True,010,001
89ba0a90c49e15e7d79b,5:27:0,8:30:0,5:27:0,4:15:0,13:57:0,13:57:0,32,38,False,True,110,110
8a0e52b5b038533fa179,1:3:13,0:3:7,1:3:13,0:3:7,1:6:20,1:6:20,17,10,False,True,111,011
8a1534353eef16d89a7f,8:2:0,14:6:0,4:1:0,7:3:0,22:8:0,11:4:0,10,20,False,True,110,110
8a2a14966eb792521526,1:0:1,0:0:2,1:0:1,0:0:1,1:0:3,1:0:3,2,2,False,True,101,001
8a31a57ab1d4509fa3eb,0:0:3,0:0:2,0:0:1,0:0:1,0:0:5,0:0:1,3,2,True,False,001,001
8a31baa45a572332332d,0:0:1,0:0:1,0:0:1,0:0:1,0:0:2,0:0:1,1,1,True,False,001,001
8a3209a0476b75491bb5,0:0:4,0:0:6,0:0:1,0:0:1,0:0:10,0:0:1,4,6,True,False,001,001
8a3a4570ff31748c1d60,0:0:1,0:0:2,0:0:1,0:0:1,0:0:3,0:0:1,1,2,True,False,001,001
8a41ca125fba5a26e67f,0:0:1,0:0:1,0:0:1,0:0:1,0:0:2,0:0:1,1,1,True,False,001,001
8ace91b9c839df11e3db,0:1:1,0:2:0,0:1:1,0:1:0,0:3:1,0:3:1,2,2,False,True,011,010
8af496dd2e00c89980d3,0:0:1,0:1:3,0:0:1,0:1:3,0:1:4,0:1:4,1,4,False,True,001,011
8b096dcdc98c4dcee1d1,0:1:0,0:1:0,0:1:0,0:1:0,0:2:0,0:1:0,1,1,True,False,010,010
8b09839b5b4872b1cdc6,0:0:1,0:1:0,0:0:1,0:1:0,0:1:1,0:1:1,1,1,False,True,001,010
8b10b8b41b0a9d7c45a8,0:0:2,1:0:1,0:0:1,1:0:1,1:0:3,1:0:3,2,2,False,True,001,101
8b21deaa7b61986367cd,2:1:0,4:1:0,2:1:0,4:1:0,6:2:0,3:1:0,3,5,False,True,110,110
8b426dd809595cf488e2,0:1:5,0:0:1,0:1:5,0:0:1,0:1:6,0:1:6,6,1,False,True,011,001
8b6b3f2a60f906ba0dc3,0:0:2,0:0:2,0:0:1,0:0:1,0:0:4,0:0:1,2,2,True,False,001,001
8bd49149edb363b64602,0:0:2,0:0:1,0:0:1,0:0:1,0:0:3,0:0:1,2,1,True,False,001,001
8bdbd0c82dffdf1b15e9,0:0:1,0:0:1,0:0:1,0:0:1,0:0:2,0:0:1,1,1,True,False,001,001
8c01818b45f0bcac97dc,0:0:2,0:0:1,0:0:1,0:0:1,0:0:3,0:0:1,2,1,True,False,001,001
8c0a92e9c503aabeee55,0:2:0,0:3:0,0:1:0,0:1:0,0:5:0,0:1:0,2,3,True,False,010,010
8c13c592a82f9e417aa4,0:0:1,0:0:1,0:0:1,0:0:1,0:0:2,0:0:1,1,1,True,False,001,001
8c2cab3cc6fcd6f7e351,0:0:2,0:0:1,0:0:1,0:0:1,0:0:3,0:0:1,2,1,True,False,001,001
8c5b70a4a7aa49e2cc3b,0:0:1,0:1:1,0:0:1,0:1:1,0:1:2,0:1:2,1,2,False,True,001,011
8c5fccb3497255ed9f70,0:0:3,1:0:3,0:0:1,1:0:3,1:0:6,1:0:6,3,4,False,True,001,101
8c94f1449d8c3224e8b7,0:6:0,0:3:0,0:1:0,0:1:0,0:9:0,0:1:0,6,3,True,False,010,010
8c976f595adbbb97ca06,1:0:0,0:0:1,1:0:0,0:0:1,1:0:1,1:0:1,1,1,False,True,100,001
8d1c80743bc3ff3b46c9,0:1:0,0:2:1,0:1:0,0:2:1,0:3:1,0:3:1,1,3,False,True,010,011
8d26b31b481472f9b10d,0:1:1,0:1:1,0:1:1,0:1:1,0:2:2,0:1:1,2,2,True,False,011,011
8d2d3a3e08bbd8c543cc,0:0:4,0:0:5,0:0:1,0:0:1,0:0:9,0:0:1,4,5,True,False,001,001
8d726a1d08f829566c0e,0:2:2,0:0:1,0:1:1,0:0:1,0:2:3,0:2:3,4,1,False,True,011,001
8d7d4ea85042f6e2d746,1:3:0,0:4:0,1:3:0,0:1:0,1:7:0,1:7:0,4,4,False,True,110,010
8d8dfe379d3a02f27505,0:0:1,0:0:1,0:0:1,0:0:1,0:0:2,0:0:1,1,1,True,False,001,001
8d9c4086c7ac14040fbf,0:0:1,0:0:1,0:0:1,0:0:1,0:0:2,0:0:1,1,1,True,False,001,001
8dea3a6f94d6f4afe97e,1:2:1,2:1:1,1:2:1,2:1:1,3:3:2,3:3:2,4,4,False,True,111,111
8deb712dc2747746b19b,0:0:4,0:2:5,0:0:1,0:2:5,0:2:9,0:2:9,4,7,False,True,001,011
8e594e308dc601da22f8,0:0:1,0:0:2,0:0:1,0:0:1,0:0:3,0:0:1,1,2,True,False,001,001
8eaaaf383a26b2bf285c,0:0:2,1:0:0,0:0:1,1:0:0,1:0:2,1:0:2,2,1,False,True,001,100
8f049d9fb82ad26178b7,0:0:1,0:0:1,0:0:1,0:0:1,0:0:2,0:0:1,1,1,True,False,001,001
8f197cec1a4e5d3568bd,0:0:2,0:0:2,0:0:1,0:0:1,0:0:4,0:0:1,2,2,True,False,001,001
8f4439bdef840648a4b3,0:0:3,0:0:4,0:0:1,0:0:1,0:0:7,0:0:1,3,4,True,False,001,001
8f4e8c93449a529d6514,1:1:0,1:0:0,1:1:0,1:0:0,2:1:0,2:1:0,2,1,False,True,110,100
8f62ed91282858df3e5f,0:0:4,0:0:6,0:0:1,0:0:1,0:0:10,0:0:1,4,6,True,False,001,001
8f69b84aae7c791fa158,1:2:19,0:0:24,1:2:19,0:0:1,1:2:43,1:2:43,22,24,False,True,111,001
8f7ca9211775667c423e,0:0:1,0:0:1,0:0:1,0:0:1,0:0:2,0:0:1,1,1,True,False,001,001
8f95c9f923cc0522a92f,0:0:2,0:0:1,0:0:1,0:0:1,0:0:3,0:0:1,2,1,True,False,001,001
8fc5f02f53d2d729ef78,2:2:0,1:8:0,1:1:0,1:8:0,3:10:0,3:10:0,4,9,False,True,110,110
8fca0366801b7eb5fb95,0:0:3,0:0:2,0:0:1,0:0:1,0:0:5,0:0:1,3,2,True,False,001,001
8fdd0fdafaf62c35f155,0:1:0,0:2:0,0:1:0,0:1:0,0:3:0,0:1:0,1,2,True,False,010,010
8ff4b8d3962f4a620326,0:2:0,0:3:1,0:1:0,0:3:1,0:5:1,0:5:1,2,4,False,True,010,011
900a6a48936d12931d8f,1:3:0,3:0:0,1:3:0,1:0:0,4:3:0,4:3:0,4,3,False,True,110,100
900cd8dca8248026be2d,0:0:1,0:0:2,0:0:1,0:0:1,0:0:3,0:0:1,1,2,True,False,001,001
902569b9ea82837b1fbc,0:1:0,0:1:0,0:1:0,0:1:0,0:2:0,0:1:0,1,1,True,False,010,010
9034dcbcf6871817a2cf,0:1:0,0:2:0,0:1:0,0:1:0,0:3:0,0:1:0,1,2,True,False,010,010
9055a553b0988725df37,0:0:2,0:0:3,0:0:1,0:0:1,0:0:5,0:0:1,2,3,True,False,001,001
905a00b42a02e8f83d65,0:0:8,0:0:1,0:0:1,0:0:1,0:0:9,0:0:1,8,1,True,False,001,001
907f127ab4531ac7bc0b,0:0:1,0:0:2,0:0:1,0:0:1,0:0:3,0:0:1,1,2,True,False,001,001
9086e46da9415bc37c9d,0:1:1,0:0:5,0:1:1,0:0:1,0:1:6,0:1:6,2,5,False,True,011,001
90de377295214dd503ac,0:0:2,0:0:1,0:0:1,0:0:1,0:0:3,0:0:1,2,1,True,False,001,001
90e9a8e2e39dd4603ea8,0:0:1,0:0:1,0:0:1,0:0:1,0:0:2,0:0:1,1,1,True,False,001,001
914f95d5c1d22a29d7a9,1:0:0,1:0:0,1:0:0,1:0:0,2:0:0,1:0:0,1,1,True,False,100,100
91a325b4510c128b1d7a,0:1:1,0:1:1,0:1:1,0:1:1,0:2:2,0:1:1,2,2,True,False,011,011
9230b542ef726acdbd5f,0:0:1,0:0:2,0:0:1,0:0:1,0:0:3,0:0:1,1,2,True,False,001,001
9273b2938bf1fec8ddc8,1:2:2,0:2:1,1:2:2,0:2:1,1:4:3,1:4:3,5,3,False,True,111,011
927ee40db174e1bbf34b,0:1:0,0:2:0,0:1:0,0:1:0,0:3:0,0:1:0,1,2,True,False,010,010
9372436a8530ec5bed78,1:0:0,0:0:3,1:0:0,0:0:1,1:0:3,1:0:3,1,3,False,True,100,001
938054b3d3061ee8d6c6,1:0:0,1:0:0,1:0:0,1:0:0,2:0:0,1:0:0,1,1,True,False,100,100
9385482f7746165b319c,0:2:0,0:2:2,0:1:0,0:1:1,0:4:2,0:2:1,2,4,False,True,010,011
938b8487f00dcd3cb09a,0:0:3,0:0:1,0:0:1,0:0:1,0:0:4,0:0:1,3,1,True,False,001,001
93c191ff94febbbe4e52,0:0:1,0:0:2,0:0:1,0:0:1,0:0:3,0:0:1,1,2,True,False,001,001
93f5f5546ce5c430c565,0:3:0,1:0:0,0:1:0,1:0:0,1:3:0,1:3:0,3,1,False,True,010,100
94465da33dfaa3ac6c24,0:5:0,0:2:0,0:1:0,0:1:0,0:7:0,0:1:0,5,2,True,False,010,010
948557362305d0e5797c,0:0:5,0:0:2,0:0:1,0:0:1,0:0:7,0:0:1,5,2,True,False,001,001
949d1baec729fb13214e,0:1:0,0:5:0,0:1:0,0:1:0,0:6:0,0:1:0,1,5,True,False,010,010
94cab7ffbdbd11cf19a8,0:5:0,3:6:0,0:1:0,1:2:0,3:11:0,3:11:0,5,9,False,True,010,110
95019855d8c338004a86,0:0:2,0:0:3,0:0:1,0:0:1,0:0:5,0:0:1,2,3,True,False,001,001
9521e5bbc5b85ec6c12b,0:4:0,0:4:0,0:1:0,0:1:0,0:8:0,0:1:0,4,4,True,False,010,010
9537d7fde96f59f0ea94,0:0:4,0:0:3,0:0:1,0:0:1,0:0:7,0:0:1,4,3,True,False,001,001
953a4c439dc57e4a99ba,0:0:3,0:0:1,0:0:1,0:0:1,0:0:4,0:0:1,3,1,True,False,001,001
956d4959ab74a3b180a6,0:0:1,0:0:1,0:0:1,0:0:1,0:0:2,0:0:1,1,1,True,False,001,001
9571bb522746f236d4dc,0:0:2,0:0:3,0:0:1,0:0:1,0:0:5,0:0:1,2,3,True,False,001,001
957771e96900faa76ed6,0:0:3,1:0:0,0:0:1,1:0:0,1:0:3,1:0:3,3,1,False,True,001,100
95b7a0c0324d2d870433,0:0:1,0:0:1,0:0:1,0:0:1,0:0:2,0:0:1,1,1,True,False,001,001
95df6f9b16ae17984628,0:0:6,1:1:8,0:0:1,1:1:8,1:1:14,1:1:14,6,10,False,True,001,111
961af6853e96f7bf063e,0:2:0,0:0:1,0:1:0,0:0:1,0:2:1,0:2:1,2,1,False,True,010,001
96b0c0a2ea57238b20d6,0:1:0,0:1:0,0:1:0,0:1:0,0:2:0,0:1:0,1,1,True,False,010,010
96e4138d07d63b166980,0:0:5,0:0:3,0:0:1,0:0:1,0:0:8,0:0:1,5,3,True,False,001,001
96e43cc0ff0743a316d9,0:1:0,0:5:0,0:1:0,0:1:0,0:6:0,0:1:0,1,5,True,False,010,010
975ca386a03f28534f0d,0:0:12,1:0:9,0:0:1,1:0:9,1:0:21,1:0:21,12,10,False,True,001,101
975f80a047100672bfe2,0:0:2,0:1:2,0:0:1,0:1:2,0:1:4,0:1:4,2,3,False,True,001,011
978f972171caecadeb49,0:0:5,0:0:2,0:0:1,0:0:1,0:0:7,0:0:1,5,2,True,False,001,001
97a97f8d1c3bc324c832,0:0:2,0:0:1,0:0:1,0:0:1,0:0:3,0:0:1,2,1,True,False,001,001
98141c0e0fa8105ee2d0,0:0:1,0:0:1,0:0:1,0:0:1,0:0:2,0:0:1,1,1,True,False,001,001
98281278c3831d67ba09,0:0:1,0:0:1,0:0:1,0:0:1,0:0:2,0:0:1,1,1,True,False,001,001
9830c9b0006b681b4281,0:0:1,0:0:1,0:0:1,0:0:1,0:0:2,0:0:1,1,1,True,False,001,001
98695e975a5b4484ec70,0:0:2,0:5:3,0:0:1,0:5:3,0:5:5,0:1:1,2,8,False,True,001,011
986f44d80a7c915badcc,0:0:2,0:0:1,0:0:1,0:0:1,0:0:3,0:0:1,2,1,True,False,001,001
98761ba03e9e77ea6b7a,0:0:1,0:0:1,0:0:1,0:0:1,0:0:2,0:0:1,1,1,True,False,001,001
98bb2105f3e76b02884b,0:0:2,0:0:5,0:0:1,0:0:1,0:0:7,0:0:1,2,5,True,False,001,001
98f9006b75f1e4ca9e2c,0:0:3,0:1:1,0:0:1,0:1:1,0:1:4,0:1:4,3,2,False,True,001,011
9927591c55c8715360b0,0:0:2,0:0:1,0:0:1,0:0:1,0:0:3,0:0:1,2,1,True,False,001,001
99755e52109a964eb55d,0:0:1,0:0:5,0:0:1,0:0:1,0:0:6,0:0:1,1,5,True,False,001,001
998a40e088dcceff6439,0:0:1,0:0:1,0:0:1,0:0:1,0:0:2,0:0:1,1,1,True,False,001,001
99aa0431e2cd4367eb0c,0:0:1,0:1:2,0:0:1,0:1:2,0:1:3,0:1:3,1,3,False,True,001,011
99d13bb1a495fb84a602,0:0:2,0:0:1,0:0:1,0:0:1,0:0:3,0:0:1,2,1,True,False,001,001
99ff3f29a22d28f4379a,0:0:2,0:0:5,0:0:1,0:0:1,0:0:7,0:0:1,2,5,True,False,001,001
9a15e151b926e37b0158,0:1:0,0:1:1,0:1:0,0:1:1,0:2:1,0:2:1,1,2,False,True,010,011
9a1f02f0e695f702188c,0:1:0,0:1:0,0:1:0,0:1:0,0:2:0,0:1:0,1,1,True,False,010,010
9a3d16d07f5205173f36,2:3:0,1:6:0,2:3:0,1:6:0,3:9:0,1:3:0,5,7,False,True,110,110
9a3d8d13ba38167ca7c0,0:0:1,0:0:1,0:0:1,0:0:1,0:0:2,0:0:1,1,1,True,False,001,001
9a40b2d2401a5b3f12ad,0:0:1,0:0:1,0:0:1,0:0:1,0:0:2,0:0:1,1,1,True,False,001,001
9a70ed09da268b6469d2,0:1:1,0:0:1,0:1:1,0:0:1,0:1:2,0:1:2,2,1,False,True,011,001
9a73931a0746b7061951,0:0:5,0:0:2,0:0:1,0:0:1,0:0:7,0:0:1,5,2,True,False,001,001
9a7eb0507c19367ac0fc,0:0:1,0:0:1,0:0:1,0:0:1,0:0:2,0:0:1,1,1,True,False,001,001
9a9c42e21a4301b03753,0:0:1,0:0:2,0:0:1,0:0:1,0:0:3,0:0:1,1,2,True,False,001,001
9acc814bdbb6c7153060,0:0:1,0:1:0,0:0:1,0:1:0,0:1:1,0:1:1,1,1,False,True,001,010
9af9c1f2b241b3647eb2,0:0:1,0:0:1,0:0:1,0:0:1,0:0:2,0:0:1,1,1,True,False,001,001
9b6e93fb1992ba193b3c,2:11:0,1:12:0,2:11:0,1:12:0,3:23:0,3:23:0,13,13,False,True,110,110
9b739a4d1225c2423f7e,0:1:0,0:1:0,0:1:0,0:1:0,0:2:0,0:1:0,1,1,True,False,010,010
9b9750fe6f1667ad7f22,0:0:1,0:0:1,0:0:1,0:0:1,0:0:2,0:0:1,1,1,True,False,001,001
9baa1feeeb5fb9972d04,0:0:3,0:1:2,0:0:1,0:1:2,0:1:5,0:1:5,3,3,False,True,001,011
9bc20ebee323efca7238,0:1:1,0:2:1,0:1:1,0:2:1,0:3:2,0:3:2,2,3,False,True,011,011
9bd9d9a1a5c4a8f02c27,1:1:0,2:3:1,1:1:0,2:3:1,3:4:1,3:4:1,2,6,False,True,110,111
9c6d8406ad5769e14e29,0:0:2,0:0:3,0:0:1,0:0:1,0:0:5,0:0:1,2,3,True,False,001,001
9c85ef8f8748200d48ed,1:1:0,3:1:0,1:1:0,3:1:0,4:2:0,2:1:0,2,4,False,True,110,110
9d1162cebab48b8583f3,0:0:3,0:1:0,0:0:1,0:1:0,0:1:3,0:1:3,3,1,False,True,001,010
9d3f41c93ea0cb3e7a50,0:0:1,0:1:0,0:0:1,0:1:0,0:1:1,0:1:1,1,1,False,True,001,010
9d5f5362145dc5b4e403,0:0:1,0:0:2,0:0:1,0:0:1,0:0:3,0:0:1,1,2,True,False,001,001
9d6b8dc5c03a9b315fb8,0:0:35,0:0:17,0:0:1,0:0:1,0:0:52,0:0:1,35,17,True,False,001,001
9d8265213db1a7c1c6a1,0:0:1,0:0:2,0:0:1,0:0:1,0:0:3,0:0:1,1,2,True,False,001,001
9dbb0e227ad70c04e0c1,0:0:1,0:1:1,0:0:1,0:1:1,0:1:2,0:1:2,1,2,False,True,001,011
9e013ddcfa2f265cde3c,0:0:7,0:1:4,0:0:1,0:1:4,0:1:11,0:1:11,7,5,False,True,001,011
9e1c9334dee7fc56e3c7,0:0:1,0:0:1,0:0:1,0:0:1,0:0:2,0:0:1,1,1,True,False,001,001
9e29e9cef05c06064b05,0:0:1,0:1:1,0:0:1,0:1:1,0:1:2,0:1:2,1,2,False,True,001,011
9e3cf0c4f89e3ff3d194,0:0:1,0:1:0,0:0:1,0:1:0,0:1:1,0:1:1,1,1,False,True,001,010
9e5e8e0083ffde0de0bf,0:0:1,0:0:1,0:0:1,0:0:1,0:0:2,0:0:1,1,1,True,False,001,001
9e615b039f7b3d163397,0:0:2,0:0:1,0:0:1,0:0:1,0:0:3,0:0:1,2,1,True,False,001,001
9e6919c6f8c0860f50b9,0:0:1,0:2:1,0:0:1,0:2:1,0:2:2,0:1:1,1,3,False,True,001,011
9e77206025bf4ac8c948,0:0:1,0:0:1,0:0:1,0:0:1,0:0:2,0:0:1,1,1,True,False,001,001
9effe271d7feec0b1011,0:0:1,0:0:2,0:0:1,0:0:1,0:0:3,0:0:1,1,2,True,False,001,001
9f39605856cc33e4023c,0:0:1,0:0:1,0:0:1,0:0:1,0:0:2,0:0:1,1,1,True,False,001,001
9f7424d62ed5b68eff84,4:0:0,0:2:0,1:0:0,0:1:0,4:2:0,2:1:0,4,2,False,True,100,010
9f910249662922844681,0:0:1,0:0:1,0:0:1,0:0:1,0:0:2,0:0:1,1,1,True,False,001,001
9fe71f99072d318ca8e1,0:0:1,0:0:1,0:0:1,0:0:1,0:0:2,0:0:1,1,1,True,False,001,001
9fff773cd3294ea9f9e8,1:1:7,0:2:4,1:1:7,0:1:2,1:3:11,1:3:11,9,6,False,True,111,011
a030e51eb17d10c05b87,0:0:2,0:1:0,0:0:1,0:1:0,0:1:2,0:1:2,2,1,False,True,001,010
a0632e85b5ea32830ce7,0:1:2,0:0:3,0:1:2,0:0:1,0:1:5,0:1:5,3,3,False,True,011,001
a06d038eda1f378105af,0:1:0,0:2:0,0:1:0,0:1:0,0:3:0,0:1:0,1,2,True,False,010,010
a0ab9b5af8132b56d4b4,1:0:0,0:1:0,1:0:0,0:1:0,1:1:0,1:1:0,1,1,False,True,100,010
a0e07f491a7a699e3599,0:0:1,0:0:1,0:0:1,0:0:1,0:0:2,0:0:1,1,1,True,False,001,001
a179bbbd3b055f94032d,0:0:1,0:0:1,0:0:1,0:0:1,0:0:2,0:0:1,1,1,True,False,001,001
a1864ebbc2a69be9d089,2:0:0,2:1:3,1:0:0,2:1:3,4:1:3,4:1:3,2,6,False,True,100,111
a1915b2c0fd829488db7,0:0:1,0:0:2,0:0:1,0:0:1,0:0:3,0:0:1,1,2,True,False,001,001
a1a6afddea93a393a6ed,1:2:0,0:3:0,1:2:0,0:1:0,1:5:0,1:5:0,3,3,False,True,110,010
a225211c71d346e95816,0:0:6,0:0:1,0:0:1,0:0:1,0:0:7,0:0:1,6,1,True,False,001,001
a23aef50dd0ec13371e7,0:0:1,0:1:0,0:0:1,0:1:0,0:1:1,0:1:1,1,1,False,True,001,010
a26945071ed436f2235a,0:2:0,1:2:0,0:1:0,1:2:0,1:4:0,1:4:0,2,3,False,True,010,110
a2bc948f8d5213f0d147,0:0:1,0:0:1,0:0:1,0:0:1,0:0:2,0:0:1,1,1,True,False,001,001
a2f4e2d02040cab5d488,0:0:7,0:0:3,0:0:1,0:0:1,0:0:10,0:0:1,7,3,True,False,001,001
a31965afec09b1c7e08b,0:0:1,0:0:1,0:0:1,0:0:1,0:0:2,0:0:1,1,1,True,False,001,001
a37e5348e68b640ec9dc,1:1:4,0:5:2,1:1:4,0:5:2,1:6:6,1:6:6,6,7,False,True,111,011
a3b00f89fe40737a708b,0:0:1,0:0:2,0:0:1,0:0:1,0:0:3,0:0:1,1,2,True,False,001,001
a3ffacf9739bd1112027,0:4:0,1:10:0,0:1:0,1:10:0,1:14:0,1:14:0,4,11,False,True,010,110
a4091408e4aaa9542dcf,0:1:0,1:0:2,0:1:0,1:0:2,1:1:2,1:1:2,1,3,False,True,010,101
a444f17c1523880a449f,0:2:0,0:1:0,0:1:0,0:1:0,0:3:0,0:1:0,2,1,True,False,010,010
a49697426925a3fe2364,2:10:0,0:7:0,1:5:0,0:1:0,2:17:0,2:17:0,12,7,False,True,110,010
a4a655c736ed09e26e73,0:0:1,1:0:0,0:0:1,1:0:0,1:0:1,1:0:1,1,1,False,True,001,100
a4bd289b59c4b0f2b95e,0:0:2,0:0:2,0:0:1,0:0:1,0:0:4,0:0:1,2,2,True,False,001,001
a513b748163607e14e3a,0:0:1,1:0:0,0:0:1,1:0:0,1:0:1,1:0:1,1,1,False,True,001,100
a5372dac5599432680fc,1:5:16,0:7:11,1:5:16,0:7:11,1:12:27,1:12:27,22,18,False,True,111,011
a5511fc611f95816f7e2,0:0:1,0:0:1,0:0:1,0:0:1,0:0:2,0:0:1,1,1,True,False,001,001
a55e64cb577e9edd5e7d,0:1:2,0:0:2,0:1:2,0:0:1,0:1:4,0:1:4,3,2,False,True,011,001
a56ace10232cd52135f9,0:0:3,0:0:1,0:0:1,0:0:1,0:0:4,0:0:1,3,1,True,False,001,001
a5c116202f61a2b0e49d,0:1:0,0:1:0,0:1:0,0:1:0,0:2:0,0:1:0,1,1,True,False,010,010
a5f108983b71c1a83bd1,0:1:0,0:1:2,0:1:0,0:1:2,0:2:2,0:1:1,1,3,False,True,010,011
a5ff774f5d3745db2e9d,0:0:1,0:0:1,0:0:1,0:0:1,0:0:2,0:0:1,1,1,True,False,001,001
a60a9555791f8bc31ee3,0:0:3,0:0:1,0:0:1,0:0:1,0:0:4,0:0:1,3,1,True,False,001,001
a61b57b31c9d57975fb7,0:0:1,0:0:1,0:0:1,0:0:1,0:0:2,0:0:1,1,1,True,False,001,001
a62b0cc8be210344a038,0:0:1,0:0:3,0:0:1,0:0:1,0:0:4,0:0:1,1,3,True,False,001,001
a6518dc7e7238e34c0cb,0:0:1,0:0:2,0:0:1,0:0:1,0:0:3,0:0:1,1,2,True,False,001,001
a669cb8bed3d851ac0a4,0:0:2,0:0:1,0:0:1,0:0:1,0:0:3,0:0:1,2,1,True,False,001,001
a679cee07321a1fa2721,0:0:1,0:0:1,0:0:1,0:0:1,0:0:2,0:0:1,1,1,True,False,001,001
a685f55689f9955d75b1,0:2:0,0:1:1,0:1:0,0:1:1,0:3:1,0:3:1,2,2,False,True,010,011
a68e4fab73c6447fe590,0:0:1,0:0:1,0:0:1,0:0:1,0:0:2,0:0:1,1,1,True,False,001,001
a6eeaf48c19285f6f141,0:0:3,0:0:2,0:0:1,0:0:1,0:0:5,0:0:1,3,2,True,False,001,001
a7405ca4485f62bc2b77,0:0:1,0:0:3,0:0:1,0:0:1,0:0:4,0:0:1,1,3,True,False,001,001
a74771a0134b9258b0e3,0:0:1,0:1:2,0:0:1,0:1:2,0:1:3,0:1:3,1,3,False,True,001,011
a758ea4aba43769b2fdf,0:1:1,0:0:2,0:1:1,0:0:1,0:1:3,0:1:3,2,2,False,True,011,001
a75e9dd33abf5b4b2cfe,0:14:0,1:10:0,0:1:0,1:10:0,1:24:0,1:24:0,14,11,False,True,010,110
a78067bef8d10d0ff3b5,0:2:0,0:1:0,0:1:0,0:1:0,0:3:0,0:1:0,2,1,True,False,010,010
a7cca252d6ef683669a3,0:1:7,0:1:11,0:1:7,0:1:11,0:2:18,0:1:9,8,12,False,True,011,011
a7e372f51d656845c915,0:0:1,0:0:3,0:0:1,0:0:1,0:0:4,0:0:1,1,3,True,False,001,001
a806fb676e05c6641928,0:0:2,1:0:1,0:0:1,1:0:1,1:0:3,1:0:3,2,2,False,True,001,101
a81d3231b2e1d14013a9,0:0:4,1:0:0,0:0:1,1:0:0,1:0:4,1:0:4,4,1,False,True,001,100
a837f3eaa339d16e5023,0:0:1,0:0:4,0:0:1,0:0:1,0:0:5,0:0:1,1,4,True,False,001,001
a8543804478348812aee,0:2:0,1:2:1,0:1:0,1:2:1,1:4:1,1:4:1,2,4,False,True,010,111
a8abf406901d3b6a3c38,2:1:0,11:7:0,2:1:0,11:7:0,13:8:0,13:8:0,3,18,False,True,110,110
a8f86f901855c1c565d7,0:0:1,0:0:2,0:0:1,0:0:1,0:0:3,0:0:1,1,2,True,False,001,001
a9144ea52f6a8b0b9d5b,0:0:1,0:0:1,0:0:1,0:0:1,0:0:2,0:0:1,1,1,True,False,001,001
a91a54535244b36b0791,0:0:3,0:1:10,0:0:1,0:1:10,0:1:13,0:1:13,3,11,False,True,001,011
a93bf8688a5c74dc14a8,0:0:1,0:0:1,0:0:1,0:0:1,0:0:2,0:0:1,1,1,True,False,001,001
a9900bf66a8e51852bca,0:2:0,0:1:0,0:1:0,0:1:0,0:3:0,0:1:0,2,1,True,False,010,010
a990c1ef31b98a9a523a,0:0:1,0:0:1,0:0:1,0:0:1,0:0:2,0:0:1,1,1,True,False,001,001
a9964b37c63717b5da4c,0:0:3,0:0:1,0:0:1,0:0:1,0:0:4,0:0:1,3,1,True,False,001,001
a9ceafd43a046b83a277,0:0:1,0:0:1,0:0:1,0:0:1,0:0:2,0:0:1,1,1,True,False,001,001
a9f493bbc27f727ad3ba,1:2:0,0:0:3,1:2:0,0:0:1,1:2:3,1:2:3,3,3,False,True,110,001
aa45cbe8fc9088599847,0:0:2,0:0:6,0:0:1,0:0:1,0:0:8,0:0:1,2,6,True,False,001,001
aa59aaf3520c5f612797,0:0:1,0:0:2,0:0:1,0:0:1,0:0:3,0:0:1,1,2,True,False,001,001
aa80e6cd9c9de0fa52ea,0:0:1,0:0:2,0:0:1,0:0:1,0:0:3,0:0:1,1,2,True,False,001,001
aae100e5917fe1d3863f,0:0:1,0:1:0,0:0:1,0:1:0,0:1:1,0:1:1,1,1,False,True,001,010
ab212868332cc1717621,0:0:1,0:0:2,0:0:1,0:0:1,0:0:3,0:0:1,1,2,True,False,001,001
ab2350c8be2475fe7690,0:1:0,1:1:0,0:1:0,1:1:0,1:2:0,1:2:0,1,2,False,True,010,110
ab44c79ff71f67d0a7b3,0:1:0,0:2:0,0:1:0,0:1:0,0:3:0,0:1:0,1,2,True,False,010,010
ab4f47b7d6e6795adad8,0:0:2,0:0:1,0:0:1,0:0:1,0:0:3,0:0:1,2,1,True,False,001,001
ab657cd2b446dc45bf0f,0:0:1,0:0:1,0:0:1,0:0:1,0:0:2,0:0:1,1,1,True,False,001,001
abb142cc2ccefe0791d2,0:0:2,0:0:1,0:0:1,0:0:1,0:0:3,0:0:1,2,1,True,False,001,001
ac276fbee3c77c5b034a,0:0:2,0:0:1,0:0:1,0:0:1,0:0:3,0:0:1,2,1,True,False,001,001
ac794cc46b6c6b292f2e,0:1:0,0:1:2,0:1:0,0:1:2,0:2:2,0:1:1,1,3,False,True,010,011
acc96830793b1b6204de,0:0:2,0:0:5,0:0:1,0:0:1,0:0:7,0:0:1,2,5,True,False,001,001
acce6e784fe18dfcebb1,0:0:8,0:0:5,0:0:1,0:0:1,0:0:13,0:0:1,8,5,True,False,001,001
acf95a5278795813b0cd,0:0:1,0:0:1,0:0:1,0:0:1,0:0:2,0:0:1,1,1,True,False,001,001
acfbe5dda82d1aef6f6a,0:1:0,0:1:0,0:1:0,0:1:0,0:2:0,0:1:0,1,1,True,False,010,010
ad0071589773dd16cdff,0:0:1,0:0:1,0:0:1,0:0:1,0:0:2,0:0:1,1,1,True,False,001,001
ad0d8ba1809446322b77,0:0:1,0:0:4,0:0:1,0:0:1,0:0:5,0:0:1,1,4,True,False,001,001
ad81a4bb9c04bd2b16ad,0:7:0,0:4:1,0:1:0,0:4:1,0:11:1,0:11:1,7,5,False,True,010,011
ad8bbd9f1bb7bffa05dd,1:0:0,0:1:0,1:0:0,0:1:0,1:1:0,1:1:0,1,1,False,True,100,010
ada290350d08d12287be,0:0:2,0:0:3,0:0:1,0:0:1,0:0:5,0:0:1,2,3,True,False,001,001
adcbee68de12715bdcc1,0:0:1,0:0:1,0:0:1,0:0:1,0:0:2,0:0:1,1,1,True,False,001,001
adfd639984b9a46369d3,0:0:1,0:1:0,0:0:1,0:1:0,0:1:1,0:1:1,1,1,False,True,001,010
ae5f8a9708e9ab43454d,0:0:2,0:1:0,0:0:1,0:1:0,0:1:2,0:1:2,2,1,False,True,001,010
aeece9f6d976ef2e135c,3:15:1,8:11:0,3:15:1,8:11:0,11:26:1,11:26:1,19,19,False,True,111,110
aeee8359d834d898086b,0:1:0,0:1:0,0:1:0,0:1:0,0:2:0,0:1:0,1,1,True,False,010,010
af081d487fc3c7014fae,0:0:2,0:0:1,0:0:1,0:0:1,0:0:3,0:0:1,2,1,True,False,001,001
af19c78525801dc6e612,0:0:3,0:0:3,0:0:1,0:0:1,0:0:6,0:0:1,3,3,True,False,001,001
af8245ac57cb0c8f82ff,0:0:1,0:0:1,0:0:1,0:0:1,0:0:2,0:0:1,1,1,True,False,001,001
af99d71e85aa7c52a63b,2:2:6,3:5:4,1:1:3,3:5:4,5:7:10,5:7:10,10,12,False,True,111,111
afbcbbe605fc951a0993,0:0:1,0:0:1,0:0:1,0:0:1,0:0:2,0:0:1,1,1,True,False,001,001
afdf14c265fbcaf3a3c9,1:0:4,0:2:1,1:0:4,0:2:1,1:2:5,1:2:5,5,3,False,True,101,011
b00370da2257bdf48b57,0:0:7,0:0:9,0:0:1,0:0:1,0:0:16,0:0:1,7,9,True,False,001,001
b00f291951ebe563247e,0:1:0,0:1:1,0:1:0,0:1:1,0:2:1,0:2:1,1,2,False,True,010,011
b06acc7bdd407e5293a2,0:0:3,0:0:3,0:0:1,0:0:1,0:0:6,0:0:1,3,3,True,False,001,001
b08d26e870d00ea2ed2e,0:0:3,0:0:1,0:0:1,0:0:1,0:0:4,0:0:1,3,1,True,False,001,001
b0c6b568f9622ffb01b8,0:1:0,0:1:0,0:1:0,0:1:0,0:2:0,0:1:0,1,1,True,False,010,010
b0d4acf32e0ad75033fc,0:2:0,0:3:0,0:1:0,0:1:0,0:5:0,0:1:0,2,3,True,False,010,010
b0e5da6c4f1a3c05fd08,0:0:1,0:0:1,0:0:1,0:0:1,0:0:2,0:0:1,1,1,True,False,001,001
b0e9e98c4e3b42970dd6,3:0:0,3:2:3,1:0:0,3:2:3,6:2:3,6:2:3,3,8,False,True,100,111
b144ff5dcaf12ead8baa,0:1:4,0:1:3,0:1:4,0:1:3,0:2:7,0:2:7,5,4,False,True,011,011
b15943805b05d8e8e662,0:0:1,0:0:1,0:0:1,0:0:1,0:0:2,0:0:1,1,1,True,False,001,001
b17d366c42e98f5d3272,0:1:0,0:2:0,0:1:0,0:1:0,0:3:0,0:1:0,1,2,True,False,010,010
b1b1e9d73d0911401f2b,0:0:1,0:0:1,0:0:1,0:0:1,0:0:2,0:0:1,1,1,True,False,001,001
b2359bd35e1b32de5720,0:1:3,0:1:0,0:1:3,0:1:0,0:2:3,0:2:3,4,1,False,True,011,010
b237ccf06bb3c0426001,0:1:0,0:1:0,0:1:0,0:1:0,0:2:0,0:1:0,1,1,True,False,010,010
b2383aac8d08dc69dedb,0:1:11,0:1:15,0:1:11,0:1:15,0:2:26,0:1:13,12,16,False,True,011,011
b27b47df96b2107e8e45,0:0:1,0:1:0,0:0:1,0:1:0,0:1:1,0:1:1,1,1,False,True,001,010
b28f3e3f1afea8797302,1:0:0,2:1:0,1:0:0,2:1:0,3:1:0,3:1:0,1,3,False,True,100,110
b2a96a88c5866555dc08,0:1:0,0:1:0,0:1:0,0:1:0,0:2:0,0:1:0,1,1,True,False,010,010
b2cddcad1bad49750956,0:0:1,0:0:2,0:0:1,0:0:1,0:0:3,0:0:1,1,2,True,False,001,001
b2cf8e480aa19686d1d1,0:0:3,0:1:2,0:0:1,0:1:2,0:1:5,0:1:5,3,3,False,True,001,011
b2dc6c35eb49c59fbe99,0:1:0,0:0:1,0:1:0,0:0:1,0:1:1,0:1:1,1,1,False,True,010,001
b336a8a5484b192673b1,0:0:2,1:0:2,0:0:1,1:0:2,1:0:4,1:0:4,2,3,False,True,001,101
b348ab8457787ac47e73,0:0:1,0:0:4,0:0:1,0:0:1,0:0:5,0:0:1,1,4,True,False,001,001
b358010b29a7ca75c13b,0:3:0,0:1:0,0:1:0,0:1:0,0:4:0,0:1:0,3,1,True,False,010,010
b39e6c0002bb892502e2,0:0:1,0:0:1,0:0:1,0:0:1,0:0:2,0:0:1,1,1,True,False,001,001
b3a15fbf37aacac4736c,0:0:1,0:0:1,0:0:1,0:0:1,0:0:2,0:0:1,1,1,True,False,001,001
b3c1e8703ee3c45384d3,0:0:1,0:0:1,0:0:1,0:0:1,0:0:2,0:0:1,1,1,True,False,001,001
b3d0758c0b46ed699ac3,0:0:1,0:0:1,0:0:1,0:0:1,0:0:2,0:0:1,1,1,True,False,001,001
b3eb1a38981c7910efd1,0:1:0,0:0:1,0:1:0,0:0:1,0:1:1,0:1:1,1,1,False,True,010,001
b485caae71faf3dadb68,0:0:2,0:0:1,0:0:1,0:0:1,0:0:3,0:0:1,2,1,True,False,001,001
b495126c318c85a9e2dc,0:0:1,0:0:1,0:0:1,0:0:1,0:0:2,0:0:1,1,1,True,False,001,001
b4c6c7faa19277bf1640,0:4:0,1:1:0,0:1:0,1:1:0,1:5:0,1:5:0,4,2,False,True,010,110
b4c7d4eb76dcb47a82cb,0:0:2,0:0:1,0:0:1,0:0:1,0:0:3,0:0:1,2,1,True,False,001,001
b50f696f2d19ce968af1,1:0:1,0:0:1,1:0:1,0:0:1,1:0:2,1:0:2,2,1,False,True,101,001
b5782b5fa39b96c03d7b,0:0:1,0:0:1,0:0:1,0:0:1,0:0:2,0:0:1,1,1,True,False,001,001
b58680eb1a40cc9ba35d,0:0:1,0:0:1,0:0:1,0:0:1,0:0:2,0:0:1,1,1,True,False,001,001
b5a477b5e56ca2812c70,1:14:0,9:11:0,1:14:0,9:11:0,10:25:0,2:5:0,15,20,False,True,110,110
b5b16232ae2dd7925610,0:0:2,0:1:0,0:0:1,0:1:0,0:1:2,0:1:2,2,1,False,True,001,010
b658896a303fb237d8fb,0:0:2,0:0:2,0:0:1,0:0:1,0:0:4,0:0:1,2,2,True,False,001,001
b669bee60b4e34f8f0c8,0:0:2,0:0:4,0:0:1,0:0:1,0:0:6,0:0:1,2,4,True,False,001,001
b6aba6cb6542302d39a1,0:1:0,1:1:0,0:1:0,1:1:0,1:2:0,1:2:0,1,2,False,True,010,110
b6dca0954ac0b1924bf5,0:3:0,0:5:0,0:1:0,0:1:0,0:8:0,0:1:0,3,5,True,False,010,010
b6f878f962ccee34047c,0:2:0,0:1:0,0:1:0,0:1:0,0:3:0,0:1:0,2,1,True,False,010,010
b700be5970d91902d5d3,0:0:2,0:0:1,0:0:1,0:0:1,0:0:3,0:0:1,2,1,True,False,001,001
b721816753aaa509f675,0:3:0,1:9:0,0:1:0,1:9:0,1:12:0,1:12:0,3,10,False,True,010,110
b751c45997c206719d08,0:1:0,0:0:2,0:1:0,0:0:1,0:1:2,0:1:2,1,2,False,True,010,001
b75c3830b9b59a86748c,0:0:3,0:0:1,0:0:1,0:0:1,0:0:4,0:0:1,3,1,True,False,001,001
b774a414ca29e49bc6e8,0:3:0,2:0:0,0:1:0,1:0:0,2:3:0,2:3:0,3,2,False,True,010,100
b79182c1c7678132362a,0:0:2,1:0:2,0:0:1,1:0:2,1:0:4,1:0:4,2,3,False,True,001,101
b7a68a666fe9f7b463ad,0:0:4,0:0:2,0:0:1,0:0:1,0:0:6,0:0:1,4,2,True,False,001,001
b7cd1b9f5812eeb423b7,0:0:2,0:0:2,0:0:1,0:0:1,0:0:4,0:0:1,2,2,True,False,001,001
b7e2e2f50d14c1032a9b,0:0:1,0:0:1,0:0:1,0:0:1,0:0:2,0:0:1,1,1,True,False,001,001
b80bb06c17922e195fff,0:0:2,0:0:3,0:0:1,0:0:1,0:0:5,0:0:1,2,3,True,False,001,001
b83646b665766d5f06e6,0:1:0,0:3:0,0:1:0,0:1:0,0:4:0,0:1:0,1,3,True,False,010,010
b86f046d830db1bbe362,0:0:1,0:1:0,0:0:1,0:1:0,0:1:1,0:1:1,1,1,False,True,001,010
b87211f9675b74d2772f,0:3:0,0:2:0,0:1:0,0:1:0,0:5:0,0:1:0,3,2,True,False,010,010
b8de21a88e6ee9e2ad73,0:0:1,0:0:2,0:0:1,0:0:1,0:0:3,0:0:1,1,2,True,False,001,001
b8e305a7e7ca68315ea9,0:0:2,0:2:3,0:0:1,0:2:3,0:2:5,0:2:5,2,5,False,True,001,011
b8e5146cdca627ccf243,0:0:4,0:1:2,0:0:1,0:1:2,0:1:6,0:1:6,4,3,False,True,001,011
b93521cecf4e1889b64b,2:17:1,4:25:0,2:17:1,4:25:0,6:42:1,6:42:1,20,29,False,True,111,110
b977df7b9bdf14fce9f2,1:4:1,0:3:1,1:4:1,0:3:1,1:7:2,1:7:2,6,4,False,True,111,011
b996778c8603dd102651,0:0:1,0:0:3,0:0:1,0:0:1,0:0:4,0:0:1,1,3,True,False,001,001
b9d13b6ca72f7a59a592,0:0:2,0:0:1,0:0:1,0:0:1,0:0:3,0:0:1,2,1,True,False,001,001
b9d195fdb9d92eac64a3,0:1:0,0:1:0,0:1:0,0:1:0,0:2:0,0:1:0,1,1,True,False,010,010
b9e9f40d96ced1d903d5,0:0:1,0:1:1,0:0:1,0:1:1,0:1:2,0:1:2,1,2,False,True,001,011
b9f3a85e40cb1e51e8c0,0:0:1,0:1:2,0:0:1,0:1:2,0:1:3,0:1:3,1,3,False,True,001,011
b9f4ac3e9c0262c0d6d1,0:0:4,0:1:10,0:0:1,0:1:10,0:1:14,0:1:14,4,11,False,True,001,011
ba00cbad7a95344478f4,0:0:1,0:0:2,0:0:1,0:0:1,0:0:3,0:0:1,1,2,True,False,001,001
ba043b816d95809f173e,0:2:3,0:1:1,0:2:3,0:1:1,0:3:4,0:3:4,5,2,False,True,011,011
ba154430ea3bcd28ffa6,0:0:2,0:0:1,0:0:1,0:0:1,0:0:3,0:0:1,2,1,True,False,001,001
ba859fa654d487a351c6,0:0:1,0:0:3,0:0:1,0:0:1,0:0:4,0:0:1,1,3,True,False,001,001
baae5147497f6536c0df,0:0:1,0:0:1,0:0:1,0:0:1,0:0:2,0:0:1,1,1,True,False,001,001
badd55e0487502eebb64,0:0:10,1:1:8,0:0:1,1:1:8,1:1:18,1:1:18,10,10,False,True,001,111
baf3787ceff2cf521235,0:4:4,0:2:7,0:1:1,0:2:7,0:6:11,0:6:11,8,9,False,True,011,011
baf3c7f495a2091c6652,0:1:0,0:2:0,0:1:0,0:1:0,0:3:0,0:1:0,1,2,True,False,010,010
bb337ab1f45f54de053b,0:0:2,0:0:1,0:0:1,0:0:1,0:0:3,0:0:1,2,1,True,False,001,001
bb4287458f60677467a2,0:0:1,0:0:4,0:0:1,0:0:1,0:0:5,0:0:1,1,4,True,False,001,001
bb46ecf243cccd6cf098,8:3:1,9:1:2,8:3:1,9:1:2,17:4:3,17:4:3,12,12,False,True,111,111
bb5a762052d1899e5f80,0:0:2,0:0:1,0:0:1,0:0:1,0:0:3,0:0:1,2,1,True,False,001,001
bb993450adf922d38f81,0:0:1,0:0:1,0:0:1,0:0:1,0:0:2,0:0:1,1,1,True,False,001,001
bbafb9203db68d820282,0:3:0,1:1:0,0:1:0,1:1:0,1:4:0,1:4:0,3,2,False,True,010,110
bbd6220a33d3a107a3fd,0:0:10,0:1:4,0:0:1,0:1:4,0:1:14,0:1:14,10,5,False,True,001,011
bbdb39d556ca661a5a05,0:1:0,0:0:1,0:1:0,0:0:1,0:1:1,0:1:1,1,1,False,True,010,001
bbe5a47f0669c625dde5,0:0:1,0:0:1,0:0:1,0:0:1,0:0:2,0:0:1,1,1,True,False,001,001
bbeb663ab231ab645c0a,0:1:0,1:0:0,0:1:0,1:0:0,1:1:0,1:1:0,1,1,False,True,010,100
bbf85f30686b36c10bf2,0:0:2,0:0:2,0:0:1,0:0:1,0:0:4,0:0:1,2,2,True,False,001,001
bc36218bc0434a5074b1,1:3:0,0:2:0,1:3:0,0:1:0,1:5:0,1:5:0,4,2,False,True,110,010
bc44454021c0b0f43518,0:0:2,0:2:3,0:0:1,0:2:3,0:2:5,0:2:5,2,5,False,True,001,011
bc4b48454e39e6cca202,0:0:2,0:0:1,0:0:1,0:0:1,0:0:3,0:0:1,2,1,True,False,001,001
bca706b3365b339e30b7,0:0:1,0:0:2,0:0:1,0:0:1,0:0:3,0:0:1,1,2,True,False,001,001
bcd93dc27f2df217b038,0:0:2,0:0:3,0:0:1,0:0:1,0:0:5,0:0:1,2,3,True,False,001,001
bd374e4921f0ce407e77,0:0:1,1:0:0,0:0:1,1:0:0,1:0:1,1:0:1,1,1,False,True,001,100
bd88f33235ca13c0ab4b,0:1:0,0:0:2,0:1:0,0:0:1,0:1:2,0:1:2,1,2,False,True,010,001
bdaf593f855e745fd218,0:11:0,0:8:0,0:1:0,0:1:0,0:19:0,0:1:0,11,8,True,False,010,010
bdfad0e2335bdc291d45,0:1:1,0:0:1,0:1:1,0:0:1,0:1:2,0:1:2,2,1,False,True,011,001
be1f8c570e43d919efb5,1:0:2,0:0:1,1:0:2,0:0:1,1:0:3,1:0:3,3,1,False,True,101,001
be6727250f4c613c75fd,0:0:2,0:0:5,0:0:1,0:0:1,0:0:7,0:0:1,2,5,True,False,001,001
be80273f3e383cc61753,0:0:1,0:0:1,0:0:1,0:0:1,0:0:2,0:0:1,1,1,True,False,001,001
be9927dd819cdf6a1c84,1:7:3,2:8:9,1:7:3,2:8:9,3:15:12,1:5:4,11,19,False,True,111,111
bea4798e35ba4bd2b94f,0:0:1,0:0:1,0:0:1,0:0:1,0:0:2,0:0:1,1,1,True,False,001,001
beb5956837e4e493aa68,1:0:0,0:2:0,1:0:0,0:1:0,1:2:0,1:2:0,1,2,False,True,100,010
bf4658b5f4efa3841b4e,0:0:2,0:0:2,0:0:1,0:0:1,0:0:4,0:0:1,2,2,True,False,001,001
bf4c5d9bd24255ff4cf5,2:3:0,3:3:0,2:3:0,1:1:0,5:6:0,5:6:0,5,6,False,True,110,110
bf5c0c0f247db0a13660,0:0:2,0:0:1,0:0:1,0:0:1,0:0:3,0:0:1,2,1,True,False,001,001
bfa0a2b758d529d1878f,0:1:5,0:0:5,0:1:5,0:0:1,0:1:10,0:1:10,6,5,False,True,011,001
bfabe48fe92b709ac61a,0:3:0,0:2:0,0:1:0,0:1:0,0:5:0,0:1:0,3,2,True,False,010,010
bfba7f924e7ca37359d0,0:1:2,0:0:4,0:1:2,0:0:1,0:1:6,0:1:6,3,4,False,True,011,001
bfd6f17757da3d3e404e,0:0:2,0:0:1,0:0:1,0:0:1,0:0:3,0:0:1,2,1,True,False,001,001
bfe08654d0ab3978cdd1,0:0:1,0:0:1,0:0:1,0:0:1,0:0:2,0:0:1,1,1,True,False,001,001
c001a80f5a86ca1b5214,1:3:1,1:8:1,1:3:1,1:8:1,2:11:2,2:11:2,5,10,False,True,111,111
c02464c19b034ad1b02c,0:1:0,0:2:0,0:1:0,0:1:0,0:3:0,0:1:0,1,2,True,False,010,010
c03fe3521a8b830396b4,3:1:1,5:1:0,3:1:1,5:1:0,8:2:1,8:2:1,5,6,False,True,111,110
c0a43079f12874567e40,0:1:11,0:2:9,0:1:11,0:2:9,0:3:20,0:3:20,12,11,False,True,011,011
c0c40eab6a4d1bd11ce0,0:1:0,1:0:0,0:1:0,1:0:0,1:1:0,1:1:0,1,1,False,True,010,100
c126f99ec4e9fc812e27,0:0:2,0:1:1,0:0:1,0:1:1,0:1:3,0:1:3,2,2,False,True,001,011
c176708d12c78694a5cb,0:0:7,0:0:6,0:0:1,0:0:1,0:0:13,0:0:1,7,6,True,False,001,001
c17fd33e3612bda91680,0:0:3,0:0:2,0:0:1,0:0:1,0:0:5,0:0:1,3,2,True,False,001,001
c1916890e93ccdaf1066,0:1:0,1:0:0,0:1:0,1:0:0,1:1:0,1:1:0,1,1,False,True,010,100
c1a508d83860868fac33,0:0:1,0:0:1,0:0:1,0:0:1,0:0:2,0:0:1,1,1,True,False,001,001
c1aaf72d27b5ef6569d8,4:2:0,7:0:0,2:1:0,1:0:0,11:2:0,11:2:0,6,7,False,True,110,100
c1c4c6888cef55ffb7cf,0:0:3,0:0:1,0:0:1,0:0:1,0:0:4,0:0:1,3,1,True,False,001,001
c1c82b77534cb0bd6b72,0:0:1,0:0:1,0:0:1,0:0:1,0:0:2,0:0:1,1,1,True,False,001,001
c2058b6c905a330654fe,0:0:5,0:0:4,0:0:1,0:0:1,0:0:9,0:0:1,5,4,True,False,001,001
c23760e9fce0a9e161b3,0:0:2,0:0:6,0:0:1,0:0:1,0:0:8,0:0:1,2,6,True,False,001,001
c24178194c065ae1cdfe,0:3:0,0:2:1,0:1:0,0:2:1,0:5:1,0:5:1,3,3,False,True,010,011
c29bc1b1c773618f6244,0:1:0,1:0:0,0:1:0,1:0:0,1:1:0,1:1:0,1,1,False,True,010,100
c2a8f0ddc9222a215be9,0:0:1,0:0:1,0:0:1,0:0:1,0:0:2,0:0:1,1,1,True,False,001,001
c2ac18a702e34d24d49b,1:0:0,0:0:1,1:0:0,0:0:1,1:0:1,1:0:1,1,1,False,True,100,001
c2bd0e9795c49fa28ff0,0:0:1,0:0:1,0:0:1,0:0:1,0:0:2,0:0:1,1,1,True,False,001,001
c2c92dafdeae155e222d,0:0:3,0:0:2,0:0:1,0:0:1,0:0:5,0:0:1,3,2,True,False,001,001
c2cdc39e9f26f293c7ad,0:0:1,0:1:0,0:0:1,0:1:0,0:1:1,0:1:1,1,1,False,True,001,010
c2e2a31966f41afc6261,0:0:1,0:0:1,0:0:1,0:0:1,0:0:2,0:0:1,1,1,True,False,001,001
c2ef04c1e32324ab053e,1:8:2,3:14:0,1:8:2,3:14:0,4:22:2,2:11:1,11,17,False,True,111,110
c342bd7856059435f588,0:0:2,0:1:1,0:0:1,0:1:1,0:1:3,0:1:3,2,2,False,True,001,011
c3791bfe7a75b4604289,0:0:3,0:0:6,0:0:1,0:0:1,0:0:9,0:0:1,3,6,True,False,001,001
c3bbf83eabae364fa2be,0:0:6,0:1:4,0:0:1,0:1:4,0:1:10,0:1:10,6,5,False,True,001,011
c3d9f3485deb9fde17f1,0:0:3,0:0:1,0:0:1,0:0:1,0:0:4,0:0:1,3,1,True,False,001,001
c3eced593b645d842313,0:2:0,0:5:3,0:1:0,0:5:3,0:7:3,0:7:3,2,8,False,True,010,011
c42377b5102599c585db,0:0:2,0:1:0,0:0:1,0:1:0,0:1:2,0:1:2,2,1,False,True,001,010
c44e3aa34bd3c890d07f,0:0:1,0:0:1,0:0:1,0:0:1,0:0:2,0:0:1,1,1,True,False,001,001
c4b82bdd35457bb05e6b,0:0:2,0:0:4,0:0:1,0:0:1,0:0:6,0:0:1,2,4,True,False,001,001
c51218323aa5a7618448,1:0:2,1:2:2,1:0:2,1:2:2,2:2:4,1:1:2,3,5,False,True,101,111
c51601ebd57eaae69ad0,1:0:0,0:0:1,1:0:0,0:0:1,1:0:1,1:0:1,1,1,False,True,100,001
c5945b6043933b9a7b7f,0:1:1,0:0:1,0:1:1,0:0:1,0:1:2,0:1:2,2,1,False,True,011,001
c5a0f4dcc41a89139ec6,0:0:6,0:1:0,0:0:1,0:1:0,0:1:6,0:1:6,6,1,False,True,001,010
c5b39102e5432594501f,0:0:2,0:1:2,0:0:1,0:1:2,0:1:4,0:1:4,2,3,False,True,001,011
c5dc0b5dcb968fbbe846,0:0:1,0:1:0,0:0:1,0:1:0,0:1:1,0:1:1,1,1,False,True,001,010
c5ff6a5f70387574f2cc,0:0:2,0:0:3,0:0:1,0:0:1,0:0:5,0:0:1,2,3,True,False,001,001
c6031dff13cd568d30de,0:0:1,0:0:2,0:0:1,0:0:1,0:0:3,0:0:1,1,2,True,False,001,001
c621f4056bceff3f1b97,0:0:1,0:1:0,0:0:1,0:1:0,0:1:1,0:1:1,1,1,False,True,001,010
c6b9dec7f4236931b517,64:15:0,89:23:0,64:15:0,89:23:0,153:38:0,153:38:0,79,112,False,True,110,110
c6e82fe0dc4bfe73bc3e,0:2:0,2:7:0,0:1:0,2:7:0,2:9:0,2:9:0,2,9,False,True,010,110
c70b1ca8f5e27c22e8ce,1:1:0,1:1:0,1:1:0,1:1:0,2:2:0,1:1:0,2,2,True,False,110,110
c717052d1e9cfbe2555c,0:0:2,0:0:5,0:0:1,0:0:1,0:0:7,0:0:1,2,5,True,False,001,001
c730f2b1b91eff563965,0:0:3,0:0:1,0:0:1,0:0:1,0:0:4,0:0:1,3,1,True,False,001,001
c7568d43f87f73d31df0,0:0:5,1:0:7,0:0:1,1:0:7,1:0:12,1:0:12,5,8,False,True,001,101
c7576af75ea9b185d048,0:0:1,0:0:3,0:0:1,0:0:1,0:0:4,0:0:1,1,3,True,False,001,001
c79141068097060c4bda,1:0:0,2:0:0,1:0:0,1:0:0,3:0:0,1:0:0,1,2,True,False,100,100
c7e137ae2ae681583c10,0:2:1,1:3:0,0:2:1,1:3:0,1:5:1,1:5:1,3,4,False,True,011,110
c81be0f536fb510787af,0:1:0,0:2:1,0:1:0,0:2:1,0:3:1,0:3:1,1,3,False,True,010,011
c82e004bf07730fb2737,0:1:0,0:4:0,0:1:0,0:1:0,0:5:0,0:1:0,1,4,True,False,010,010
c83b42542aef64226b80,0:0:5,0:1:6,0:0:1,0:1:6,0:1:11,0:1:11,5,7,False,True,001,011
c8954d1702fc7eda5b5d,1:1:0,0:2:0,1:1:0,0:1:0,1:3:0,1:3:0,2,2,False,True,110,010
c89585d4abee6f0ac492,0:0:2,0:1:2,0:0:1,0:1:2,0:1:4,0:1:4,2,3,False,True,001,011
c89cb9863e1b23ccc69d,0:1:0,0:1:0,0:1:0,0:1:0,0:2:0,0:1:0,1,1,True,False,010,010
c8aededf9af21508d899,0:0:6,0:0:3,0:0:1,0:0:1,0:0:9,0:0:1,6,3,True,False,001,001
c8c1e42ed1c72a9a8ec5,0:0:1,0:0:5,0:0:1,0:0:1,0:0:6,0:0:1,1,5,True,False,001,001
c8e347b1adfe546d1117,0:0:1,0:0:1,0:0:1,0:0:1,0:0:2,0:0:1,1,1,True,False,001,001
c8e469d58b88e41cc561,0:1:7,0:2:3,0:1:7,0:2:3,0:3:10,0:3:10,8,5,False,True,011,011
c98a118e4f83dfe0d489,0:0:1,0:0:1,0:0:1,0:0:1,0:0:2,0:0:1,1,1,True,False,001,001
c9a99aec415b5ca809dd,0:1:0,0:0:3,0:1:0,0:0:1,0:1:3,0:1:3,1,3,False,True,010,001
c9dc92331ee041516627,0:2:0,0:1:0,0:1:0,0:1:0,0:3:0,0:1:0,2,1,True,False,010,010
ca3e842bc9b78b0e8024,0:1:0,1:0:0,0:1:0,1:0:0,1:1:0,1:1:0,1,1,False,True,010,100
ca5bbb1060e266a2df9c,18:5:0,41:14:0,18:5:0,41:14:0,59:19:0,59:19:0,23,55,False,True,110,110
ca5ec9a29dcbe72057bb,0:1:0,0:2:0,0:1:0,0:1:0,0:3:0,0:1:0,1,2,True,False,010,010
ca889cd89d5066bbe219,0:0:1,0:0:3,0:0:1,0:0:1,0:0:4,0:0:1,1,3,True,False,001,001
cace3e6cd99f7b6b5cf3,1:1:0,0:2:0,1:1:0,0:1:0,1:3:0,1:3:0,2,2,False,True,110,010
caf99ce9a3795303c2ff,0:0:1,0:0:1,0:0:1,0:0:1,0:0:2,0:0:1,1,1,True,False,001,001
cb3272b9a6e383558406,0:2:0,1:5:0,0:1:0,1:5:0,1:7:0,1:7:0,2,6,False,True,010,110
cb3e617ed46516beb911,1:2:0,1:2:0,1:2:0,1:2:0,2:4:0,1:2:0,3,3,True,False,110,110
cbe6a61eaaad31987711,0:0:1,0:0:1,0:0:1,0:0:1,0:0:2,0:0:1,1,1,True,False,001,001
cc1e66ca9fa1c0266cea,1:1:2,1:0:0,1:1:2,1:0:0,2:1:2,2:1:2,4,1,False,True,111,100
cc70fff904645ffdceb9,0:0:2,0:0:1,0:0:1,0:0:1,0:0:3,0:0:1,2,1,True,False,001,001
cc7e65c8ac7313e49ef8,0:0:2,0:1:3,0:0:1,0:1:3,0:1:5,0:1:5,2,4,False,True,001,011
cd18fc47b6ec569533f9,0:0:1,0:0:2,0:0:1,0:0:1,0:0:3,0:0:1,1,2,True,False,001,001
cd381472c8654c9521e8,0:1:0,0:1:0,0:1:0,0:1:0,0:2:0,0:1:0,1,1,True,False,010,010
cd43eba0f9bf37724a1e,0:0:2,0:0:1,0:0:1,0:0:1,0:0:3,0:0:1,2,1,True,False,001,001
cd63fa4cd73f8a747b0a,0:0:3,1:0:2,0:0:1,1:0:2,1:0:5,1:0:5,3,3,False,True,001,101
cd8786930f03fc3fe956,0:1:0,0:0:2,0:1:0,0:0:1,0:1:2,0:1:2,1,2,False,True,010,001
cdd6e96b8d861da91362,0:1:0,0:1:0,0:1:0,0:1:0,0:2:0,0:1:0,1,1,True,False,010,010
cddad7e2ddbf85f5c461,0:0:7,0:2:5,0:0:1,0:2:5,0:2:12,0:1:6,7,7,False,True,001,011
cddecb801edd9757bcad,1:1:0,0:0:2,1:1:0,0:0:1,1:1:2,1:1:2,2,2,False,True,110,001
ce542f9fbb7da55c8189,0:0:2,0:0:2,0:0:1,0:0:1,0:0:4,0:0:1,2,2,True,False,001,001
ce70eaba8cb27d520f54,0:1:0,0:1:0,0:1:0,0:1:0,0:2:0,0:1:0,1,1,True,False,010,010
ce89d9fbeb1a960cc314,0:1:0,0:2:0,0:1:0,0:1:0,0:3:0,0:1:0,1,2,True,False,010,010
cea1e7882b0934154833,0:3:0,0:1:0,0:1:0,0:1:0,0:4:0,0:1:0,3,1,True,False,010,010
cea2ed64f95421e17dd9,0:0:1,0:0:1,0:0:1,0:0:1,0:0:2,0:0:1,1,1,True,False,001,001
ceb59ac90cdf65c18a85,1:0:1,0:0:1,1:0:1,0:0:1,1:0:2,1:0:2,2,1,False,True,101,001
cebe71de3f81c06bb0b3,0:0:2,0:1:0,0:0:1,0:1:0,0:1:2,0:1:2,2,1,False,True,001,010
cee00c899be8c0ff1eed,1:0:1,1:0:4,1:0:1,1:0:4,2:0:5,2:0:5,2,5,False,True,101,101
cee107fa475286142d40,0:1:0,0:0:1,0:1:0,0:0:1,0:1:1,0:1:1,1,1,False,True,010,001
cee56c534d6a951cacee,0:0:2,0:0:3,0:0:1,0:0:1,0:0:5,0:0:1,2,3,True,False,001,001
ceeab366ae02d477be2b,0:1:0,1:0:0,0:1:0,1:0:0,1:1:0,1:1:0,1,1,False,True,010,100
cf11bd99d494892dea3b,0:3:0,0:2:0,0:1:0,0:1:0,0:5:0,0:1:0,3,2,True,False,010,010
cf75b31941cf3bda18e8,0:0:1,0:0:1,0:0:1,0:0:1,0:0:2,0:0:1,1,1,True,False,001,001
cf928d647f631dccbf64,0:1:6,0:0:5,0:1:6,0:0:1,0:1:11,0:1:11,7,5,False,True,011,001
cf9320f0a72aa04287ab,0:12:0,0:8:0,0:1:0,0:1:0,0:20:0,0:1:0,12,8,True,False,010,010
cfac535ca86eca0c0194,0:0:1,1:0:0,0:0:1,1:0:0,1:0:1,1:0:1,1,1,False,True,001,100
cfcb2c1f10349ec57cba,0:0:4,0:0:3,0:0:1,0:0:1,0:0:7,0:0:1,4,3,True,False,001,001
cfefc94186d559fd4758,0:0:4,0:0:1,0:0:1,0:0:1,0:0:5,0:0:1,4,1,True,False,001,001
d022308e67c1f8fe059a,0:2:2,0:2:2,0:1:1,0:1:1,0:4:4,0:1:1,4,4,True,False,011,011
d02d0180e6631c5f668b,2:1:0,3:1:1,2:1:0,3:1:1,5:2:1,5:2:1,3,5,False,True,110,111
d03a873a43ea4dac7856,0:0:1,0:0:3,0:0:1,0:0:1,0:0:4,0:0:1,1,3,True,False,001,001
d071a1e9bcc2a19cdcd6,0:0:2,0:1:0,0:0:1,0:1:0,0:1:2,0:1:2,2,1,False,True,001,010
d0a3c4dec896355db6cc,0:1:5,0:0:4,0:1:5,0:0:1,0:1:9,0:1:9,6,4,False,True,011,001
d0b769126e3d6073d20a,0:0:2,1:0:4,0:0:1,1:0:4,1:0:6,1:0:6,2,5,False,True,001,101
d0f4f05b5eeae9026919,0:1:15,0:0:12,0:1:15,0:0:1,0:1:27,0:1:27,16,12,False,True,011,001
d1478480dc311095571e,1:0:0,1:0:0,1:0:0,1:0:0,2:0:0,1:0:0,1,1,True,False,100,100
d17b7587c0a7fb4d56e2,0:3:3,0:1:3,0:1:1,0:1:3,0:4:6,0:2:3,6,4,False,True,011,011
d18cf6b7074d1fb57fa1,0:2:4,0:0:4,0:1:2,0:0:1,0:2:8,0:1:4,6,4,False,True,011,001
d1ab856048f04b700e7e,0:0:1,0:1:1,0:0:1,0:1:1,0:1:2,0:1:2,1,2,False,True,001,011
d1d45542efd4eec4dd7a,0:0:5,1:0:4,0:0:1,1:0:4,1:0:9,1:0:9,5,5,False,True,001,101
d2098dfd46262a88178d,1:0:1,0:1:0,1:0:1,0:1:0,1:1:1,1:1:1,2,1,False,True,101,010
d243c4d68877e01a11d2,3:1:0,5:0:1,3:1:0,5:0:1,8:1:1,8:1:1,4,6,False,True,110,101
d25c75af74503489bbae,0:1:0,0:1:0,0:1:0,0:1:0,0:2:0,0:1:0,1,1,True,False,010,010
d29150a8df06ea1fc85f,0:0:1,1:0:0,0:0:1,1:0:0,1:0:1,1:0:1,1,1,False,True,001,100
d2b5d4b4b17eff20d4ce,0:0:8,0:0:6,0:0:1,0:0:1,0:0:14,0:0:1,8,6,True,False,001,001
d2ed24dd2a795bf43a26,0:0:3,0:0:6,0:0:1,0:0:1,0:0:9,0:0:1,3,6,True,False,001,001
d3185a812923b079bc52,0:0:1,0:0:1,0:0:1,0:0:1,0:0:2,0:0:1,1,1,True,False,001,001
d34acd1ee667bc42a74e,0:0:3,0:0:4,0:0:1,0:0:1,0:0:7,0:0:1,3,4,True,False,001,001
d3c634886787df58a6c0,0:1:10,0:0:4,0:1:10,0:0:1,0:1:14,0:1:14,11,4,False,True,011,001
d40312b9eb8a3953ffdf,0:0:1,0:0:1,0:0:1,0:0:1,0:0:2,0:0:1,1,1,True,False,001,001
d434d76bf7c91969331d,0:1:2,0:1:2,0:1:2,0:1:2,0:2:4,0:1:2,3,3,True,False,011,011
d4730c87751c3479ab2c,0:0:5,0:0:4,0:0:1,0:0:1,0:0:9,0:0:1,5,4,True,False,001,001
d51919b6f962ae1e5319,0:0:3,0:0:4,0:0:1,0:0:1,0:0:7,0:0:1,3,4,True,False,001,001
d5575f56d4e456af4444,0:0:2,0:1:0,0:0:1,0:1:0,0:1:2,0:1:2,2,1,False,True,001,010
d5b153f3086b1a4254ea,1:3:6,0:0:3,1:3:6,0:0:1,1:3:9,1:3:9,10,3,False,True,111,001
d5b5fe74eb446c4590f3,0:0:5,0:0:2,0:0:1,0:0:1,0:0:7,0:0:1,5,2,True,False,001,001
d5f06df3cbdde8a196c6,1:0:1,1:0:1,1:0:1,1:0:1,2:0:2,1:0:1,2,2,True,False,101,101
d5faee3c1c60a86de633,0:2:0,1:0:0,0:1:0,1:0:0,1:2:0,1:2:0,2,1,False,True,010,100
d6342801b59995f5f7b7,4:0:0,4:0:0,1:0:0,1:0:0,8:0:0,1:0:0,4,4,True,False,100,100
d6894e53db1775e9cd6c,0:0:1,0:0:5,0:0:1,0:0:1,0:0:6,0:0:1,1,5,True,False,001,001
d6b53ae273d41e6d07f8,1:2:0,2:2:1,1:2:0,2:2:1,3:4:1,3:4:1,3,5,False,True,110,111
d6f92b6bb1bcf695f181,0:1:0,0:0:1,0:1:0,0:0:1,0:1:1,0:1:1,1,1,False,True,010,001
d70843b1ade3aa1ca927,1:0:1,0:1:0,1:0:1,0:1:0,1:1:1,1:1:1,2,1,False,True,101,010
d710ee9fc6816e94b749,0:1:0,0:2:1,0:1:0,0:2:1,0:3:1,0:3:1,1,3,False,True,010,011
d7180bf40bb4ddc1ede3,0:0:1,0:0:1,0:0:1,0:0:1,0:0:2,0:0:1,1,1,True,False,001,001
d7739234473ac4690176,0:6:0,1:3:0,0:1:0,1:3:0,1:9:0,1:9:0,6,4,False,True,010,110
d7a1a16555bd6ecaa8d1,0:0:1,0:0:2,0:0:1,0:0:1,0:0:3,0:0:1,1,2,True,False,001,001
d7c50f552f768d3bc881,0:14:2,1:4:0,0:7:1,1:4:0,1:18:2,1:18:2,16,5,False,True,011,110
d8cc6f2c3254451881a6,1:2:0,0:3:0,1:2:0,0:1:0,1:5:0,1:5:0,3,3,False,True,110,010
d8cd6190ed538e4b9c10,0:0:2,1:1:1,0:0:1,1:1:1,1:1:3,1:1:3,2,3,False,True,001,111
d8d4f770a7b063e7f98a,0:0:1,0:0:1,0:0:1,0:0:1,0:0:2,0:0:1,1,1,True,False,001,001
d8f289d33e707a7976b3,0:0:1,0:0:1,0:0:1,0:0:1,0:0:2,0:0:1,1,1,True,False,001,001
d9d73f48783b4ab21fb4,1:0:0,1:0:0,1:0:0,1:0:0,2:0:0,1:0:0,1,1,True,False,100,100
da4a891bc2faed510e13,0:0:1,0:1:0,0:0:1,0:1:0,0:1:1,0:1:1,1,1,False,True,001,010
da6890742fd1d1e7bc4e,0:1:0,0:0:1,0:1:0,0:0:1,0:1:1,0:1:1,1,1,False,True,010,001
dafbe46e0f5eda57b83c,0:4:1,1:0:0,0:4:1,1:0:0,1:4:1,1:4:1,5,1,False,True,011,100
db77f3d080fb52ce120e,0:0:5,0:1:5,0:0:1,0:1:5,0:1:10,0:1:10,5,6,False,True,001,011
dbbb402563de2d69408f,0:1:0,1:0:0,0:1:0,1:0:0,1:1:0,1:1:0,1,1,False,True,010,100
dbf8e73287f0650d103d,0:1:4,0:0:4,0:1:4,0:0:1,0:1:8,0:1:8,5,4,False,True,011,001
dc3f005125f8f571cab2,0:1:5,0:0:2,0:1:5,0:0:1,0:1:7,0:1:7,6,2,False,True,011,001
dc870070f5c651c0b026,0:1:1,0:0:1,0:1:1,0:0:1,0:1:2,0:1:2,2,1,False,True,011,001
dcccbe6840d4f4419ba8,0:1:0,0:0:1,0:1:0,0:0:1,0:1:1,0:1:1,1,1,False,True,010,001
dce82a2ee654d8dcd0bc,0:1:0,0:1:0,0:1:0,0:1:0,0:2:0,0:1:0,1,1,True,False,010,010
dcf80347c0e182b412e9,1:0:0,2:1:0,1:0:0,2:1:0,3:1:0,3:1:0,1,3,False,True,100,110
dd06c808f7ce7f2b11f8,0:1:0,0:0:1,0:1:0,0:0:1,0:1:1,0:1:1,1,1,False,True,010,001
dd0b65249237175b0695,0:0:1,0:0:1,0:0:1,0:0:1,0:0:2,0:0:1,1,1,True,False,001,001
dd616f470d6fcc50173f,0:0:3,0:0:1,0:0:1,0:0:1,0:0:4,0:0:1,3,1,True,False,001,001
dd92b390640ac413ca6b,0:0:1,0:0:1,0:0:1,0:0:1,0:0:2,0:0:1,1,1,True,False,001,001
ddd3f1dcf69c71f81863,0:0:3,0:0:2,0:0:1,0:0:1,0:0:5,0:0:1,3,2,True,False,001,001
ddf4b9a955cc5ef0b890,0:0:1,0:0:1,0:0:1,0:0:1,0:0:2,0:0:1,1,1,True,False,001,001
de1e767aeb1b1d960219,7:0:0,2:0:1,1:0:0,2:0:1,9:0:1,9:0:1,7,3,False,True,100,101
de2f85b1704fb45e0b0c,0:1:5,0:1:2,0:1:5,0:1:2,0:2:7,0:2:7,6,3,False,True,011,011
de85d61152a0ce28d7b8,0:0:12,0:0:4,0:0:1,0:0:1,0:0:16,0:0:1,12,4,True,False,001,001
de88b2ecdba4bd2aaf90,0:0:1,0:0:2,0:0:1,0:0:1,0:0:3,0:0:1,1,2,True,False,001,001
decc615d05dab809f438,0:1:4,0:0:2,0:1:4,0:0:1,0:1:6,0:1:6,5,2,False,True,011,001
df3689ccc75455775bba,0:1:1,0:0:3,0:1:1,0:0:1,0:1:4,0:1:4,2,3,False,True,011,001
df8ea832e5bcaf9461d8,0:3:1,1:2:6,0:3:1,1:2:6,1:5:7,1:5:7,4,9,False,True,011,111
df98ca0f8c8638cd1a9a,0:0:3,0:0:4,0:0:1,0:0:1,0:0:7,0:0:1,3,4,True,False,001,001
df9fd244958077b480b1,0:1:0,0:1:0,0:1:0,0:1:0,0:2:0,0:1:0,1,1,True,False,010,010
dfb4d29a02b43c5b40e7,1:1:0,2:1:0,1:1:0,2:1:0,3:2:0,3:2:0,2,3,False,True,110,110
e033fc07ebd7474520f1,1:9:0,1:11:0,1:9:0,1:11:0,2:20:0,1:10:0,10,12,False,True,110,110
e04db44cde7fe289a639,0:0:2,1:0:1,0:0:1,1:0:1,1:0:3,1:0:3,2,2,False,True,001,101
e0a4125851629b37f92f,0:2:0,1:1:1,0:1:0,1:1:1,1:3:1,1:3:1,2,3,False,True,010,111
e0bba696f15bf8310f4d,1:3:2,5:0:4,1:3:2,5:0:4,6:3:6,2:1:2,6,9,False,True,111,101
e103f154089f1d66b88b,0:1:0,0:0:1,0:1:0,0:0:1,0:1:1,0:1:1,1,1,False,True,010,001
e114e9a18e8a8953a614,0:0:1,0:1:0,0:0:1,0:1:0,0:1:1,0:1:1,1,1,False,True,001,010
e12c23343c55114938e7,0:0:3,0:0:1,0:0:1,0:0:1,0:0:4,0:0:1,3,1,True,False,001,001
e14ab46f5a14c06eb262,0:0:1,0:0:2,0:0:1,0:0:1,0:0:3,0:0:1,1,2,True,False,001,001
e16bf541aa995faa377f,0:0:1,1:1:0,0:0:1,1:1:0,1:1:1,1:1:1,1,2,False,True,001,110
e174f6397c6dae737500,1:7:3,0:4:4,1:7:3,0:1:1,1:11:7,1:11:7,11,8,False,True,111,011
e195d24edb9d5d990062,0:0:1,0:0:1,0:0:1,0:0:1,0:0:2,0:0:1,1,1,True,False,001,001
e1ac7bde5e3150813e30,0:0:3,0:0:2,0:0:1,0:0:1,0:0:5,0:0:1,3,2,True,False,001,001
e1ef572f31061d55a664,0:0:1,0:0:1,0:0:1,0:0:1,0:0:2,0:0:1,1,1,True,False,001,001
e1f7b5da0f060533e46d,0:0:1,0:0:1,0:0:1,0:0:1,0:0:2,0:0:1,1,1,True,False,001,001
e2080541f105346852cd,0:0:1,0:0:1,0:0:1,0:0:1,0:0:2,0:0:1,1,1,True,False,001,001
e21c62ab3b14135489e7,0:1:0,0:1:0,0:1:0,0:1:0,0:2:0,0:1:0,1,1,True,False,010,010
e222429020f60bdf5a2c,1:3:0,0:2:0,1:3:0,0:1:0,1:5:0,1:5:0,4,2,False,True,110,010
e23781a5967becfb25a5,0:1:1,0:0:1,0:1:1,0:0:1,0:1:2,0:1:2,2,1,False,True,011,001
e2492843e9fc08dec6c2,0:1:2,0:0:1,0:1:2,0:0:1,0:1:3,0:1:3,3,1,False,True,011,001
e24ff4997c071959868d,0:0:3,0:0:1,0:0:1,0:0:1,0:0:4,0:0:1,3,1,True,False,001,001
e262a3bb8beddc9a5a35,0:0:2,0:0:4,0:0:1,0:0:1,0:0:6,0:0:1,2,4,True,False,001,001
e2a3bfead2e545bc87f5,0:1:0,0:0:3,0:1:0,0:0:1,0:1:3,0:1:3,1,3,False,True,010,001
e2e0b823a787373ed080,0:0:1,0:0:1,0:0:1,0:0:1,0:0:2,0:0:1,1,1,True,False,001,001
e3c364f5e51ae13a8308,0:0:1,0:0:1,0:0:1,0:0:1,0:0:2,0:0:1,1,1,True,False,001,001
e46a5957b0ee3a6e9387,2:0:0,2:0:0,1:0:0,1:0:0,4:0:0,1:0:0,2,2,True,False,100,100
e46d7797ab5df4cb7f3d,0:0:2,0:1:4,0:0:1,0:1:4,0:1:6,0:1:6,2,5,False,True,001,011
e49451667b673d852936,0:0:1,0:0:4,0:0:1,0:0:1,0:0:5,0:0:1,1,4,True,False,001,001
e4cdf07349f30293713e,3:0:0,9:1:1,1:0:0,9:1:1,12:1:1,12:1:1,3,11,False,True,100,111
e4dbd077d3e77aae9d93,0:0:1,0:0:1,0:0:1,0:0:1,0:0:2,0:0:1,1,1,True,False,001,001
e5a3490c349ee00d67e1,0:1:1,0:1:3,0:1:1,0:1:3,0:2:4,0:1:2,2,4,False,True,011,011
e5c63ff144de098acb22,2:0:0,4:2:0,1:0:0,2:1:0,6:2:0,3:1:0,2,6,False,True,100,110
e5cfe4671f16883aab6e,0:0:1,0:0:1,0:0:1,0:0:1,0:0:2,0:0:1,1,1,True,False,001,001
e5ddac7ccc97ea0deb6e,0:0:2,0:0:1,0:0:1,0:0:1,0:0:3,0:0:1,2,1,True,False,001,001
e5dfa1a367e28f9d6fc6,1:0:1,0:1:1,1:0:1,0:1:1,1:1:2,1:1:2,2,2,False,True,101,011
e5eae17930f98a2e9d6b,0:0:2,0:0:1,0:0:1,0:0:1,0:0:3,0:0:1,2,1,True,False,001,001
e6195d0262d3c3d9d18f,0:4:0,0:4:0,0:1:0,0:1:0,0:8:0,0:1:0,4,4,True,False,010,010
e63c501460f56e26b5ba,0:0:1,0:0:1,0:0:1,0:0:1,0:0:2,0:0:1,1,1,True,False,001,001
e6687790aec7b771c6a9,0:2:0,0:1:0,0:1:0,0:1:0,0:3:0,0:1:0,2,1,True,False,010,010
e68b662f88bffea158d5,0:0:1,0:0:2,0:0:1,0:0:1,0:0:3,0:0:1,1,2,True,False,001,001
e6afca241a2b90e11489,0:0:1,0:0:1,0:0:1,0:0:1,0:0:2,0:0:1,1,1,True,False,001,001
e6cdd756b372868c325b,0:0:12,1:0:5,0:0:1,1:0:5,1:0:17,1:0:17,12,6,False,True,001,101
e6f12e95a46fc674bc4f,0:0:3,0:0:2,0:0:1,0:0:1,0:0:5,0:0:1,3,2,True,False,001,001
e74a7fe2eef07d8ccf77,2:0:0,1:0:0,1:0:0,1:0:0,3:0:0,1:0:0,2,1,True,False,100,100
e76f38331a6f14423df9,1:0:0,0:1:0,1:0:0,0:1:0,1:1:0,1:1:0,1,1,False,True,100,010
e781f716d1f0723fac2c,0:0:1,0:0:1,0:0:1,0:0:1,0:0:2,0:0:1,1,1,True,False,001,001
e7bed6e2ff8585e7926f,0:1:0,0:1:0,0:1:0,0:1:0,0:2:0,0:1:0,1,1,True,False,010,010
e7d1cab828d7189f0b7f,0:0:1,0:0:1,0:0:1,0:0:1,0:0:2,0:0:1,1,1,True,False,001,001
e7e47fef377dc5a02f82,0:0:4,0:0:7,0:0:1,0:0:1,0:0:11,0:0:1,4,7,True,False,001,001
e7fa553b106ab5f5966b,0:0:1,0:0:1,0:0:1,0:0:1,0:0:2,0:0:1,1,1,True,False,001,001
e81815a9fc1aea644882,0:7:0,1:5:0,0:1:0,1:5:0,1:12:0,1:12:0,7,6,False,True,010,110
e82cff176e78c3c358ca,1:5:0,0:8:0,1:5:0,0:1:0,1:13:0,1:13:0,6,8,False,True,110,010
e88cc0eb7f51b0f2ea4c,0:0:1,0:1:0,0:0:1,0:1:0,0:1:1,0:1:1,1,1,False,True,001,010
e8a1e1b4894508215b97,1:2:2,1:2:0,1:2:2,1:2:0,2:4:2,1:2:1,5,3,False,True,111,110
e91c40d1c3ec7f226dd5,0:0:1,0:0:1,0:0:1,0:0:1,0:0:2,0:0:1,1,1,True,False,001,001
e92ece696ec693b81601,1:1:0,0:3:0,1:1:0,0:1:0,1:4:0,1:4:0,2,3,False,True,110,010
e9596c98f94c2c0c1a55,1:4:0,1:3:0,1:4:0,1:3:0,2:7:0,2:7:0,5,4,False,True,110,110
e969ac3f936c9dbd7164,1:3:0,1:6:1,1:3:0,1:6:1,2:9:1,2:9:1,4,8,False,True,110,111
e970d7c23db96c2d243c,0:0:1,0:0:2,0:0:1,0:0:1,0:0:3,0:0:1,1,2,True,False,001,001
e98d298b86c5d585e6ec,0:1:1,0:0:1,0:1:1,0:0:1,0:1:2,0:1:2,2,1,False,True,011,001
e9ae011b5a78e14038f1,0:12:0,2:19:0,0:1:0,2:19:0,2:31:0,2:31:0,12,21,False,True,010,110
e9ca9ead151b1b2991cc,0:1:5,1:0:5,0:1:5,1:0:5,1:1:10,1:1:10,6,6,False,True,011,101
ea428bdf3e3362fbf42f,0:0:1,0:0:1,0:0:1,0:0:1,0:0:2,0:0:1,1,1,True,False,001,001
ea79bebfbd223e9f8b39,0:0:6,0:0:7,0:0:1,0:0:1,0:0:13,0:0:1,6,7,True,False,001,001
eabe423ab6e3e408109e,0:1:1,0:0:1,0:1:1,0:0:1,0:1:2,0:1:2,2,1,False,True,011,001
eac40becb3ceeab486dc,0:0:1,0:0:1,0:0:1,0:0:1,0:0:2,0:0:1,1,1,True,False,001,001
eb4559af17d1fecf86da,0:0:6,0:0:7,0:0:1,0:0:1,0:0:13,0:0:1,6,7,True,False,001,001
eb78afe35bc84a1e062f,0:4:0,0:5:0,0:1:0,0:1:0,0:9:0,0:1:0,4,5,True,False,010,010
eb9e6d171e0d582e3c55,0:0:6,0:0:4,0:0:1,0:0:1,0:0:10,0:0:1,6,4,True,False,001,001
ebacfa5a88cfaa165a03,1:0:1,0:2:2,1:0:1,0:1:1,1:2:3,1:2:3,2,4,False,True,101,011
ebfcb7b013496edf7841,0:0:1,0:0:1,0:0:1,0:0:1,0:0:2,0:0:1,1,1,True,False,001,001
ec11124b590cb2a39110,0:0:5,0:0:1,0:0:1,0:0:1,0:0:6,0:0:1,5,1,True,False,001,001
ec27a120f623202496ae,0:0:1,1:1:1,0:0:1,1:1:1,1:1:2,1:1:2,1,3,False,True,001,111
ed0e95120be4519453ad,0:0:2,0:1:0,0:0:1,0:1:0,0:1:2,0:1:2,2,1,False,True,001,010
ed53727051b0157b3d39,0:1:0,1:0:0,0:1:0,1:0:0,1:1:0,1:1:0,1,1,False,True,010,100
ed6c033f797006c1158f,0:0:4,0:0:2,0:0:1,0:0:1,0:0:6,0:0:1,4,2,True,False,001,001
ed8dfc868f956fd2f00d,0:1:0,0:0:1,0:1:0,0:0:1,0:1:1,0:1:1,1,1,False,True,010,001
eda165ba2a7b0f5a5417,0:2:0,0:2:0,0:1:0,0:1:0,0:4:0,0:1:0,2,2,True,False,010,010
edbad59854e3cd3bcfe9,0:0:1,1:0:0,0:0:1,1:0:0,1:0:1,1:0:1,1,1,False,True,001,100
edde006bf047cdd6eaf4,1:1:0,1:1:0,1:1:0,1:1:0,2:2:0,1:1:0,2,2,True,False,110,110
ee0ac61028e6a95767c4,0:9:0,0:1:0,0:1:0,0:1:0,0:10:0,0:1:0,9,1,True,False,010,010
ee10e4c41abc36e15f92,0:0:1,0:0:3,0:0:1,0:0:1,0:0:4,0:0:1,1,3,True,False,001,001
ee1f4a70f73e78327b43,0:1:0,0:0:1,0:1:0,0:0:1,0:1:1,0:1:1,1,1,False,True,010,001
ee44c6458fe654efdedd,0:0:1,0:1:6,0:0:1,0:1:6,0:1:7,0:1:7,1,7,False,True,001,011
ee4d77907741e5a1b6db,1:4:0,0:5:0,1:4:0,0:1:0,1:9:0,1:9:0,5,5,False,True,110,010
ee562bf49038a931f3d1,0:3:0,1:1:0,0:1:0,1:1:0,1:4:0,1:4:0,3,2,False,True,010,110
ee5a19c51afbd7a49997,0:0:2,0:1:1,0:0:1,0:1:1,0:1:3,0:1:3,2,2,False,True,001,011
ee8fb298b9c64694ac90,0:0:1,0:0:1,0:0:1,0:0:1,0:0:2,0:0:1,1,1,True,False,001,001
eea32ac8e77797335c46,0:2:0,4:1:2,0:1:0,4:1:2,4:3:2,4:3:2,2,7,False,True,010,111
eedceb43fda06a917dda,0:1:0,0:0:2,0:1:0,0:0:1,0:1:2,0:1:2,1,2,False,True,010,001
ef30545eac5ad0415e8c,1:3:0,2:1:0,1:3:0,2:1:0,3:4:0,3:4:0,4,3,False,True,110,110
ef3d7be2420fe0b234d0,0:3:1,0:0:2,0:3:1,0:0:1,0:3:3,0:1:1,4,2,False,True,011,001
ef6a2d29904fec903a5a,0:1:0,0:1:1,0:1:0,0:1:1,0:2:1,0:2:1,1,2,False,True,010,011
ef9d8545f5d2ad7f5438,0:0:1,1:1:0,0:0:1,1:1:0,1:1:1,1:1:1,1,2,False,True,001,110
efaa39ee6a5f2a4fe2d9,0:1:2,0:0:4,0:1:2,0:0:1,0:1:6,0:1:6,3,4,False,True,011,001
efae812f83f29fc3fb41,0:0:5,0:1:6,0:0:1,0:1:6,0:1:11,0:1:11,5,7,False,True,001,011
efb11e518ebd05fe7460,24:37:0,21:58:2,24:37:0,21:58:2,45:95:2,45:95:2,61,81,False,True,110,111
efba6eb10b55b1533ba1,0:0:1,0:0:1,0:0:1,0:0:1,0:0:2,0:0:1,1,1,True,False,001,001
efcb79cdad16777f57d4,0:0:3,0:0:2,0:0:1,0:0:1,0:0:5,0:0:1,3,2,True,False,001,001
efdd01f0f6ba306902bc,0:3:0,0:4:0,0:1:0,0:1:0,0:7:0,0:1:0,3,4,True,False,010,010
eff44eb0cf5d2b527aee,0:1:0,1:0:0,0:1:0,1:0:0,1:1:0,1:1:0,1,1,False,True,010,100
eff52bf7d0b111a34954,0:0:2,0:0:1,0:0:1,0:0:1,0:0:3,0:0:1,2,1,True,False,001,001
f09f47878840f74aa31b,0:1:4,0:0:6,0:1:4,0:0:1,0:1:10,0:1:10,5,6,False,True,011,001
f0b3b0e33e927c9ba682,0:0:1,0:0:2,0:0:1,0:0:1,0:0:3,0:0:1,1,2,True,False,001,001
f101ca33c5a3414c1c03,0:3:0,0:4:0,0:1:0,0:1:0,0:7:0,0:1:0,3,4,True,False,010,010
f115e614ea2ae6378110,0:0:2,0:1:2,0:0:1,0:1:2,0:1:4,0:1:4,2,3,False,True,001,011
f135486ac26a2185270a,0:0:4,0:1:3,0:0:1,0:1:3,0:1:7,0:1:7,4,4,False,True,001,011
f14ebcb65b98c6d398a4,0:0:1,0:0:1,0:0:1,0:0:1,0:0:2,0:0:1,1,1,True,False,001,001
f17583a7419b0dad5bb7,0:0:1,0:0:1,0:0:1,0:0:1,0:0:2,0:0:1,1,1,True,False,001,001
f1917bbcf8ce3d12eb57,0:1:0,0:2:1,0:1:0,0:2:1,0:3:1,0:3:1,1,3,False,True,010,011
f1d734c82a70a72aa940,1:3:0,0:1:0,1:3:0,0:1:0,1:4:0,1:4:0,4,1,False,True,110,010
f228982f41cfeaf17678,0:2:0,1:3:0,0:1:0,1:3:0,1:5:0,1:5:0,2,4,False,True,010,110
f2323bc64a3a0ab177b6,0:1:0,0:3:1,0:1:0,0:3:1,0:4:1,0:4:1,1,4,False,True,010,011
f251e7e158166a5c15d0,0:0:1,0:1:0,0:0:1,0:1:0,0:1:1,0:1:1,1,1,False,True,001,010
f26417aa537eb144b30b,0:0:1,1:0:0,0:0:1,1:0:0,1:0:1,1:0:1,1,1,False,True,001,100
f26defe9189dfe76299b,1:0:0,1:0:0,1:0:0,1:0:0,2:0:0,1:0:0,1,1,True,False,100,100
f28c0ab3e201063445c8,0:0:1,0:0:1,0:0:1,0:0:1,0:0:2,0:0:1,1,1,True,False,001,001
f2a3460fcbe214323e5e,0:1:0,1:0:0,0:1:0,1:0:0,1:1:0,1:1:0,1,1,False,True,010,100
f2ca03e3a2eb584f9d9b,0:0:2,0:0:2,0:0:1,0:0:1,0:0:4,0:0:1,2,2,True,False,001,001
f2e0fe140857807d4921,0:0:1,0:0:2,0:0:1,0:0:1,0:0:3,0:0:1,1,2,True,False,001,001
f2f6bd46ec8b3b996e2a,4:1:1,3:2:2,4:1:1,3:2:2,7:3:3,7:3:3,6,7,False,True,111,111
f30788250e2c8c228935,0:0:1,0:0:1,0:0:1,0:0:1,0:0:2,0:0:1,1,1,True,False,001,001
f3366c369d4979d5dc53,1:1:0,0:0:1,1:1:0,0:0:1,1:1:1,1:1:1,2,1,False,True,110,001
f33834667ff0186624c0,1:0:13,0:0:16,1:0:13,0:0:1,1:0:29,1:0:29,14,16,False,True,101,001
f341ebe272173aaf4600,0:1:3,0:0:1,0:1:3,0:0:1,0:1:4,0:1:4,4,1,False,True,011,001
f34ab73d02126cb0d596,0:0:1,1:0:0,0:0:1,1:0:0,1:0:1,1:0:1,1,1,False,True,001,100
f34f166073e86583e570,4:2:0,15:5:0,2:1:0,3:1:0,19:7:0,19:7:0,6,20,False,True,110,110
f390ae35a59863264846,0:0:1,0:0:1,0:0:1,0:0:1,0:0:2,0:0:1,1,1,True,False,001,001
f3a55403bc9f57a80687,0:0:1,0:3:2,0:0:1,0:3:2,0:3:3,0:1:1,1,5,False,True,001,011
f3b9761ae3c44d879255,0:1:2,0:0:1,0:1:2,0:0:1,0:1:3,0:1:3,3,1,False,True,011,001
f3c23090b35d7579b547,0:0:3,0:0:1,0:0:1,0:0:1,0:0:4,0:0:1,3,1,True,False,001,001
f3c9e35954e92ecec969,0:1:0,0:1:0,0:1:0,0:1:0,0:2:0,0:1:0,1,1,True,False,010,010
f3d97716b44069ee2a00,0:0:3,0:2:7,0:0:1,0:2:7,0:2:10,0:1:5,3,9,False,True,001,011
f3e091f8614bdd08cf50,0:0:1,0:0:3,0:0:1,0:0:1,0:0:4,0:0:1,1,3,True,False,001,001
f3ef00bd1dbcf9204622,0:0:2,0:0:3,0:0:1,0:0:1,0:0:5,0:0:1,2,3,True,False,001,001
f46320a52476b17b7c88,0:0:1,0:0:4,0:0:1,0:0:1,0:0:5,0:0:1,1,4,True,False,001,001
f4a9b0988d09c1920cb1,0:0:3,0:1:1,0:0:1,0:1:1,0:1:4,0:1:4,3,2,False,True,001,011
f577b46c71b4805dacf1,0:7:0,0:5:0,0:1:0,0:1:0,0:12:0,0:1:0,7,5,True,False,010,010
f584ee8cf10c23c35ae2,0:0:8,0:1:4,0:0:1,0:1:4,0:1:12,0:1:12,8,5,False,True,001,011
f5941d46fd6ac1b8cbe3,0:1:0,1:2:0,0:1:0,1:2:0,1:3:0,1:3:0,1,3,False,True,010,110
f5b5354e00ec9abeee79,0:0:1,0:0:1,0:0:1,0:0:1,0:0:2,0:0:1,1,1,True,False,001,001
f5d85b9711e44ae4214b,0:0:12,0:2:16,0:0:1,0:1:8,0:2:28,0:1:14,12,18,False,True,001,011
f5de0ec56119d2778ac3,0:1:0,0:3:0,0:1:0,0:1:0,0:4:0,0:1:0,1,3,True,False,010,010
f6020ad606a68f61d24f,0:0:1,0:0:1,0:0:1,0:0:1,0:0:2,0:0:1,1,1,True,False,001,001
f641906f1989e9c4865f,3:0:0,6:1:0,1:0:0,6:1:0,9:1:0,9:1:0,3,7,False,True,100,110
f683871becf4ec89bf31,0:0:1,0:0:2,0:0:1,0:0:1,0:0:3,0:0:1,1,2,True,False,001,001
f69420f644a65b0d6448,1:0:0,1:0:0,1:0:0,1:0:0,2:0:0,1:0:0,1,1,True,False,100,100
f6d7f94ec8815b2a3bb5,0:1:0,0:1:3,0:1:0,0:1:3,0:2:3,0:2:3,1,4,False,True,010,011
f6d8c1b5385725380063,1:0:7,0:1:10,1:0:7,0:1:10,1:1:17,1:1:17,8,11,False,True,101,011
f6f123f67f5d25a7d8af,0:3:0,0:0:1,0:1:0,0:0:1,0:3:1,0:3:1,3,1,False,True,010,001
f70778e13bd6386b3522,0:1:18,0:1:12,0:1:18,0:1:12,0:2:30,0:1:15,19,13,False,True,011,011
f7694b11801a1d5ec975,0:2:3,1:0:2,0:2:3,1:0:2,1:2:5,1:2:5,5,3,False,True,011,101
f76f64bceb5e24820d7c,0:1:4,0:1:1,0:1:4,0:1:1,0:2:5,0:2:5,5,2,False,True,011,011
f77a622e1bcaaa8b2ece,0:4:1,0:1:1,0:4:1,0:1:1,0:5:2,0:5:2,5,2,False,True,011,011
f7d0d47859e4ce067c82,0:0:2,0:1:4,0:0:1,0:1:4,0:1:6,0:1:6,2,5,False,True,001,011
f7df5da5898f328fb1f5,0:0:6,0:0:7,0:0:1,0:0:1,0:0:13,0:0:1,6,7,True,False,001,001
f81f2290d4b3b1a0e762,0:0:1,0:1:2,0:0:1,0:1:2,0:1:3,0:1:3,1,3,False,True,001,011
f82e6fedc7dd9ff53bf4,0:1:1,0:0:2,0:1:1,0:0:1,0:1:3,0:1:3,2,2,False,True,011,001
f835e01e4a735776b7bb,0:0:1,0:0:2,0:0:1,0:0:1,0:0:3,0:0:1,1,2,True,False,001,001
f8876c57215aadb770a8,0:0:8,0:0:7,0:0:1,0:0:1,0:0:15,0:0:1,8,7,True,False,001,001
f8bf6a17ece378fbf260,0:0:3,0:0:3,0:0:1,0:0:1,0:0:6,0:0:1,3,3,True,False,001,001
f8cf0050363d5754461f,0:0:2,1:0:1,0:0:1,1:0:1,1:0:3,1:0:3,2,2,False,True,001,101
f911b1afab9ae716beab,0:0:1,0:0:1,0:0:1,0:0:1,0:0:2,0:0:1,1,1,True,False,001,001
f977057c5d0a2cbc1bf5,0:0:3,0:0:1,0:0:1,0:0:1,0:0:4,0:0:1,3,1,True,False,001,001
f97f291c166e96fd2844,0:0:1,0:0:4,0:0:1,0:0:1,0:0:5,0:0:1,1,4,True,False,001,001
f9a5207d461cbcd87a8d,0:0:1,0:0:1,0:0:1,0:0:1,0:0:2,0:0:1,1,1,True,False,001,001
f9adb3b94e8b70adac18,0:0:1,0:0:1,0:0:1,0:0:1,0:0:2,0:0:1,1,1,True,False,001,001
fa06c27ce5515781f446,0:0:14,0:0:11,0:0:1,0:0:1,0:0:25,0:0:1,14,11,True,False,001,001
fa613b20f7e2c3e35101,0:0:8,0:0:7,0:0:1,0:0:1,0:0:15,0:0:1,8,7,True,False,001,001
fa67e8f92ce79a93f35b,0:4:0,0:1:0,0:1:0,0:1:0,0:5:0,0:1:0,4,1,True,False,010,010
fa83a831dd1653d17595,0:0:1,0:0:1,0:0:1,0:0:1,0:0:2,0:0:1,1,1,True,False,001,001
fab0144c1aa9cdfe00db,0:0:2,0:0:2,0:0:1,0:0:1,0:0:4,0:0:1,2,2,True,False,001,001
fac47dc074bf915a216c,0:0:4,0:0:5,0:0:1,0:0:1,0:0:9,0:0:1,4,5,True,False,001,001
fb3a54ce4fc40dba5c48,1:1:1,0:0:1,1:1:1,0:0:1,1:1:2,1:1:2,3,1,False,True,111,001
fb45c6f80397daeafdfb,0:0:1,0:0:1,0:0:1,0:0:1,0:0:2,0:0:1,1,1,True,False,001,001
fb6aece243a6ce2aeb75,0:0:5,0:0:8,0:0:1,0:0:1,0:0:13,0:0:1,5,8,True,False,001,001
fb956409b848ec488ded,0:0:2,0:0:3,0:0:1,0:0:1,0:0:5,0:0:1,2,3,True,False,001,001
fbaaf5f293b3b6140019,0:0:2,0:1:1,0:0:1,0:1:1,0:1:3,0:1:3,2,2,False,True,001,011
fbbc5766c9c63a452d57,0:1:0,0:1:0,0:1:0,0:1:0,0:2:0,0:1:0,1,1,True,False,010,010
fbee4c6e5f424c7d746e,0:1:1,1:0:0,0:1:1,1:0:0,1:1:1,1:1:1,2,1,False,True,011,100
fc44770875eb9548eb44,77:10:1,97:28:0,77:10:1,97:28:0,174:38:1,174:38:1,88,125,False,True,111,110
fc56fec9b751a2502360,0:0:2,0:0:1,0:0:1,0:0:1,0:0:3,0:0:1,2,1,True,False,001,001
fc7dccf5a03c67d7898e,0:0:2,0:2:0,0:0:1,0:1:0,0:2:2,0:1:1,2,2,False,True,001,010
fcc5df45b1f4da504ead,0:0:1,0:0:1,0:0:1,0:0:1,0:0:2,0:0:1,1,1,True,False,001,001
fd0e1b5ad5ad94c0e4b3,1:0:0,6:4:0,1:0:0,3:2:0,7:4:0,7:4:0,1,10,False,True,100,110
fd2026af6989a3120993,0:2:2,0:2:1,0:1:1,0:2:1,0:4:3,0:4:3,4,3,False,True,011,011
fd521e432a5585f840c8,0:1:0,0:2:0,0:1:0,0:1:0,0:3:0,0:1:0,1,2,True,False,010,010
fdca5740072333b764e1,0:0:1,0:1:1,0:0:1,0:1:1,0:1:2,0:1:2,1,2,False,True,001,011
fe006785624d6653be55,0:0:11,0:4:11,0:0:1,0:4:11,0:4:22,0:2:11,11,15,False,True,001,011
fe0099dd2a29853313e7,0:1:7,0:2:3,0:1:7,0:2:3,0:3:10,0:3:10,8,5,False,True,011,011
fe1efb227789824c7165,0:0:1,0:0:2,0:0:1,0:0:1,0:0:3,0:0:1,1,2,True,False,001,001
fe792a297a540f7c2601,0:0:1,0:0:1,0:0:1,0:0:1,0:0:2,0:0:1,1,1,True,False,001,001
fea067d8c6d97d64b9b9,0:1:3,0:0:2,0:1:3,0:0:1,0:1:5,0:1:5,4,2,False,True,011,001
feb180480de65e07916d,1:0:1,3:2:3,1:0:1,3:2:3,4:2:4,2:1:2,2,8,False,True,101,111
fece78f97822e7fce8ae,0:0:8,0:1:6,0:0:1,0:1:6,0:1:14,0:1:14,8,7,False,True,001,011
feeb55bb0e7665ec4006,0:0:1,0:0:1,0:0:1,0:0:1,0:0:2,0:0:1,1,1,True,False,001,001
ff609debbca6ced54fd4,0:0:1,0:0:1,0:0:1,0:0:1,0:0:2,0:0:1,1,1,True,False,001,001
ff670a69a9e7e402b1d4,0:1:0,2:1:1,0:1:0,2:1:1,2:2:1,2:2:1,1,4,False,True,010,111
ff975f4f39a228a549cd,0:0:1,0:0:1,0:0:1,0:0:1,0:0:2,0:0:1,1,1,True,False,001,001
ff979b6957207266101e,0:0:1,0:2:2,0:0:1,0:1:1,0:2:3,0:2:3,1,4,False,True,001,011
