system,dataset,replicate,familyID,carrierID,futureID,surfaceID,sourceTranche,stateType,modality,timeScope,carrierCount,partitionCount,injective,recovers,eligible,decisionEligible,authorityReason,partitionHash,duplicateOf,controlSidecar,N,T,fateObjectCount,D0,statePartitionCount,C,D,identityResolutionNumerator,identityResolutionDenominator,identityResolution,futureDiscordanceResolutionNumerator,futureDiscordanceResolutionDenominator,futureDiscordanceResolution,fateSelectiveSurplusNumerator,fateSelectiveSurplusDenominator,fateSelectiveSurplus,conditionalFutureAmbiguityNumerator,conditionalFutureAmbiguityDenominator,conditionalFutureAmbiguity,fateDiscordanceBaselineNumerator,fateDiscordanceBaselineDenominator,fateDiscordanceBaseline,conditionalAmbiguityRatioNumerator,conditionalAmbiguityRatioDenominator,conditionalAmbiguityRatio,exactRecovery,noninjectiveExactRecovery,sharedCompressionCoverageNumerator,sharedCompressionCoverageDenominator,sharedCompressionCoverage,fiberSpectrum
Watermelon_PC9_osimertinib,Rewind,published,F001:Watermelon_PC9_osimertinib:Rewind:published:rewind_positive_cells:positive_resistant_fate,rewind_positive_cells,positive_resistant_fate,IBIP11:identity_cellID,IBIP-11,precursorSnapshot,RNA,pretreatment,162,162,True,True,True,False,exactFrozenMaps,262f2366677bf7221451c88ab907049609ea6d57e788c5ae8388ccc44d209ec2,,IBIP11_source_marker_permutation,162,13041,2,6545,162,0,0,1,1,1,1,1,1,0,1,0,,,undefinedInjective,935,1863,0.501878690284,,,undefinedInjective,True,False,0,1,0,1:162
Watermelon_PC9_osimertinib,Watermelon,pooled,F002:Watermelon_PC9_osimertinib:Watermelon:pooled:H03:pooled_distributional_fate,H03,pooled_distributional_fate,IBIP12:H03:D0:identity_lineageBarcodeSet,IBIP-12,snapshot,RNA,day0,1183,1183,True,True,True,False,exactFrozenMaps,8f11ee1ed8820c2ce5a46cf39c40d69314858b9165b1fc9a3869f1d420f0d562,,IBIP12_random_gene_history,1183,699153,182,546362,1183,0,0,1,1,1,1,1,1,0,1,0,,,undefinedInjective,546362,699153,0.78146271274,,,undefinedInjective,True,False,0,1,0,1:1183
Watermelon_PC9_osimertinib,Watermelon,pooled,F002:Watermelon_PC9_osimertinib:Watermelon:pooled:H03:pooled_distributional_fate,H03,pooled_distributional_fate,IBIP12:H03:H0_3:P2_eightProjectionState,IBIP-12,history,RNA,H0_3,1183,1183,True,True,True,True,exactFrozenMaps,5cdfb531db008849b27c51777e857f659331ca011a88f1793bf494e509403053,,IBIP12_random_gene_history,1183,699153,182,546362,1183,0,0,1,1,1,1,1,1,0,1,0,,,undefinedInjective,546362,699153,0.78146271274,,,undefinedInjective,True,False,0,1,0,1:1183
Watermelon_PC9_osimertinib,Watermelon,pooled,F002:Watermelon_PC9_osimertinib:Watermelon:pooled:H03:pooled_distributional_fate,H03,pooled_distributional_fate,IBIP12:H03:H0_3:P4_twelveProjectionState,IBIP-12,history,RNA,H0_3,1183,1183,True,True,True,True,exactFrozenMaps,684c0f96c2e46ddfe795171b44a6b14ca193c05fffe2e97bcd14ff4f2a79af7d,,IBIP12_random_gene_history,1183,699153,182,546362,1183,0,0,1,1,1,1,1,1,0,1,0,,,undefinedInjective,546362,699153,0.78146271274,,,undefinedInjective,True,False,0,1,0,1:1183
Watermelon_PC9_osimertinib,Watermelon,pooled,F002:Watermelon_PC9_osimertinib:Watermelon:pooled:H03:pooled_distributional_fate,H03,pooled_distributional_fate,IBIP12:H03:H0_3:P5_twelveProjectionDistribution,IBIP-12,history,RNA,H0_3,1183,1183,True,True,True,True,exactFrozenMaps,f0149f1cb5a9335995360c632dbf551a1db3dad5cb62ad19bd12e452d720887f,,IBIP12_random_gene_history,1183,699153,182,546362,1183,0,0,1,1,1,1,1,1,0,1,0,,,undefinedInjective,546362,699153,0.78146271274,,,undefinedInjective,True,False,0,1,0,1:1183
Watermelon_PC9_osimertinib,Watermelon,pooled,F002:Watermelon_PC9_osimertinib:Watermelon:pooled:H03:pooled_distributional_fate,H03,pooled_distributional_fate,IBIP12:H03:H0_3:identity_lineageBarcodeSet,IBIP-12,history,RNA,H0_3,1183,1183,True,True,True,False,exactFrozenMaps,38fda31367bc0d20c6697d6da4e29656493bfd3fd6b826ef47ef3bbe6eb3f4ad,,IBIP12_random_gene_history,1183,699153,182,546362,1183,0,0,1,1,1,1,1,1,0,1,0,,,undefinedInjective,546362,699153,0.78146271274,,,undefinedInjective,True,False,0,1,0,1:1183
Watermelon_PC9_osimertinib,Watermelon,pooled,F003:Watermelon_PC9_osimertinib:Watermelon:pooled:H037:pooled_distributional_fate,H037,pooled_distributional_fate,IBIP12:H037:D0:identity_lineageBarcodeSet,IBIP-12,snapshot,RNA,day0,748,748,True,True,True,False,exactFrozenMaps,0dcfcbcdb60604d4a76368dcd7a4dc910074bb35454fd1cfc229b780c23e5f39,,IBIP12_random_gene_history,748,279378,163,231975,748,0,0,1,1,1,1,1,1,0,1,0,,,undefinedInjective,25775,31042,0.83032665421,,,undefinedInjective,True,False,0,1,0,1:748
Watermelon_PC9_osimertinib,Watermelon,pooled,F003:Watermelon_PC9_osimertinib:Watermelon:pooled:H037:pooled_distributional_fate,H037,pooled_distributional_fate,IBIP12:H037:H0_3:P2_eightProjectionState,IBIP-12,history,RNA,H0_3,748,748,True,True,True,True,exactFrozenMaps,dcade53e2446c75d5656bde698e06439410e34ef2f90b884783f0f32c48e7436,,IBIP12_random_gene_history,748,279378,163,231975,748,0,0,1,1,1,1,1,1,0,1,0,,,undefinedInjective,25775,31042,0.83032665421,,,undefinedInjective,True,False,0,1,0,1:748
Watermelon_PC9_osimertinib,Watermelon,pooled,F003:Watermelon_PC9_osimertinib:Watermelon:pooled:H037:pooled_distributional_fate,H037,pooled_distributional_fate,IBIP12:H037:H0_3:P4_twelveProjectionState,IBIP-12,history,RNA,H0_3,748,748,True,True,True,True,exactFrozenMaps,623ffa23bd548ed16c46d4daf8ecd43bac8bfaf9d9ebc912be008740f68b70c7,,IBIP12_random_gene_history,748,279378,163,231975,748,0,0,1,1,1,1,1,1,0,1,0,,,undefinedInjective,25775,31042,0.83032665421,,,undefinedInjective,True,False,0,1,0,1:748
Watermelon_PC9_osimertinib,Watermelon,pooled,F003:Watermelon_PC9_osimertinib:Watermelon:pooled:H037:pooled_distributional_fate,H037,pooled_distributional_fate,IBIP12:H037:H0_3:P5_twelveProjectionDistribution,IBIP-12,history,RNA,H0_3,748,748,True,True,True,True,exactFrozenMaps,4cd0af0abb65d0dc6974d42e0a72357db7fad06b71fd84cb622f9b08228e5d00,,IBIP12_random_gene_history,748,279378,163,231975,748,0,0,1,1,1,1,1,1,0,1,0,,,undefinedInjective,25775,31042,0.83032665421,,,undefinedInjective,True,False,0,1,0,1:748
Watermelon_PC9_osimertinib,Watermelon,pooled,F003:Watermelon_PC9_osimertinib:Watermelon:pooled:H037:pooled_distributional_fate,H037,pooled_distributional_fate,IBIP12:H037:H0_3:identity_lineageBarcodeSet,IBIP-12,history,RNA,H0_3,748,748,True,True,True,False,exactFrozenMaps,d2c86a49d8e2eea556b79c92bbd1ecc34cb2cd11fcff2cf753806ab1f9ec1027,,IBIP12_random_gene_history,748,279378,163,231975,748,0,0,1,1,1,1,1,1,0,1,0,,,undefinedInjective,25775,31042,0.83032665421,,,undefinedInjective,True,False,0,1,0,1:748
Watermelon_PC9_osimertinib,Watermelon,pooled,F003:Watermelon_PC9_osimertinib:Watermelon:pooled:H037:pooled_distributional_fate,H037,pooled_distributional_fate,IBIP12:H037:H0_3_7:P2_eightProjectionState,IBIP-12,history,RNA,H0_3_7,748,748,True,True,True,True,exactFrozenMaps,49c89843646a04af2649a703d35af2c5f40d5388645fb015a0c1355950ad2f46,,IBIP12_random_gene_history,748,279378,163,231975,748,0,0,1,1,1,1,1,1,0,1,0,,,undefinedInjective,25775,31042,0.83032665421,,,undefinedInjective,True,False,0,1,0,1:748
Watermelon_PC9_osimertinib,Watermelon,pooled,F003:Watermelon_PC9_osimertinib:Watermelon:pooled:H037:pooled_distributional_fate,H037,pooled_distributional_fate,IBIP12:H037:H0_3_7:P4_twelveProjectionState,IBIP-12,history,RNA,H0_3_7,748,748,True,True,True,True,exactFrozenMaps,72662384af0aa085c0cafac9ac53df3110b35ecb070cbe3c8a23f5ec002b385d,,IBIP12_random_gene_history,748,279378,163,231975,748,0,0,1,1,1,1,1,1,0,1,0,,,undefinedInjective,25775,31042,0.83032665421,,,undefinedInjective,True,False,0,1,0,1:748
Watermelon_PC9_osimertinib,Watermelon,pooled,F003:Watermelon_PC9_osimertinib:Watermelon:pooled:H037:pooled_distributional_fate,H037,pooled_distributional_fate,IBIP12:H037:H0_3_7:P5_twelveProjectionDistribution,IBIP-12,history,RNA,H0_3_7,748,748,True,True,True,True,exactFrozenMaps,18368ace84c4257b47042325208d0140333539e290645fd312a74710384a37d0,,IBIP12_random_gene_history,748,279378,163,231975,748,0,0,1,1,1,1,1,1,0,1,0,,,undefinedInjective,25775,31042,0.83032665421,,,undefinedInjective,True,False,0,1,0,1:748
Watermelon_PC9_osimertinib,Watermelon,pooled,F003:Watermelon_PC9_osimertinib:Watermelon:pooled:H037:pooled_distributional_fate,H037,pooled_distributional_fate,IBIP12:H037:H0_3_7:identity_lineageBarcodeSet,IBIP-12,history,RNA,H0_3_7,748,748,True,True,True,False,exactFrozenMaps,0b75238773c2ae21020b779328edff78542a45fb6eff9de3e12486fcb89db846,,IBIP12_random_gene_history,748,279378,163,231975,748,0,0,1,1,1,1,1,1,0,1,0,,,undefinedInjective,25775,31042,0.83032665421,,,undefinedInjective,True,False,0,1,0,1:748
Watermelon_PC9_osimertinib,Watermelon,pairedReplicate,F004:Watermelon_PC9_osimertinib:Watermelon:pairedReplicate:H03_replicate:replicate_invariant_fate,H03_replicate,replicate_invariant_fate,IBIP14:H03:P2_eightProjectionState,IBIP-14,history,RNA,H0_3,737,737,True,True,True,True,exactFrozenMaps,5616eb31d9e2ff107f3978469759286feb95d53404ec695a052030a687c00cb6,,IBIP14_history_controls,737,271216,27,19520,737,0,0,1,1,1,1,1,1,0,1,0,,,undefinedInjective,1220,16951,0.0719721550351,,,undefinedInjective,True,False,0,1,0,1:737
Watermelon_PC9_osimertinib,Watermelon,pairedReplicate,F004:Watermelon_PC9_osimertinib:Watermelon:pairedReplicate:H03_replicate:replicate_invariant_fate,H03_replicate,replicate_invariant_fate,IBIP14:H03:P4_twelveProjectionState,IBIP-14,history,RNA,H0_3,737,737,True,True,True,True,exactFrozenMaps,0ad7a746b56b3299fa1c2640ff827d771ceeb21090e252bf6c4e0d31416d6f42,,IBIP14_history_controls,737,271216,27,19520,737,0,0,1,1,1,1,1,1,0,1,0,,,undefinedInjective,1220,16951,0.0719721550351,,,undefinedInjective,True,False,0,1,0,1:737
Watermelon_PC9_osimertinib,Watermelon,pairedReplicate,F004:Watermelon_PC9_osimertinib:Watermelon:pairedReplicate:H03_replicate:replicate_invariant_fate,H03_replicate,replicate_invariant_fate,IBIP14:H03:P5_twelveProjectionDistribution,IBIP-14,history,RNA,H0_3,737,737,True,True,True,True,exactFrozenMaps,8b13d8d8b99d637a0966b70277639520248a08eacec75eb4f5d75ee442723225,,IBIP14_history_controls,737,271216,27,19520,737,0,0,1,1,1,1,1,1,0,1,0,,,undefinedInjective,1220,16951,0.0719721550351,,,undefinedInjective,True,False,0,1,0,1:737
Watermelon_PC9_osimertinib,Watermelon,pairedReplicate,F005:Watermelon_PC9_osimertinib:Watermelon:pairedReplicate:H037_replicate:replicate_invariant_fate,H037_replicate,replicate_invariant_fate,IBIP14:H037:P2_eightProjectionState,IBIP-14,history,RNA,H0_3_7,540,540,True,True,True,True,exactFrozenMaps,bbbc6cd9ae4b8c5631118186611b9678e46a8755443a649aa6234533876669c3,,IBIP14_history_controls,540,145530,26,13688,540,0,0,1,1,1,1,1,1,0,1,0,,,undefinedInjective,6844,72765,0.0940562083419,,,undefinedInjective,True,False,0,1,0,1:540
Watermelon_PC9_osimertinib,Watermelon,pairedReplicate,F005:Watermelon_PC9_osimertinib:Watermelon:pairedReplicate:H037_replicate:replicate_invariant_fate,H037_replicate,replicate_invariant_fate,IBIP14:H037:P4_twelveProjectionState,IBIP-14,history,RNA,H0_3_7,540,540,True,True,True,True,exactFrozenMaps,0c003699a86a80262194d763b48abc2cec89e132d91f104f54220d84c7460ecf,,IBIP14_history_controls,540,145530,26,13688,540,0,0,1,1,1,1,1,1,0,1,0,,,undefinedInjective,6844,72765,0.0940562083419,,,undefinedInjective,True,False,0,1,0,1:540
Watermelon_PC9_osimertinib,Watermelon,pairedReplicate,F005:Watermelon_PC9_osimertinib:Watermelon:pairedReplicate:H037_replicate:replicate_invariant_fate,H037_replicate,replicate_invariant_fate,IBIP14:H037:P5_twelveProjectionDistribution,IBIP-14,history,RNA,H0_3_7,540,540,True,True,True,True,exactFrozenMaps,8304412dd6f6154ef3112f342086bfb5972779568c1bb1c906400fa4a1c85807,,IBIP14_history_controls,540,145530,26,13688,540,0,0,1,1,1,1,1,1,0,1,0,,,undefinedInjective,6844,72765,0.0940562083419,,,undefinedInjective,True,False,0,1,0,1:540
Watermelon_PC9_osimertinib,Watermelon,pairedReplicate,F006:Watermelon_PC9_osimertinib:Watermelon:pairedReplicate:H03_stable_k1:persistent_component_k1,H03_stable_k1,persistent_component_k1,IBIP15:H03:k1:P2_eightProjectionState,IBIP-15,persistentHistory,RNA,H0_3,737,737,True,True,True,True,exactFrozenMaps,5616eb31d9e2ff107f3978469759286feb95d53404ec695a052030a687c00cb6,,IBIP15_history_random_bank,737,271216,27,19520,737,0,0,1,1,1,1,1,1,0,1,0,,,undefinedInjective,1220,16951,0.0719721550351,,,undefinedInjective,True,False,0,1,0,1:737
Watermelon_PC9_osimertinib,Watermelon,pairedReplicate,F006:Watermelon_PC9_osimertinib:Watermelon:pairedReplicate:H03_stable_k1:persistent_component_k1,H03_stable_k1,persistent_component_k1,IBIP15:H03:k1:P4_twelveProjectionState,IBIP-15,persistentHistory,RNA,H0_3,737,737,True,True,True,True,exactFrozenMaps,0ad7a746b56b3299fa1c2640ff827d771ceeb21090e252bf6c4e0d31416d6f42,,IBIP15_history_random_bank,737,271216,27,19520,737,0,0,1,1,1,1,1,1,0,1,0,,,undefinedInjective,1220,16951,0.0719721550351,,,undefinedInjective,True,False,0,1,0,1:737
Watermelon_PC9_osimertinib,Watermelon,pairedReplicate,F006:Watermelon_PC9_osimertinib:Watermelon:pairedReplicate:H03_stable_k1:persistent_component_k1,H03_stable_k1,persistent_component_k1,IBIP15:H03:k1:P5_twelveProjectionDistribution,IBIP-15,persistentHistory,RNA,H0_3,737,737,True,True,True,True,exactFrozenMaps,8b13d8d8b99d637a0966b70277639520248a08eacec75eb4f5d75ee442723225,,IBIP15_history_random_bank,737,271216,27,19520,737,0,0,1,1,1,1,1,1,0,1,0,,,undefinedInjective,1220,16951,0.0719721550351,,,undefinedInjective,True,False,0,1,0,1:737
Watermelon_PC9_osimertinib,Watermelon,pairedReplicate,F007:Watermelon_PC9_osimertinib:Watermelon:pairedReplicate:H03_stable_k15:persistent_component_k15,H03_stable_k15,persistent_component_k15,IBIP15:H03:k15:P2_eightProjectionState,IBIP-15,persistentHistory,RNA,H0_3,468,468,True,True,True,True,exactFrozenMaps,90e917a98547866b648626010aea87be824033d48f17fc14bac776647419ee96,,IBIP15_history_random_bank,468,109278,3,933,468,0,0,1,1,1,1,1,1,0,1,0,,,undefinedInjective,311,36426,0.00853785757426,,,undefinedInjective,True,False,0,1,0,1:468
Watermelon_PC9_osimertinib,Watermelon,pairedReplicate,F007:Watermelon_PC9_osimertinib:Watermelon:pairedReplicate:H03_stable_k15:persistent_component_k15,H03_stable_k15,persistent_component_k15,IBIP15:H03:k15:P4_twelveProjectionState,IBIP-15,persistentHistory,RNA,H0_3,468,468,True,True,True,True,exactFrozenMaps,cbb0fb0f2e6c46f5db446c0f20a2c1fc2d8cc24fd757aa0cda2eebbbb5fa1183,,IBIP15_history_random_bank,468,109278,3,933,468,0,0,1,1,1,1,1,1,0,1,0,,,undefinedInjective,311,36426,0.00853785757426,,,undefinedInjective,True,False,0,1,0,1:468
Watermelon_PC9_osimertinib,Watermelon,pairedReplicate,F007:Watermelon_PC9_osimertinib:Watermelon:pairedReplicate:H03_stable_k15:persistent_component_k15,H03_stable_k15,persistent_component_k15,IBIP15:H03:k15:P5_twelveProjectionDistribution,IBIP-15,persistentHistory,RNA,H0_3,468,468,True,True,True,True,exactFrozenMaps,e2a5fa9f8690d88e871fbcc83a734383e967029eb360f18d7401d49845ed3b8a,,IBIP15_history_random_bank,468,109278,3,933,468,0,0,1,1,1,1,1,1,0,1,0,,,undefinedInjective,311,36426,0.00853785757426,,,undefinedInjective,True,False,0,1,0,1:468
Watermelon_PC9_osimertinib,Watermelon,pairedReplicate,F008:Watermelon_PC9_osimertinib:Watermelon:pairedReplicate:H03_stable_k17:persistent_component_k17,H03_stable_k17,persistent_component_k17,IBIP15:H03:k17:P2_eightProjectionState,IBIP-15,persistentHistory,RNA,H0_3,458,458,True,True,True,True,exactFrozenMaps,834fb233176fdab0a4e05ab5e07582218af2946169a5a40000e61dff29afcae2,,IBIP15_history_random_bank,458,104653,3,913,458,0,0,1,1,1,1,1,1,0,1,0,,,undefinedInjective,913,104653,0.00872406906634,,,undefinedInjective,True,False,0,1,0,1:458
Watermelon_PC9_osimertinib,Watermelon,pairedReplicate,F008:Watermelon_PC9_osimertinib:Watermelon:pairedReplicate:H03_stable_k17:persistent_component_k17,H03_stable_k17,persistent_component_k17,IBIP15:H03:k17:P4_twelveProjectionState,IBIP-15,persistentHistory,RNA,H0_3,458,458,True,True,True,True,exactFrozenMaps,6db08460c279404e77af8e5545b58ce006ed98fbde9e00395a2da72b8e7b0bdd,,IBIP15_history_random_bank,458,104653,3,913,458,0,0,1,1,1,1,1,1,0,1,0,,,undefinedInjective,913,104653,0.00872406906634,,,undefinedInjective,True,False,0,1,0,1:458
Watermelon_PC9_osimertinib,Watermelon,pairedReplicate,F008:Watermelon_PC9_osimertinib:Watermelon:pairedReplicate:H03_stable_k17:persistent_component_k17,H03_stable_k17,persistent_component_k17,IBIP15:H03:k17:P5_twelveProjectionDistribution,IBIP-15,persistentHistory,RNA,H0_3,458,458,True,True,True,True,exactFrozenMaps,2656de750f82ddf9efd41f9eed295e1efd98a8fcbaa6d48e1120aaa702b2142b,,IBIP15_history_random_bank,458,104653,3,913,458,0,0,1,1,1,1,1,1,0,1,0,,,undefinedInjective,913,104653,0.00872406906634,,,undefinedInjective,True,False,0,1,0,1:458
Watermelon_PC9_osimertinib,Watermelon,pairedReplicate,F009:Watermelon_PC9_osimertinib:Watermelon:pairedReplicate:H03_stable_k36:persistent_component_k36,H03_stable_k36,persistent_component_k36,IBIP15:H03:k36:P2_eightProjectionState,IBIP-15,persistentHistory,RNA,H0_3,428,428,True,True,True,True,exactFrozenMaps,0a0b0c7677f6826b3b620cf127b68fb91c9c12ca457bf9c2e110079d509b2c1b,,IBIP15_history_random_bank,428,91378,4,1278,428,0,0,1,1,1,1,1,1,0,1,0,,,undefinedInjective,639,45689,0.0139858609293,,,undefinedInjective,True,False,0,1,0,1:428
Watermelon_PC9_osimertinib,Watermelon,pairedReplicate,F009:Watermelon_PC9_osimertinib:Watermelon:pairedReplicate:H03_stable_k36:persistent_component_k36,H03_stable_k36,persistent_component_k36,IBIP15:H03:k36:P4_twelveProjectionState,IBIP-15,persistentHistory,RNA,H0_3,428,428,True,True,True,True,exactFrozenMaps,8b9cf8b98aadbe831acce8fa5e73f928f7eae1bdc82c54a01d6a2fa03cce81b0,,IBIP15_history_random_bank,428,91378,4,1278,428,0,0,1,1,1,1,1,1,0,1,0,,,undefinedInjective,639,45689,0.0139858609293,,,undefinedInjective,True,False,0,1,0,1:428
Watermelon_PC9_osimertinib,Watermelon,pairedReplicate,F009:Watermelon_PC9_osimertinib:Watermelon:pairedReplicate:H03_stable_k36:persistent_component_k36,H03_stable_k36,persistent_component_k36,IBIP15:H03:k36:P5_twelveProjectionDistribution,IBIP-15,persistentHistory,RNA,H0_3,428,428,True,True,True,True,exactFrozenMaps,4a5b2cb544cd58785a9e642479fa67c3850ff595c30e5fee1e5ac391e6d86eee,,IBIP15_history_random_bank,428,91378,4,1278,428,0,0,1,1,1,1,1,1,0,1,0,,,undefinedInjective,639,45689,0.0139858609293,,,undefinedInjective,True,False,0,1,0,1:428
Watermelon_PC9_osimertinib,Watermelon,pairedReplicate,F010:Watermelon_PC9_osimertinib:Watermelon:pairedReplicate:H03_stable_k38:persistent_component_k38,H03_stable_k38,persistent_component_k38,IBIP15:H03:k38:P2_eightProjectionState,IBIP-15,persistentHistory,RNA,H0_3,404,404,True,True,True,True,exactFrozenMaps,010ca5b3a7f983581c40eb6289b9f380813b17c600465242f12aeda661e03adb,,IBIP15_history_random_bank,404,81406,5,2004,404,0,0,1,1,1,1,1,1,0,1,0,,,undefinedInjective,1002,40703,0.0246173500725,,,undefinedInjective,True,False,0,1,0,1:404
Watermelon_PC9_osimertinib,Watermelon,pairedReplicate,F010:Watermelon_PC9_osimertinib:Watermelon:pairedReplicate:H03_stable_k38:persistent_component_k38,H03_stable_k38,persistent_component_k38,IBIP15:H03:k38:P4_twelveProjectionState,IBIP-15,persistentHistory,RNA,H0_3,404,404,True,True,True,True,exactFrozenMaps,dc1e97160e79a5a679b50f5e091187876c7e54f6689413dedf6cfb25005bb187,,IBIP15_history_random_bank,404,81406,5,2004,404,0,0,1,1,1,1,1,1,0,1,0,,,undefinedInjective,1002,40703,0.0246173500725,,,undefinedInjective,True,False,0,1,0,1:404
Watermelon_PC9_osimertinib,Watermelon,pairedReplicate,F010:Watermelon_PC9_osimertinib:Watermelon:pairedReplicate:H03_stable_k38:persistent_component_k38,H03_stable_k38,persistent_component_k38,IBIP15:H03:k38:P5_twelveProjectionDistribution,IBIP-15,persistentHistory,RNA,H0_3,404,404,True,True,True,True,exactFrozenMaps,605dcef6ad3a0e388d7562eeafb8fb91f404b89935fbaf2493bc55cfee0cbbf8,,IBIP15_history_random_bank,404,81406,5,2004,404,0,0,1,1,1,1,1,1,0,1,0,,,undefinedInjective,1002,40703,0.0246173500725,,,undefinedInjective,True,False,0,1,0,1:404
Watermelon_PC9_osimertinib,Watermelon,pairedReplicate,F011:Watermelon_PC9_osimertinib:Watermelon:pairedReplicate:H03_stable_k62:persistent_component_k62,H03_stable_k62,persistent_component_k62,IBIP15:H03:k62:P2_eightProjectionState,IBIP-15,persistentHistory,RNA,H0_3,363,363,True,True,True,True,exactFrozenMaps,49056d68fe5c2289b7c144f77dc38c8001143a7a87ebeb7c13e7f9e5a50b015c,,IBIP15_history_random_bank,363,65703,6,2864,363,0,0,1,1,1,1,1,1,0,1,0,,,undefinedInjective,2864,65703,0.0435900948206,,,undefinedInjective,True,False,0,1,0,1:363
Watermelon_PC9_osimertinib,Watermelon,pairedReplicate,F011:Watermelon_PC9_osimertinib:Watermelon:pairedReplicate:H03_stable_k62:persistent_component_k62,H03_stable_k62,persistent_component_k62,IBIP15:H03:k62:P4_twelveProjectionState,IBIP-15,persistentHistory,RNA,H0_3,363,363,True,True,True,True,exactFrozenMaps,66ff0a78a36ac0cacc6a155cf075e94a8864eae579c947ed4848a639616e086d,,IBIP15_history_random_bank,363,65703,6,2864,363,0,0,1,1,1,1,1,1,0,1,0,,,undefinedInjective,2864,65703,0.0435900948206,,,undefinedInjective,True,False,0,1,0,1:363
Watermelon_PC9_osimertinib,Watermelon,pairedReplicate,F011:Watermelon_PC9_osimertinib:Watermelon:pairedReplicate:H03_stable_k62:persistent_component_k62,H03_stable_k62,persistent_component_k62,IBIP15:H03:k62:P5_twelveProjectionDistribution,IBIP-15,persistentHistory,RNA,H0_3,363,363,True,True,True,True,exactFrozenMaps,19650e90abc06e8f8030c03e0c4a6a5d0c41d3c22153aac3e409b468d93ca94e,,IBIP15_history_random_bank,363,65703,6,2864,363,0,0,1,1,1,1,1,1,0,1,0,,,undefinedInjective,2864,65703,0.0435900948206,,,undefinedInjective,True,False,0,1,0,1:363
Watermelon_PC9_osimertinib,Watermelon,pairedReplicate,F012:Watermelon_PC9_osimertinib:Watermelon:pairedReplicate:H03_stable_k111:persistent_component_k111,H03_stable_k111,persistent_component_k111,IBIP15:H03:k111:P2_eightProjectionState,IBIP-15,persistentHistory,RNA,H0_3,322,322,True,True,True,True,exactFrozenMaps,e7b66981c3ba77c93b2e36632bb14370d05651d9a675b3f53cb0a629c0382441,,IBIP15_history_random_bank,322,51681,7,18536,322,0,0,1,1,1,1,1,1,0,1,0,,,undefinedInjective,2648,7383,0.3586617906,,,undefinedInjective,True,False,0,1,0,1:322
Watermelon_PC9_osimertinib,Watermelon,pairedReplicate,F012:Watermelon_PC9_osimertinib:Watermelon:pairedReplicate:H03_stable_k111:persistent_component_k111,H03_stable_k111,persistent_component_k111,IBIP15:H03:k111:P4_twelveProjectionState,IBIP-15,persistentHistory,RNA,H0_3,322,322,True,True,True,True,exactFrozenMaps,17883ee7eac016353a68e01788c629728b4dadebffe2ef85e3f0b73e1bba13ff,,IBIP15_history_random_bank,322,51681,7,18536,322,0,0,1,1,1,1,1,1,0,1,0,,,undefinedInjective,2648,7383,0.3586617906,,,undefinedInjective,True,False,0,1,0,1:322
Watermelon_PC9_osimertinib,Watermelon,pairedReplicate,F012:Watermelon_PC9_osimertinib:Watermelon:pairedReplicate:H03_stable_k111:persistent_component_k111,H03_stable_k111,persistent_component_k111,IBIP15:H03:k111:P5_twelveProjectionDistribution,IBIP-15,persistentHistory,RNA,H0_3,322,322,True,True,True,True,exactFrozenMaps,76d0a372d397692d280ba9371a4fc742c488b8ad81df4b715b185d7c94d5579b,,IBIP15_history_random_bank,322,51681,7,18536,322,0,0,1,1,1,1,1,1,0,1,0,,,undefinedInjective,2648,7383,0.3586617906,,,undefinedInjective,True,False,0,1,0,1:322
Watermelon_PC9_osimertinib,Watermelon,pairedReplicate,F013:Watermelon_PC9_osimertinib:Watermelon:pairedReplicate:H037_stable_k1:persistent_component_k1,H037_stable_k1,persistent_component_k1,IBIP15:H037:k1:P2_eightProjectionState,IBIP-15,persistentHistory,RNA,H0_3_7,540,540,True,True,True,True,exactFrozenMaps,bbbc6cd9ae4b8c5631118186611b9678e46a8755443a649aa6234533876669c3,,IBIP15_history_random_bank,540,145530,26,13688,540,0,0,1,1,1,1,1,1,0,1,0,,,undefinedInjective,6844,72765,0.0940562083419,,,undefinedInjective,True,False,0,1,0,1:540
Watermelon_PC9_osimertinib,Watermelon,pairedReplicate,F013:Watermelon_PC9_osimertinib:Watermelon:pairedReplicate:H037_stable_k1:persistent_component_k1,H037_stable_k1,persistent_component_k1,IBIP15:H037:k1:P4_twelveProjectionState,IBIP-15,persistentHistory,RNA,H0_3_7,540,540,True,True,True,True,exactFrozenMaps,0c003699a86a80262194d763b48abc2cec89e132d91f104f54220d84c7460ecf,,IBIP15_history_random_bank,540,145530,26,13688,540,0,0,1,1,1,1,1,1,0,1,0,,,undefinedInjective,6844,72765,0.0940562083419,,,undefinedInjective,True,False,0,1,0,1:540
Watermelon_PC9_osimertinib,Watermelon,pairedReplicate,F013:Watermelon_PC9_osimertinib:Watermelon:pairedReplicate:H037_stable_k1:persistent_component_k1,H037_stable_k1,persistent_component_k1,IBIP15:H037:k1:P5_twelveProjectionDistribution,IBIP-15,persistentHistory,RNA,H0_3_7,540,540,True,True,True,True,exactFrozenMaps,8304412dd6f6154ef3112f342086bfb5972779568c1bb1c906400fa4a1c85807,,IBIP15_history_random_bank,540,145530,26,13688,540,0,0,1,1,1,1,1,1,0,1,0,,,undefinedInjective,6844,72765,0.0940562083419,,,undefinedInjective,True,False,0,1,0,1:540
Watermelon_PC9_osimertinib,Watermelon,pairedReplicate,F014:Watermelon_PC9_osimertinib:Watermelon:pairedReplicate:H037_stable_k15:persistent_component_k15,H037_stable_k15,persistent_component_k15,IBIP15:H037:k15:P2_eightProjectionState,IBIP-15,persistentHistory,RNA,H0_3_7,314,314,True,True,True,True,exactFrozenMaps,0ab745cc0a5965082edfc818e4c8dc0967248724edc27513613cf11dd86df96a,,IBIP15_history_random_bank,314,49141,3,625,314,0,0,1,1,1,1,1,1,0,1,0,,,undefinedInjective,625,49141,0.0127185038969,,,undefinedInjective,True,False,0,1,0,1:314
Watermelon_PC9_osimertinib,Watermelon,pairedReplicate,F014:Watermelon_PC9_osimertinib:Watermelon:pairedReplicate:H037_stable_k15:persistent_component_k15,H037_stable_k15,persistent_component_k15,IBIP15:H037:k15:P4_twelveProjectionState,IBIP-15,persistentHistory,RNA,H0_3_7,314,314,True,True,True,True,exactFrozenMaps,53e785c2f60d40abe7d906a6394a94476438c35b4a0b0656becb09c9f1d6bc55,,IBIP15_history_random_bank,314,49141,3,625,314,0,0,1,1,1,1,1,1,0,1,0,,,undefinedInjective,625,49141,0.0127185038969,,,undefinedInjective,True,False,0,1,0,1:314
Watermelon_PC9_osimertinib,Watermelon,pairedReplicate,F014:Watermelon_PC9_osimertinib:Watermelon:pairedReplicate:H037_stable_k15:persistent_component_k15,H037_stable_k15,persistent_component_k15,IBIP15:H037:k15:P5_twelveProjectionDistribution,IBIP-15,persistentHistory,RNA,H0_3_7,314,314,True,True,True,True,exactFrozenMaps,19ac1a1004aabeb7353ac51501993f048c98b64f5a2897d0e4b8d7724cad53d1,,IBIP15_history_random_bank,314,49141,3,625,314,0,0,1,1,1,1,1,1,0,1,0,,,undefinedInjective,625,49141,0.0127185038969,,,undefinedInjective,True,False,0,1,0,1:314
Watermelon_PC9_osimertinib,Watermelon,pairedReplicate,F015:Watermelon_PC9_osimertinib:Watermelon:pairedReplicate:H037_stable_k17:persistent_component_k17,H037_stable_k17,persistent_component_k17,IBIP15:H037:k17:P2_eightProjectionState,IBIP-15,persistentHistory,RNA,H0_3_7,307,307,True,True,True,True,exactFrozenMaps,3e27291222812e8091b64435aae2a39afef2fa012c590e12a0f7a0593f3b228c,,IBIP15_history_random_bank,307,46971,3,611,307,0,0,1,1,1,1,1,1,0,1,0,,,undefinedInjective,611,46971,0.0130080262289,,,undefinedInjective,True,False,0,1,0,1:307
Watermelon_PC9_osimertinib,Watermelon,pairedReplicate,F015:Watermelon_PC9_osimertinib:Watermelon:pairedReplicate:H037_stable_k17:persistent_component_k17,H037_stable_k17,persistent_component_k17,IBIP15:H037:k17:P4_twelveProjectionState,IBIP-15,persistentHistory,RNA,H0_3_7,307,307,True,True,True,True,exactFrozenMaps,43d71839890027e157e3f4d367897d0fba399e6612e04695248c137f797c4165,,IBIP15_history_random_bank,307,46971,3,611,307,0,0,1,1,1,1,1,1,0,1,0,,,undefinedInjective,611,46971,0.0130080262289,,,undefinedInjective,True,False,0,1,0,1:307
Watermelon_PC9_osimertinib,Watermelon,pairedReplicate,F015:Watermelon_PC9_osimertinib:Watermelon:pairedReplicate:H037_stable_k17:persistent_component_k17,H037_stable_k17,persistent_component_k17,IBIP15:H037:k17:P5_twelveProjectionDistribution,IBIP-15,persistentHistory,RNA,H0_3_7,307,307,True,True,True,True,exactFrozenMaps,ba1a9bb13d324426d58b73270fad6f33c103ce59c62931f2611f3271ffad9064,,IBIP15_history_random_bank,307,46971,3,611,307,0,0,1,1,1,1,1,1,0,1,0,,,undefinedInjective,611,46971,0.0130080262289,,,undefinedInjective,True,False,0,1,0,1:307
Watermelon_PC9_osimertinib,Watermelon,pairedReplicate,F016:Watermelon_PC9_osimertinib:Watermelon:pairedReplicate:H037_stable_k36:persistent_component_k36,H037_stable_k36,persistent_component_k36,IBIP15:H037:k36:P2_eightProjectionState,IBIP-15,persistentHistory,RNA,H0_3_7,290,290,True,True,True,True,exactFrozenMaps,b4ab925503f0f164b4a581db0b256d3b1879f699c8a1335d691178b032373f00,,IBIP15_history_random_bank,290,41905,3,577,290,0,0,1,1,1,1,1,1,0,1,0,,,undefinedInjective,577,41905,0.0137692399475,,,undefinedInjective,True,False,0,1,0,1:290
Watermelon_PC9_osimertinib,Watermelon,pairedReplicate,F016:Watermelon_PC9_osimertinib:Watermelon:pairedReplicate:H037_stable_k36:persistent_component_k36,H037_stable_k36,persistent_component_k36,IBIP15:H037:k36:P4_twelveProjectionState,IBIP-15,persistentHistory,RNA,H0_3_7,290,290,True,True,True,True,exactFrozenMaps,b26fbf6658519f8aa495bcb9072564a347a577cd2cfda7ba2124f9d1f055cdc7,,IBIP15_history_random_bank,290,41905,3,577,290,0,0,1,1,1,1,1,1,0,1,0,,,undefinedInjective,577,41905,0.0137692399475,,,undefinedInjective,True,False,0,1,0,1:290
Watermelon_PC9_osimertinib,Watermelon,pairedReplicate,F016:Watermelon_PC9_osimertinib:Watermelon:pairedReplicate:H037_stable_k36:persistent_component_k36,H037_stable_k36,persistent_component_k36,IBIP15:H037:k36:P5_twelveProjectionDistribution,IBIP-15,persistentHistory,RNA,H0_3_7,290,290,True,True,True,True,exactFrozenMaps,a02c64806c96ee43d8a2abfcb83e782d7d7883e8935186ddbbbc58c7eb7b6ef2,,IBIP15_history_random_bank,290,41905,3,577,290,0,0,1,1,1,1,1,1,0,1,0,,,undefinedInjective,577,41905,0.0137692399475,,,undefinedInjective,True,False,0,1,0,1:290
Watermelon_PC9_osimertinib,Watermelon,pairedReplicate,F017:Watermelon_PC9_osimertinib:Watermelon:pairedReplicate:H037_stable_k38:persistent_component_k38,H037_stable_k38,persistent_component_k38,IBIP15:H037:k38:P2_eightProjectionState,IBIP-15,persistentHistory,RNA,H0_3_7,270,270,True,True,True,True,exactFrozenMaps,ea79636488a89566814fc77ae856bc26ea779c21221266cec7811dca56c85739,,IBIP15_history_random_bank,270,36315,4,804,270,0,0,1,1,1,1,1,1,0,1,0,,,undefinedInjective,268,12105,0.0221396117307,,,undefinedInjective,True,False,0,1,0,1:270
Watermelon_PC9_osimertinib,Watermelon,pairedReplicate,F017:Watermelon_PC9_osimertinib:Watermelon:pairedReplicate:H037_stable_k38:persistent_component_k38,H037_stable_k38,persistent_component_k38,IBIP15:H037:k38:P4_twelveProjectionState,IBIP-15,persistentHistory,RNA,H0_3_7,270,270,True,True,True,True,exactFrozenMaps,88c6650fbd88ba414bbfc8e348e831e66d208d667cc5112f5fa0c2033754256e,,IBIP15_history_random_bank,270,36315,4,804,270,0,0,1,1,1,1,1,1,0,1,0,,,undefinedInjective,268,12105,0.0221396117307,,,undefinedInjective,True,False,0,1,0,1:270
Watermelon_PC9_osimertinib,Watermelon,pairedReplicate,F017:Watermelon_PC9_osimertinib:Watermelon:pairedReplicate:H037_stable_k38:persistent_component_k38,H037_stable_k38,persistent_component_k38,IBIP15:H037:k38:P5_twelveProjectionDistribution,IBIP-15,persistentHistory,RNA,H0_3_7,270,270,True,True,True,True,exactFrozenMaps,3c639b7b35d37e201de913a0310831c10f18aeaed98328bf93ed1383bfe9f23b,,IBIP15_history_random_bank,270,36315,4,804,270,0,0,1,1,1,1,1,1,0,1,0,,,undefinedInjective,268,12105,0.0221396117307,,,undefinedInjective,True,False,0,1,0,1:270
Watermelon_PC9_osimertinib,Watermelon,pairedReplicate,F018:Watermelon_PC9_osimertinib:Watermelon:pairedReplicate:H037_stable_k62:persistent_component_k62,H037_stable_k62,persistent_component_k62,IBIP15:H037:k62:P2_eightProjectionState,IBIP-15,persistentHistory,RNA,H0_3_7,240,240,True,True,True,True,exactFrozenMaps,a045c0c0249c046fb27d76b1a81c7fa36c0573c903a0b03aaa6a2da7f1fa24e6,,IBIP15_history_random_bank,240,28680,5,1416,240,0,0,1,1,1,1,1,1,0,1,0,,,undefinedInjective,59,1195,0.0493723849372,,,undefinedInjective,True,False,0,1,0,1:240
Watermelon_PC9_osimertinib,Watermelon,pairedReplicate,F018:Watermelon_PC9_osimertinib:Watermelon:pairedReplicate:H037_stable_k62:persistent_component_k62,H037_stable_k62,persistent_component_k62,IBIP15:H037:k62:P4_twelveProjectionState,IBIP-15,persistentHistory,RNA,H0_3_7,240,240,True,True,True,True,exactFrozenMaps,11fecb1371a387e18edc2079bea4000d1a84a351fd42496cf054691e9ad4dafa,,IBIP15_history_random_bank,240,28680,5,1416,240,0,0,1,1,1,1,1,1,0,1,0,,,undefinedInjective,59,1195,0.0493723849372,,,undefinedInjective,True,False,0,1,0,1:240
Watermelon_PC9_osimertinib,Watermelon,pairedReplicate,F018:Watermelon_PC9_osimertinib:Watermelon:pairedReplicate:H037_stable_k62:persistent_component_k62,H037_stable_k62,persistent_component_k62,IBIP15:H037:k62:P5_twelveProjectionDistribution,IBIP-15,persistentHistory,RNA,H0_3_7,240,240,True,True,True,True,exactFrozenMaps,f6247ddc80b4b47ac66ec9bb1f997f21463db3ddcd269e49a9ca6300c035fc59,,IBIP15_history_random_bank,240,28680,5,1416,240,0,0,1,1,1,1,1,1,0,1,0,,,undefinedInjective,59,1195,0.0493723849372,,,undefinedInjective,True,False,0,1,0,1:240
Watermelon_PC9_osimertinib,Watermelon,pairedReplicate,F019:Watermelon_PC9_osimertinib:Watermelon:pairedReplicate:H037_stable_k111:persistent_component_k111,H037_stable_k111,persistent_component_k111,IBIP15:H037:k111:P2_eightProjectionState,IBIP-15,persistentHistory,RNA,H0_3_7,215,215,True,True,True,True,exactFrozenMaps,1082a16823b802aaae7616878a0503dd13cb424a0dadb08cbddc6e4cf09fc22f,,IBIP15_history_random_bank,215,23005,6,8154,215,0,0,1,1,1,1,1,1,0,1,0,,,undefinedInjective,8154,23005,0.354444685938,,,undefinedInjective,True,False,0,1,0,1:215
Watermelon_PC9_osimertinib,Watermelon,pairedReplicate,F019:Watermelon_PC9_osimertinib:Watermelon:pairedReplicate:H037_stable_k111:persistent_component_k111,H037_stable_k111,persistent_component_k111,IBIP15:H037:k111:P4_twelveProjectionState,IBIP-15,persistentHistory,RNA,H0_3_7,215,215,True,True,True,True,exactFrozenMaps,7a2cb8e2beb5c38cc52107a402a62bfa039f20d630768b20ab4721b64fec4bca,,IBIP15_history_random_bank,215,23005,6,8154,215,0,0,1,1,1,1,1,1,0,1,0,,,undefinedInjective,8154,23005,0.354444685938,,,undefinedInjective,True,False,0,1,0,1:215
Watermelon_PC9_osimertinib,Watermelon,pairedReplicate,F019:Watermelon_PC9_osimertinib:Watermelon:pairedReplicate:H037_stable_k111:persistent_component_k111,H037_stable_k111,persistent_component_k111,IBIP15:H037:k111:P5_twelveProjectionDistribution,IBIP-15,persistentHistory,RNA,H0_3_7,215,215,True,True,True,True,exactFrozenMaps,b5251ca1de3621a5625d2b3dfb9d031243f60c76b16cfab64c923a981d2abf64,,IBIP15_history_random_bank,215,23005,6,8154,215,0,0,1,1,1,1,1,1,0,1,0,,,undefinedInjective,8154,23005,0.354444685938,,,undefinedInjective,True,False,0,1,0,1:215
CellTag_LSK_hematopoiesis,CellTag_LSK,multimodal,F026:CellTag_LSK_hematopoiesis:CellTag_LSK:multimodal:IBIP19_finePooled:finePooled,IBIP19_finePooled,finePooled,IBIP19:finePooled:JOINT:J5,IBIP-19,multimodalSnapshot,RNAxATAC,day2.5,201,201,True,True,True,True,exactFrozenMaps,e208195b20f9232559f26d1f29808d153e471576afeb6a218882e2d90422007f,,IBIP19_sham_and_fiber,201,20100,127,19003,201,0,0,1,1,1,1,1,1,0,1,0,,,undefinedInjective,19003,20100,0.945422885572,,,undefinedInjective,True,False,0,1,0,1:201
CellTag_LSK_hematopoiesis,CellTag_LSK,multimodal,F027:CellTag_LSK_hematopoiesis:CellTag_LSK:multimodal:IBIP19_sourceGroupedPooled:sourceGroupedPooled,IBIP19_sourceGroupedPooled,sourceGroupedPooled,IBIP19:sourceGroupedPooled:JOINT:J5,IBIP-19,multimodalSnapshot,RNAxATAC,day2.5,201,201,True,True,True,True,exactFrozenMaps,e208195b20f9232559f26d1f29808d153e471576afeb6a218882e2d90422007f,,IBIP19_sham_and_fiber,201,20100,113,18925,201,0,0,1,1,1,1,1,1,0,1,0,,,undefinedInjective,757,804,0.941542288557,,,undefinedInjective,True,False,0,1,0,1:201
CellTag_LSK_hematopoiesis,CellTag_LSK,multimodal,F028:CellTag_LSK_hematopoiesis:CellTag_LSK:multimodal:IBIP19_majorityPooled:majorityPooled,IBIP19_majorityPooled,majorityPooled,IBIP19:majorityPooled:JOINT:J5,IBIP-19,multimodalSnapshot,RNAxATAC,day2.5,201,201,True,True,True,True,exactFrozenMaps,e208195b20f9232559f26d1f29808d153e471576afeb6a218882e2d90422007f,,IBIP19_sham_and_fiber,201,20100,7,12449,201,0,0,1,1,1,1,1,1,0,1,0,,,undefinedInjective,12449,20100,0.619353233831,,,undefinedInjective,True,False,0,1,0,1:201
CellTag_LSK_hematopoiesis,CellTag_LSK,multimodal,F029:CellTag_LSK_hematopoiesis:CellTag_LSK:multimodal:IBIP19_fateBreadth:fateBreadth,IBIP19_fateBreadth,fateBreadth,IBIP19:fateBreadth:JOINT:J5,IBIP-19,multimodalSnapshot,RNAxATAC,day2.5,201,201,True,True,True,True,exactFrozenMaps,e208195b20f9232559f26d1f29808d153e471576afeb6a218882e2d90422007f,,IBIP19_sham_and_fiber,201,20100,9,15457,201,0,0,1,1,1,1,1,1,0,1,0,,,undefinedInjective,15457,20100,0.769004975124,,,undefinedInjective,True,False,0,1,0,1:201
CellTag_LSK_hematopoiesis,CellTag_LSK,pairedArms,F030:CellTag_LSK_hematopoiesis:CellTag_LSK:pairedArms:IBIP19_armInvariant:armInvariantFate,IBIP19_armInvariant,armInvariantFate,IBIP19:armInvariant:ATAC:A4,IBIP-19,multimodalSnapshot,ATAC,day2.5,89,89,True,True,True,True,exactFrozenMaps,f9ecf11137be1adaf5a7723f5a58a31b0ecee26d3c48920d3226fa29f45e23ac,,IBIP19_arm_controls,89,3916,22,1704,89,0,0,1,1,1,1,1,1,0,1,0,,,undefinedInjective,426,979,0.435137895812,,,undefinedInjective,True,False,0,1,0,1:89
CellTag_LSK_hematopoiesis,CellTag_LSK,pairedArms,F030:CellTag_LSK_hematopoiesis:CellTag_LSK:pairedArms:IBIP19_armInvariant:armInvariantFate,IBIP19_armInvariant,armInvariantFate,IBIP19:armInvariant:ATAC:A5,IBIP-19,multimodalSnapshot,ATAC,day2.5,89,89,True,True,True,True,exactFrozenMaps,b834a874f22653f95cde76d937dbd7b975fe8b10440f77ba68bb32b30b4a7096,,IBIP19_arm_controls,89,3916,22,1704,89,0,0,1,1,1,1,1,1,0,1,0,,,undefinedInjective,426,979,0.435137895812,,,undefinedInjective,True,False,0,1,0,1:89
CellTag_LSK_hematopoiesis,CellTag_LSK,pairedArms,F030:CellTag_LSK_hematopoiesis:CellTag_LSK:pairedArms:IBIP19_armInvariant:armInvariantFate,IBIP19_armInvariant,armInvariantFate,IBIP19:armInvariant:JOINT:J2,IBIP-19,multimodalSnapshot,RNAxATAC,day2.5,89,89,True,True,True,True,exactFrozenMaps,bf3565bdde25fd8ffc4b68e78cd82f94a533a187d33e37e99ab6e5e12038fdf3,,IBIP19_arm_controls,89,3916,22,1704,89,0,0,1,1,1,1,1,1,0,1,0,,,undefinedInjective,426,979,0.435137895812,,,undefinedInjective,True,False,0,1,0,1:89
CellTag_LSK_hematopoiesis,CellTag_LSK,pairedArms,F030:CellTag_LSK_hematopoiesis:CellTag_LSK:pairedArms:IBIP19_armInvariant:armInvariantFate,IBIP19_armInvariant,armInvariantFate,IBIP19:armInvariant:JOINT:J4,IBIP-19,multimodalSnapshot,RNAxATAC,day2.5,89,89,True,True,True,True,exactFrozenMaps,1dfb2dff2cc04840bef9563373fe4b4847a5c526339731d15f72f5d199fa5ae7,,IBIP19_arm_controls,89,3916,22,1704,89,0,0,1,1,1,1,1,1,0,1,0,,,undefinedInjective,426,979,0.435137895812,,,undefinedInjective,True,False,0,1,0,1:89
CellTag_LSK_hematopoiesis,CellTag_LSK,pairedArms,F030:CellTag_LSK_hematopoiesis:CellTag_LSK:pairedArms:IBIP19_armInvariant:armInvariantFate,IBIP19_armInvariant,armInvariantFate,IBIP19:armInvariant:JOINT:J5,IBIP-19,multimodalSnapshot,RNAxATAC,day2.5,89,89,True,True,True,True,exactFrozenMaps,cf44378e0c251990079f8b7f1912e231169fa6bd13b31e828aefbd8b3d6fadb8,,IBIP19_arm_controls,89,3916,22,1704,89,0,0,1,1,1,1,1,1,0,1,0,,,undefinedInjective,426,979,0.435137895812,,,undefinedInjective,True,False,0,1,0,1:89
CellTag_iEP_reprogramming,CellTag_iEP,r1,F035:CellTag_iEP_reprogramming:CellTag_iEP:r1:r1_ATAC_3_12_21:fineDay21Fate,r1_ATAC_3_12_21,fineDay21Fate,IBIP20:r1:ATAC:2:orderedHistory,IBIP-20,orderedHistory,ATAC,D3-D12,27,27,True,True,True,True,exactFrozenMaps,b8262b3f26c5f26e3c195ee214493b24bf714c7710af13cfe99f0e0693825c0c,,IBIP20_temporal_random_fiber_controls,27,351,18,335,27,0,0,1,1,1,1,1,1,0,1,0,,,undefinedInjective,335,351,0.954415954416,,,undefinedInjective,True,False,0,1,0,1:27
CellTag_iEP_reprogramming,CellTag_iEP,r1,F035:CellTag_iEP_reprogramming:CellTag_iEP:r1:r1_ATAC_3_12_21:fineDay21Fate,r1_ATAC_3_12_21,fineDay21Fate,IBIP20:r1:ATAC:2:unorderedHistory,IBIP-20,unorderedHistory,ATAC,D3-D12,27,27,True,True,True,True,exactFrozenMaps,b9fc22e56e94ef6740b2ab1713994abf0018095257814ead27996901f3f12356,,IBIP20_temporal_random_fiber_controls,27,351,18,335,27,0,0,1,1,1,1,1,1,0,1,0,,,undefinedInjective,335,351,0.954415954416,,,undefinedInjective,True,False,0,1,0,1:27
CellTag_iEP_reprogramming,CellTag_iEP,r1,F035:CellTag_iEP_reprogramming:CellTag_iEP:r1:r1_ATAC_3_12_21:fineDay21Fate,r1_ATAC_3_12_21,fineDay21Fate,IBIP20:r1:ATAC:2:reversedHistory,IBIP-20,reversedHistory,ATAC,D3-D12,27,27,True,True,True,True,exactFrozenMaps,0c79a06bcaa2b5508e57151d615014ade2061459bd3f69dee179b7163edc0ad9,,IBIP20_temporal_random_fiber_controls,27,351,18,335,27,0,0,1,1,1,1,1,1,0,1,0,,,undefinedInjective,335,351,0.954415954416,,,undefinedInjective,True,False,0,1,0,1:27
CellTag_iEP_reprogramming,CellTag_iEP,r1,F035:CellTag_iEP_reprogramming:CellTag_iEP:r1:r1_ATAC_3_12_21:fineDay21Fate,r1_ATAC_3_12_21,fineDay21Fate,IBIP20:r1:ATAC:4:orderedHistory,IBIP-20,orderedHistory,ATAC,D3-D12,27,27,True,True,True,True,exactFrozenMaps,0d252b1fde685c1605eb3b81fe2dc8f4d0409d4b80e3493c927b0fcb420ba6f5,,IBIP20_temporal_random_fiber_controls,27,351,18,335,27,0,0,1,1,1,1,1,1,0,1,0,,,undefinedInjective,335,351,0.954415954416,,,undefinedInjective,True,False,0,1,0,1:27
CellTag_iEP_reprogramming,CellTag_iEP,r1,F035:CellTag_iEP_reprogramming:CellTag_iEP:r1:r1_ATAC_3_12_21:fineDay21Fate,r1_ATAC_3_12_21,fineDay21Fate,IBIP20:r1:ATAC:4:unorderedHistory,IBIP-20,unorderedHistory,ATAC,D3-D12,27,27,True,True,True,True,exactFrozenMaps,4b964c7b628d5a5e30a8f0bd01b1e8e325cdf9630ae61f4ff4adacdead59d26c,,IBIP20_temporal_random_fiber_controls,27,351,18,335,27,0,0,1,1,1,1,1,1,0,1,0,,,undefinedInjective,335,351,0.954415954416,,,undefinedInjective,True,False,0,1,0,1:27
CellTag_iEP_reprogramming,CellTag_iEP,r1,F035:CellTag_iEP_reprogramming:CellTag_iEP:r1:r1_ATAC_3_12_21:fineDay21Fate,r1_ATAC_3_12_21,fineDay21Fate,IBIP20:r1:ATAC:4:reversedHistory,IBIP-20,reversedHistory,ATAC,D3-D12,27,27,True,True,True,True,exactFrozenMaps,54fd55ca84cc9c3fa471c1b39a5d16f23c32161f41dafe997209fcab2f5d749e,,IBIP20_temporal_random_fiber_controls,27,351,18,335,27,0,0,1,1,1,1,1,1,0,1,0,,,undefinedInjective,335,351,0.954415954416,,,undefinedInjective,True,False,0,1,0,1:27
CellTag_iEP_reprogramming,CellTag_iEP,r1,F035:CellTag_iEP_reprogramming:CellTag_iEP:r1:r1_ATAC_3_12_21:fineDay21Fate,r1_ATAC_3_12_21,fineDay21Fate,IBIP20:r1:ATAC:5:day12State,IBIP-20,day12State,ATAC,D3-D12,27,27,True,True,True,True,exactFrozenMaps,1abaf73242facd3e4a0a6bb95b4cfb55cd21d7c436d7e0a5a3e702fbba054a4b,,IBIP20_temporal_random_fiber_controls,27,351,18,335,27,0,0,1,1,1,1,1,1,0,1,0,,,undefinedInjective,335,351,0.954415954416,,,undefinedInjective,True,False,0,1,0,1:27
CellTag_iEP_reprogramming,CellTag_iEP,r1,F035:CellTag_iEP_reprogramming:CellTag_iEP:r1:r1_ATAC_3_12_21:fineDay21Fate,r1_ATAC_3_12_21,fineDay21Fate,IBIP20:r1:ATAC:5:orderedHistory,IBIP-20,orderedHistory,ATAC,D3-D12,27,27,True,True,True,True,exactFrozenMaps,df6b46dda5e03fa59d2d3215cce3368118b1f8bfdd722796a954f80ee90a2010,,IBIP20_temporal_random_fiber_controls,27,351,18,335,27,0,0,1,1,1,1,1,1,0,1,0,,,undefinedInjective,335,351,0.954415954416,,,undefinedInjective,True,False,0,1,0,1:27
CellTag_iEP_reprogramming,CellTag_iEP,r1,F035:CellTag_iEP_reprogramming:CellTag_iEP:r1:r1_ATAC_3_12_21:fineDay21Fate,r1_ATAC_3_12_21,fineDay21Fate,IBIP20:r1:ATAC:5:unorderedHistory,IBIP-20,unorderedHistory,ATAC,D3-D12,27,27,True,True,True,True,exactFrozenMaps,a96440279a5cf10cf4cca87db41f1cabc9b2a52b83141d06cd0ee7025e4e8ac4,,IBIP20_temporal_random_fiber_controls,27,351,18,335,27,0,0,1,1,1,1,1,1,0,1,0,,,undefinedInjective,335,351,0.954415954416,,,undefinedInjective,True,False,0,1,0,1:27
CellTag_iEP_reprogramming,CellTag_iEP,r1,F035:CellTag_iEP_reprogramming:CellTag_iEP:r1:r1_ATAC_3_12_21:fineDay21Fate,r1_ATAC_3_12_21,fineDay21Fate,IBIP20:r1:ATAC:5:reversedHistory,IBIP-20,reversedHistory,ATAC,D3-D12,27,27,True,True,True,True,exactFrozenMaps,9cbc5ab2ac54dc34a810a67364c18ea1b092d6394eea8c957829e75ec1d6a6bc,,IBIP20_temporal_random_fiber_controls,27,351,18,335,27,0,0,1,1,1,1,1,1,0,1,0,,,undefinedInjective,335,351,0.954415954416,,,undefinedInjective,True,False,0,1,0,1:27
CellTag_iEP_reprogramming,CellTag_iEP,r1,F035:CellTag_iEP_reprogramming:CellTag_iEP:r1:r1_ATAC_3_12_21:fineDay21Fate,r1_ATAC_3_12_21,fineDay21Fate,IBIP20:r1:ATAC:5:transitionSignature,IBIP-20,transitionSignature,ATAC,D3-D12,27,27,True,True,True,True,exactFrozenMaps,e90f944ff97f7b836fb011a09f0f1c93ee2df9cc173a95bf9ae5fa599106844f,,IBIP20_temporal_random_fiber_controls,27,351,18,335,27,0,0,1,1,1,1,1,1,0,1,0,,,undefinedInjective,335,351,0.954415954416,,,undefinedInjective,True,False,0,1,0,1:27
CellTag_iEP_reprogramming,CellTag_iEP,r1,F036:CellTag_iEP_reprogramming:CellTag_iEP:r1:r1_ATAC_3_12_21:sourceGroupedDay21Fate,r1_ATAC_3_12_21,sourceGroupedDay21Fate,IBIP20:r1:ATAC:2:orderedHistory,IBIP-20,orderedHistory,ATAC,D3-D12,27,27,True,True,True,True,exactFrozenMaps,b8262b3f26c5f26e3c195ee214493b24bf714c7710af13cfe99f0e0693825c0c,,IBIP20_temporal_random_fiber_controls,27,351,12,294,27,0,0,1,1,1,1,1,1,0,1,0,,,undefinedInjective,98,117,0.837606837607,,,undefinedInjective,True,False,0,1,0,1:27
CellTag_iEP_reprogramming,CellTag_iEP,r1,F036:CellTag_iEP_reprogramming:CellTag_iEP:r1:r1_ATAC_3_12_21:sourceGroupedDay21Fate,r1_ATAC_3_12_21,sourceGroupedDay21Fate,IBIP20:r1:ATAC:2:unorderedHistory,IBIP-20,unorderedHistory,ATAC,D3-D12,27,27,True,True,True,True,exactFrozenMaps,b9fc22e56e94ef6740b2ab1713994abf0018095257814ead27996901f3f12356,,IBIP20_temporal_random_fiber_controls,27,351,12,294,27,0,0,1,1,1,1,1,1,0,1,0,,,undefinedInjective,98,117,0.837606837607,,,undefinedInjective,True,False,0,1,0,1:27
CellTag_iEP_reprogramming,CellTag_iEP,r1,F036:CellTag_iEP_reprogramming:CellTag_iEP:r1:r1_ATAC_3_12_21:sourceGroupedDay21Fate,r1_ATAC_3_12_21,sourceGroupedDay21Fate,IBIP20:r1:ATAC:2:reversedHistory,IBIP-20,reversedHistory,ATAC,D3-D12,27,27,True,True,True,True,exactFrozenMaps,0c79a06bcaa2b5508e57151d615014ade2061459bd3f69dee179b7163edc0ad9,,IBIP20_temporal_random_fiber_controls,27,351,12,294,27,0,0,1,1,1,1,1,1,0,1,0,,,undefinedInjective,98,117,0.837606837607,,,undefinedInjective,True,False,0,1,0,1:27
CellTag_iEP_reprogramming,CellTag_iEP,r1,F036:CellTag_iEP_reprogramming:CellTag_iEP:r1:r1_ATAC_3_12_21:sourceGroupedDay21Fate,r1_ATAC_3_12_21,sourceGroupedDay21Fate,IBIP20:r1:ATAC:4:orderedHistory,IBIP-20,orderedHistory,ATAC,D3-D12,27,27,True,True,True,True,exactFrozenMaps,0d252b1fde685c1605eb3b81fe2dc8f4d0409d4b80e3493c927b0fcb420ba6f5,,IBIP20_temporal_random_fiber_controls,27,351,12,294,27,0,0,1,1,1,1,1,1,0,1,0,,,undefinedInjective,98,117,0.837606837607,,,undefinedInjective,True,False,0,1,0,1:27
CellTag_iEP_reprogramming,CellTag_iEP,r1,F036:CellTag_iEP_reprogramming:CellTag_iEP:r1:r1_ATAC_3_12_21:sourceGroupedDay21Fate,r1_ATAC_3_12_21,sourceGroupedDay21Fate,IBIP20:r1:ATAC:4:unorderedHistory,IBIP-20,unorderedHistory,ATAC,D3-D12,27,27,True,True,True,True,exactFrozenMaps,4b964c7b628d5a5e30a8f0bd01b1e8e325cdf9630ae61f4ff4adacdead59d26c,,IBIP20_temporal_random_fiber_controls,27,351,12,294,27,0,0,1,1,1,1,1,1,0,1,0,,,undefinedInjective,98,117,0.837606837607,,,undefinedInjective,True,False,0,1,0,1:27
CellTag_iEP_reprogramming,CellTag_iEP,r1,F036:CellTag_iEP_reprogramming:CellTag_iEP:r1:r1_ATAC_3_12_21:sourceGroupedDay21Fate,r1_ATAC_3_12_21,sourceGroupedDay21Fate,IBIP20:r1:ATAC:4:reversedHistory,IBIP-20,reversedHistory,ATAC,D3-D12,27,27,True,True,True,True,exactFrozenMaps,54fd55ca84cc9c3fa471c1b39a5d16f23c32161f41dafe997209fcab2f5d749e,,IBIP20_temporal_random_fiber_controls,27,351,12,294,27,0,0,1,1,1,1,1,1,0,1,0,,,undefinedInjective,98,117,0.837606837607,,,undefinedInjective,True,False,0,1,0,1:27
CellTag_iEP_reprogramming,CellTag_iEP,r1,F036:CellTag_iEP_reprogramming:CellTag_iEP:r1:r1_ATAC_3_12_21:sourceGroupedDay21Fate,r1_ATAC_3_12_21,sourceGroupedDay21Fate,IBIP20:r1:ATAC:5:day12State,IBIP-20,day12State,ATAC,D3-D12,27,27,True,True,True,True,exactFrozenMaps,1abaf73242facd3e4a0a6bb95b4cfb55cd21d7c436d7e0a5a3e702fbba054a4b,,IBIP20_temporal_random_fiber_controls,27,351,12,294,27,0,0,1,1,1,1,1,1,0,1,0,,,undefinedInjective,98,117,0.837606837607,,,undefinedInjective,True,False,0,1,0,1:27
CellTag_iEP_reprogramming,CellTag_iEP,r1,F036:CellTag_iEP_reprogramming:CellTag_iEP:r1:r1_ATAC_3_12_21:sourceGroupedDay21Fate,r1_ATAC_3_12_21,sourceGroupedDay21Fate,IBIP20:r1:ATAC:5:orderedHistory,IBIP-20,orderedHistory,ATAC,D3-D12,27,27,True,True,True,True,exactFrozenMaps,df6b46dda5e03fa59d2d3215cce3368118b1f8bfdd722796a954f80ee90a2010,,IBIP20_temporal_random_fiber_controls,27,351,12,294,27,0,0,1,1,1,1,1,1,0,1,0,,,undefinedInjective,98,117,0.837606837607,,,undefinedInjective,True,False,0,1,0,1:27
CellTag_iEP_reprogramming,CellTag_iEP,r1,F036:CellTag_iEP_reprogramming:CellTag_iEP:r1:r1_ATAC_3_12_21:sourceGroupedDay21Fate,r1_ATAC_3_12_21,sourceGroupedDay21Fate,IBIP20:r1:ATAC:5:unorderedHistory,IBIP-20,unorderedHistory,ATAC,D3-D12,27,27,True,True,True,True,exactFrozenMaps,a96440279a5cf10cf4cca87db41f1cabc9b2a52b83141d06cd0ee7025e4e8ac4,,IBIP20_temporal_random_fiber_controls,27,351,12,294,27,0,0,1,1,1,1,1,1,0,1,0,,,undefinedInjective,98,117,0.837606837607,,,undefinedInjective,True,False,0,1,0,1:27
CellTag_iEP_reprogramming,CellTag_iEP,r1,F036:CellTag_iEP_reprogramming:CellTag_iEP:r1:r1_ATAC_3_12_21:sourceGroupedDay21Fate,r1_ATAC_3_12_21,sourceGroupedDay21Fate,IBIP20:r1:ATAC:5:reversedHistory,IBIP-20,reversedHistory,ATAC,D3-D12,27,27,True,True,True,True,exactFrozenMaps,9cbc5ab2ac54dc34a810a67364c18ea1b092d6394eea8c957829e75ec1d6a6bc,,IBIP20_temporal_random_fiber_controls,27,351,12,294,27,0,0,1,1,1,1,1,1,0,1,0,,,undefinedInjective,98,117,0.837606837607,,,undefinedInjective,True,False,0,1,0,1:27
CellTag_iEP_reprogramming,CellTag_iEP,r1,F036:CellTag_iEP_reprogramming:CellTag_iEP:r1:r1_ATAC_3_12_21:sourceGroupedDay21Fate,r1_ATAC_3_12_21,sourceGroupedDay21Fate,IBIP20:r1:ATAC:5:transitionSignature,IBIP-20,transitionSignature,ATAC,D3-D12,27,27,True,True,True,True,exactFrozenMaps,e90f944ff97f7b836fb011a09f0f1c93ee2df9cc173a95bf9ae5fa599106844f,,IBIP20_temporal_random_fiber_controls,27,351,12,294,27,0,0,1,1,1,1,1,1,0,1,0,,,undefinedInjective,98,117,0.837606837607,,,undefinedInjective,True,False,0,1,0,1:27
CellTag_iEP_reprogramming,CellTag_iEP,r1,F037:CellTag_iEP_reprogramming:CellTag_iEP:r1:r1_ATAC_3_12_21:majorityDay21Fate,r1_ATAC_3_12_21,majorityDay21Fate,IBIP20:r1:ATAC:2:orderedHistory,IBIP-20,orderedHistory,ATAC,D3-D12,27,27,True,True,True,True,exactFrozenMaps,b8262b3f26c5f26e3c195ee214493b24bf714c7710af13cfe99f0e0693825c0c,,IBIP20_temporal_random_fiber_controls,27,351,3,230,27,0,0,1,1,1,1,1,1,0,1,0,,,undefinedInjective,230,351,0.655270655271,,,undefinedInjective,True,False,0,1,0,1:27
CellTag_iEP_reprogramming,CellTag_iEP,r1,F037:CellTag_iEP_reprogramming:CellTag_iEP:r1:r1_ATAC_3_12_21:majorityDay21Fate,r1_ATAC_3_12_21,majorityDay21Fate,IBIP20:r1:ATAC:2:unorderedHistory,IBIP-20,unorderedHistory,ATAC,D3-D12,27,27,True,True,True,True,exactFrozenMaps,b9fc22e56e94ef6740b2ab1713994abf0018095257814ead27996901f3f12356,,IBIP20_temporal_random_fiber_controls,27,351,3,230,27,0,0,1,1,1,1,1,1,0,1,0,,,undefinedInjective,230,351,0.655270655271,,,undefinedInjective,True,False,0,1,0,1:27
CellTag_iEP_reprogramming,CellTag_iEP,r1,F037:CellTag_iEP_reprogramming:CellTag_iEP:r1:r1_ATAC_3_12_21:majorityDay21Fate,r1_ATAC_3_12_21,majorityDay21Fate,IBIP20:r1:ATAC:2:reversedHistory,IBIP-20,reversedHistory,ATAC,D3-D12,27,27,True,True,True,True,exactFrozenMaps,0c79a06bcaa2b5508e57151d615014ade2061459bd3f69dee179b7163edc0ad9,,IBIP20_temporal_random_fiber_controls,27,351,3,230,27,0,0,1,1,1,1,1,1,0,1,0,,,undefinedInjective,230,351,0.655270655271,,,undefinedInjective,True,False,0,1,0,1:27
CellTag_iEP_reprogramming,CellTag_iEP,r1,F037:CellTag_iEP_reprogramming:CellTag_iEP:r1:r1_ATAC_3_12_21:majorityDay21Fate,r1_ATAC_3_12_21,majorityDay21Fate,IBIP20:r1:ATAC:4:orderedHistory,IBIP-20,orderedHistory,ATAC,D3-D12,27,27,True,True,True,True,exactFrozenMaps,0d252b1fde685c1605eb3b81fe2dc8f4d0409d4b80e3493c927b0fcb420ba6f5,,IBIP20_temporal_random_fiber_controls,27,351,3,230,27,0,0,1,1,1,1,1,1,0,1,0,,,undefinedInjective,230,351,0.655270655271,,,undefinedInjective,True,False,0,1,0,1:27
CellTag_iEP_reprogramming,CellTag_iEP,r1,F037:CellTag_iEP_reprogramming:CellTag_iEP:r1:r1_ATAC_3_12_21:majorityDay21Fate,r1_ATAC_3_12_21,majorityDay21Fate,IBIP20:r1:ATAC:4:unorderedHistory,IBIP-20,unorderedHistory,ATAC,D3-D12,27,27,True,True,True,True,exactFrozenMaps,4b964c7b628d5a5e30a8f0bd01b1e8e325cdf9630ae61f4ff4adacdead59d26c,,IBIP20_temporal_random_fiber_controls,27,351,3,230,27,0,0,1,1,1,1,1,1,0,1,0,,,undefinedInjective,230,351,0.655270655271,,,undefinedInjective,True,False,0,1,0,1:27
CellTag_iEP_reprogramming,CellTag_iEP,r1,F037:CellTag_iEP_reprogramming:CellTag_iEP:r1:r1_ATAC_3_12_21:majorityDay21Fate,r1_ATAC_3_12_21,majorityDay21Fate,IBIP20:r1:ATAC:4:reversedHistory,IBIP-20,reversedHistory,ATAC,D3-D12,27,27,True,True,True,True,exactFrozenMaps,54fd55ca84cc9c3fa471c1b39a5d16f23c32161f41dafe997209fcab2f5d749e,,IBIP20_temporal_random_fiber_controls,27,351,3,230,27,0,0,1,1,1,1,1,1,0,1,0,,,undefinedInjective,230,351,0.655270655271,,,undefinedInjective,True,False,0,1,0,1:27
CellTag_iEP_reprogramming,CellTag_iEP,r1,F037:CellTag_iEP_reprogramming:CellTag_iEP:r1:r1_ATAC_3_12_21:majorityDay21Fate,r1_ATAC_3_12_21,majorityDay21Fate,IBIP20:r1:ATAC:5:day12State,IBIP-20,day12State,ATAC,D3-D12,27,27,True,True,True,True,exactFrozenMaps,1abaf73242facd3e4a0a6bb95b4cfb55cd21d7c436d7e0a5a3e702fbba054a4b,,IBIP20_temporal_random_fiber_controls,27,351,3,230,27,0,0,1,1,1,1,1,1,0,1,0,,,undefinedInjective,230,351,0.655270655271,,,undefinedInjective,True,False,0,1,0,1:27
CellTag_iEP_reprogramming,CellTag_iEP,r1,F037:CellTag_iEP_reprogramming:CellTag_iEP:r1:r1_ATAC_3_12_21:majorityDay21Fate,r1_ATAC_3_12_21,majorityDay21Fate,IBIP20:r1:ATAC:5:orderedHistory,IBIP-20,orderedHistory,ATAC,D3-D12,27,27,True,True,True,True,exactFrozenMaps,df6b46dda5e03fa59d2d3215cce3368118b1f8bfdd722796a954f80ee90a2010,,IBIP20_temporal_random_fiber_controls,27,351,3,230,27,0,0,1,1,1,1,1,1,0,1,0,,,undefinedInjective,230,351,0.655270655271,,,undefinedInjective,True,False,0,1,0,1:27
CellTag_iEP_reprogramming,CellTag_iEP,r1,F037:CellTag_iEP_reprogramming:CellTag_iEP:r1:r1_ATAC_3_12_21:majorityDay21Fate,r1_ATAC_3_12_21,majorityDay21Fate,IBIP20:r1:ATAC:5:unorderedHistory,IBIP-20,unorderedHistory,ATAC,D3-D12,27,27,True,True,True,True,exactFrozenMaps,a96440279a5cf10cf4cca87db41f1cabc9b2a52b83141d06cd0ee7025e4e8ac4,,IBIP20_temporal_random_fiber_controls,27,351,3,230,27,0,0,1,1,1,1,1,1,0,1,0,,,undefinedInjective,230,351,0.655270655271,,,undefinedInjective,True,False,0,1,0,1:27
CellTag_iEP_reprogramming,CellTag_iEP,r1,F037:CellTag_iEP_reprogramming:CellTag_iEP:r1:r1_ATAC_3_12_21:majorityDay21Fate,r1_ATAC_3_12_21,majorityDay21Fate,IBIP20:r1:ATAC:5:reversedHistory,IBIP-20,reversedHistory,ATAC,D3-D12,27,27,True,True,True,True,exactFrozenMaps,9cbc5ab2ac54dc34a810a67364c18ea1b092d6394eea8c957829e75ec1d6a6bc,,IBIP20_temporal_random_fiber_controls,27,351,3,230,27,0,0,1,1,1,1,1,1,0,1,0,,,undefinedInjective,230,351,0.655270655271,,,undefinedInjective,True,False,0,1,0,1:27
CellTag_iEP_reprogramming,CellTag_iEP,r1,F037:CellTag_iEP_reprogramming:CellTag_iEP:r1:r1_ATAC_3_12_21:majorityDay21Fate,r1_ATAC_3_12_21,majorityDay21Fate,IBIP20:r1:ATAC:5:transitionSignature,IBIP-20,transitionSignature,ATAC,D3-D12,27,27,True,True,True,True,exactFrozenMaps,e90f944ff97f7b836fb011a09f0f1c93ee2df9cc173a95bf9ae5fa599106844f,,IBIP20_temporal_random_fiber_controls,27,351,3,230,27,0,0,1,1,1,1,1,1,0,1,0,,,undefinedInjective,230,351,0.655270655271,,,undefinedInjective,True,False,0,1,0,1:27
CellTag_iEP_reprogramming,CellTag_iEP,r1,F038:CellTag_iEP_reprogramming:CellTag_iEP:r1:r1_ATAC_3_12_21:fateBreadth,r1_ATAC_3_12_21,fateBreadth,IBIP20:r1:ATAC:2:orderedHistory,IBIP-20,orderedHistory,ATAC,D3-D12,27,27,True,True,True,True,exactFrozenMaps,b8262b3f26c5f26e3c195ee214493b24bf714c7710af13cfe99f0e0693825c0c,,IBIP20_temporal_random_fiber_controls,27,351,3,230,27,0,0,1,1,1,1,1,1,0,1,0,,,undefinedInjective,230,351,0.655270655271,,,undefinedInjective,True,False,0,1,0,1:27
CellTag_iEP_reprogramming,CellTag_iEP,r1,F038:CellTag_iEP_reprogramming:CellTag_iEP:r1:r1_ATAC_3_12_21:fateBreadth,r1_ATAC_3_12_21,fateBreadth,IBIP20:r1:ATAC:2:unorderedHistory,IBIP-20,unorderedHistory,ATAC,D3-D12,27,27,True,True,True,True,exactFrozenMaps,b9fc22e56e94ef6740b2ab1713994abf0018095257814ead27996901f3f12356,,IBIP20_temporal_random_fiber_controls,27,351,3,230,27,0,0,1,1,1,1,1,1,0,1,0,,,undefinedInjective,230,351,0.655270655271,,,undefinedInjective,True,False,0,1,0,1:27
CellTag_iEP_reprogramming,CellTag_iEP,r1,F038:CellTag_iEP_reprogramming:CellTag_iEP:r1:r1_ATAC_3_12_21:fateBreadth,r1_ATAC_3_12_21,fateBreadth,IBIP20:r1:ATAC:2:reversedHistory,IBIP-20,reversedHistory,ATAC,D3-D12,27,27,True,True,True,True,exactFrozenMaps,0c79a06bcaa2b5508e57151d615014ade2061459bd3f69dee179b7163edc0ad9,,IBIP20_temporal_random_fiber_controls,27,351,3,230,27,0,0,1,1,1,1,1,1,0,1,0,,,undefinedInjective,230,351,0.655270655271,,,undefinedInjective,True,False,0,1,0,1:27
CellTag_iEP_reprogramming,CellTag_iEP,r1,F038:CellTag_iEP_reprogramming:CellTag_iEP:r1:r1_ATAC_3_12_21:fateBreadth,r1_ATAC_3_12_21,fateBreadth,IBIP20:r1:ATAC:4:orderedHistory,IBIP-20,orderedHistory,ATAC,D3-D12,27,27,True,True,True,True,exactFrozenMaps,0d252b1fde685c1605eb3b81fe2dc8f4d0409d4b80e3493c927b0fcb420ba6f5,,IBIP20_temporal_random_fiber_controls,27,351,3,230,27,0,0,1,1,1,1,1,1,0,1,0,,,undefinedInjective,230,351,0.655270655271,,,undefinedInjective,True,False,0,1,0,1:27
CellTag_iEP_reprogramming,CellTag_iEP,r1,F038:CellTag_iEP_reprogramming:CellTag_iEP:r1:r1_ATAC_3_12_21:fateBreadth,r1_ATAC_3_12_21,fateBreadth,IBIP20:r1:ATAC:4:unorderedHistory,IBIP-20,unorderedHistory,ATAC,D3-D12,27,27,True,True,True,True,exactFrozenMaps,4b964c7b628d5a5e30a8f0bd01b1e8e325cdf9630ae61f4ff4adacdead59d26c,,IBIP20_temporal_random_fiber_controls,27,351,3,230,27,0,0,1,1,1,1,1,1,0,1,0,,,undefinedInjective,230,351,0.655270655271,,,undefinedInjective,True,False,0,1,0,1:27
CellTag_iEP_reprogramming,CellTag_iEP,r1,F038:CellTag_iEP_reprogramming:CellTag_iEP:r1:r1_ATAC_3_12_21:fateBreadth,r1_ATAC_3_12_21,fateBreadth,IBIP20:r1:ATAC:4:reversedHistory,IBIP-20,reversedHistory,ATAC,D3-D12,27,27,True,True,True,True,exactFrozenMaps,54fd55ca84cc9c3fa471c1b39a5d16f23c32161f41dafe997209fcab2f5d749e,,IBIP20_temporal_random_fiber_controls,27,351,3,230,27,0,0,1,1,1,1,1,1,0,1,0,,,undefinedInjective,230,351,0.655270655271,,,undefinedInjective,True,False,0,1,0,1:27
CellTag_iEP_reprogramming,CellTag_iEP,r1,F038:CellTag_iEP_reprogramming:CellTag_iEP:r1:r1_ATAC_3_12_21:fateBreadth,r1_ATAC_3_12_21,fateBreadth,IBIP20:r1:ATAC:5:day12State,IBIP-20,day12State,ATAC,D3-D12,27,27,True,True,True,True,exactFrozenMaps,1abaf73242facd3e4a0a6bb95b4cfb55cd21d7c436d7e0a5a3e702fbba054a4b,,IBIP20_temporal_random_fiber_controls,27,351,3,230,27,0,0,1,1,1,1,1,1,0,1,0,,,undefinedInjective,230,351,0.655270655271,,,undefinedInjective,True,False,0,1,0,1:27
CellTag_iEP_reprogramming,CellTag_iEP,r1,F038:CellTag_iEP_reprogramming:CellTag_iEP:r1:r1_ATAC_3_12_21:fateBreadth,r1_ATAC_3_12_21,fateBreadth,IBIP20:r1:ATAC:5:orderedHistory,IBIP-20,orderedHistory,ATAC,D3-D12,27,27,True,True,True,True,exactFrozenMaps,df6b46dda5e03fa59d2d3215cce3368118b1f8bfdd722796a954f80ee90a2010,,IBIP20_temporal_random_fiber_controls,27,351,3,230,27,0,0,1,1,1,1,1,1,0,1,0,,,undefinedInjective,230,351,0.655270655271,,,undefinedInjective,True,False,0,1,0,1:27
CellTag_iEP_reprogramming,CellTag_iEP,r1,F038:CellTag_iEP_reprogramming:CellTag_iEP:r1:r1_ATAC_3_12_21:fateBreadth,r1_ATAC_3_12_21,fateBreadth,IBIP20:r1:ATAC:5:unorderedHistory,IBIP-20,unorderedHistory,ATAC,D3-D12,27,27,True,True,True,True,exactFrozenMaps,a96440279a5cf10cf4cca87db41f1cabc9b2a52b83141d06cd0ee7025e4e8ac4,,IBIP20_temporal_random_fiber_controls,27,351,3,230,27,0,0,1,1,1,1,1,1,0,1,0,,,undefinedInjective,230,351,0.655270655271,,,undefinedInjective,True,False,0,1,0,1:27
CellTag_iEP_reprogramming,CellTag_iEP,r1,F038:CellTag_iEP_reprogramming:CellTag_iEP:r1:r1_ATAC_3_12_21:fateBreadth,r1_ATAC_3_12_21,fateBreadth,IBIP20:r1:ATAC:5:reversedHistory,IBIP-20,reversedHistory,ATAC,D3-D12,27,27,True,True,True,True,exactFrozenMaps,9cbc5ab2ac54dc34a810a67364c18ea1b092d6394eea8c957829e75ec1d6a6bc,,IBIP20_temporal_random_fiber_controls,27,351,3,230,27,0,0,1,1,1,1,1,1,0,1,0,,,undefinedInjective,230,351,0.655270655271,,,undefinedInjective,True,False,0,1,0,1:27
CellTag_iEP_reprogramming,CellTag_iEP,r1,F038:CellTag_iEP_reprogramming:CellTag_iEP:r1:r1_ATAC_3_12_21:fateBreadth,r1_ATAC_3_12_21,fateBreadth,IBIP20:r1:ATAC:5:transitionSignature,IBIP-20,transitionSignature,ATAC,D3-D12,27,27,True,True,True,True,exactFrozenMaps,e90f944ff97f7b836fb011a09f0f1c93ee2df9cc173a95bf9ae5fa599106844f,,IBIP20_temporal_random_fiber_controls,27,351,3,230,27,0,0,1,1,1,1,1,1,0,1,0,,,undefinedInjective,230,351,0.655270655271,,,undefinedInjective,True,False,0,1,0,1:27
CellTag_iEP_reprogramming,CellTag_iEP,r1,F039:CellTag_iEP_reprogramming:CellTag_iEP:r1:r1_MULTI_3_12_21:fineDay21Fate,r1_MULTI_3_12_21,fineDay21Fate,IBIP20:r1:MULTI:1:snapshotDay3,IBIP-20,snapshotDay3,MULTI,D3-D12,17,17,True,True,True,True,exactFrozenMaps,ba1244c89d722194dafc971d45037caa8bffb14daa005eba611a769762573dbf,,IBIP20_temporal_random_fiber_controls,17,136,14,132,17,0,0,1,1,1,1,1,1,0,1,0,,,undefinedInjective,33,34,0.970588235294,,,undefinedInjective,True,False,0,1,0,1:17
CellTag_iEP_reprogramming,CellTag_iEP,r1,F039:CellTag_iEP_reprogramming:CellTag_iEP:r1:r1_MULTI_3_12_21:fineDay21Fate,r1_MULTI_3_12_21,fineDay21Fate,IBIP20:r1:MULTI:1:orderedHistory,IBIP-20,orderedHistory,MULTI,D3-D12,17,17,True,True,True,True,exactFrozenMaps,8b23437c9d5658ac29035d80a6003e6199a9d35ccd88e0b9ae8847b98823c7a3,,IBIP20_temporal_random_fiber_controls,17,136,14,132,17,0,0,1,1,1,1,1,1,0,1,0,,,undefinedInjective,33,34,0.970588235294,,,undefinedInjective,True,False,0,1,0,1:17
CellTag_iEP_reprogramming,CellTag_iEP,r1,F039:CellTag_iEP_reprogramming:CellTag_iEP:r1:r1_MULTI_3_12_21:fineDay21Fate,r1_MULTI_3_12_21,fineDay21Fate,IBIP20:r1:MULTI:1:unorderedHistory,IBIP-20,unorderedHistory,MULTI,D3-D12,17,17,True,True,True,True,exactFrozenMaps,10849417173d8cb6481a64af1892c074f3d36f3d90a2fcbcb8e81fc41ac5c5ad,,IBIP20_temporal_random_fiber_controls,17,136,14,132,17,0,0,1,1,1,1,1,1,0,1,0,,,undefinedInjective,33,34,0.970588235294,,,undefinedInjective,True,False,0,1,0,1:17
CellTag_iEP_reprogramming,CellTag_iEP,r1,F039:CellTag_iEP_reprogramming:CellTag_iEP:r1:r1_MULTI_3_12_21:fineDay21Fate,r1_MULTI_3_12_21,fineDay21Fate,IBIP20:r1:MULTI:1:reversedHistory,IBIP-20,reversedHistory,MULTI,D3-D12,17,17,True,True,True,True,exactFrozenMaps,4e63acc6b620bb312525402e70ab7f7dd51f9ca0d2c498d34dadf1b73fab93e5,,IBIP20_temporal_random_fiber_controls,17,136,14,132,17,0,0,1,1,1,1,1,1,0,1,0,,,undefinedInjective,33,34,0.970588235294,,,undefinedInjective,True,False,0,1,0,1:17
CellTag_iEP_reprogramming,CellTag_iEP,r1,F039:CellTag_iEP_reprogramming:CellTag_iEP:r1:r1_MULTI_3_12_21:fineDay21Fate,r1_MULTI_3_12_21,fineDay21Fate,IBIP20:r1:MULTI:2:snapshotDay3,IBIP-20,snapshotDay3,MULTI,D3-D12,17,17,True,True,True,True,exactFrozenMaps,305c2aaa723910681e631614259fa64c7b490a7ee0835f4f9669c3460abda2a0,,IBIP20_temporal_random_fiber_controls,17,136,14,132,17,0,0,1,1,1,1,1,1,0,1,0,,,undefinedInjective,33,34,0.970588235294,,,undefinedInjective,True,False,0,1,0,1:17
CellTag_iEP_reprogramming,CellTag_iEP,r1,F039:CellTag_iEP_reprogramming:CellTag_iEP:r1:r1_MULTI_3_12_21:fineDay21Fate,r1_MULTI_3_12_21,fineDay21Fate,IBIP20:r1:MULTI:2:orderedHistory,IBIP-20,orderedHistory,MULTI,D3-D12,17,17,True,True,True,True,exactFrozenMaps,616f298f8461e6fc6ac23cbee8fdd1d2fd883d715ba4aa83b520bf411c845919,,IBIP20_temporal_random_fiber_controls,17,136,14,132,17,0,0,1,1,1,1,1,1,0,1,0,,,undefinedInjective,33,34,0.970588235294,,,undefinedInjective,True,False,0,1,0,1:17
CellTag_iEP_reprogramming,CellTag_iEP,r1,F039:CellTag_iEP_reprogramming:CellTag_iEP:r1:r1_MULTI_3_12_21:fineDay21Fate,r1_MULTI_3_12_21,fineDay21Fate,IBIP20:r1:MULTI:2:unorderedHistory,IBIP-20,unorderedHistory,MULTI,D3-D12,17,17,True,True,True,True,exactFrozenMaps,93f5de536d59653c5a8003a3b455386bf3b52f0c56330f89741a98e3805b5c13,,IBIP20_temporal_random_fiber_controls,17,136,14,132,17,0,0,1,1,1,1,1,1,0,1,0,,,undefinedInjective,33,34,0.970588235294,,,undefinedInjective,True,False,0,1,0,1:17
CellTag_iEP_reprogramming,CellTag_iEP,r1,F039:CellTag_iEP_reprogramming:CellTag_iEP:r1:r1_MULTI_3_12_21:fineDay21Fate,r1_MULTI_3_12_21,fineDay21Fate,IBIP20:r1:MULTI:2:reversedHistory,IBIP-20,reversedHistory,MULTI,D3-D12,17,17,True,True,True,True,exactFrozenMaps,289a20918196bbdd2a07acb54a8ec82d6b84016920bd9a564b87d64dd418b247,,IBIP20_temporal_random_fiber_controls,17,136,14,132,17,0,0,1,1,1,1,1,1,0,1,0,,,undefinedInjective,33,34,0.970588235294,,,undefinedInjective,True,False,0,1,0,1:17
CellTag_iEP_reprogramming,CellTag_iEP,r1,F039:CellTag_iEP_reprogramming:CellTag_iEP:r1:r1_MULTI_3_12_21:fineDay21Fate,r1_MULTI_3_12_21,fineDay21Fate,IBIP20:r1:MULTI:2:transitionSignature,IBIP-20,transitionSignature,MULTI,D3-D12,17,17,True,True,True,True,exactFrozenMaps,4a79941be53d0119bcfeff9e36e03ef1acc381b3e553791cc3bb1b94851a1f20,,IBIP20_temporal_random_fiber_controls,17,136,14,132,17,0,0,1,1,1,1,1,1,0,1,0,,,undefinedInjective,33,34,0.970588235294,,,undefinedInjective,True,False,0,1,0,1:17
CellTag_iEP_reprogramming,CellTag_iEP,r1,F039:CellTag_iEP_reprogramming:CellTag_iEP:r1:r1_MULTI_3_12_21:fineDay21Fate,r1_MULTI_3_12_21,fineDay21Fate,IBIP20:r1:MULTI:4:snapshotDay3,IBIP-20,snapshotDay3,MULTI,D3-D12,17,17,True,True,True,True,exactFrozenMaps,ed01ce32b95375ef01b2dc57a6f15d3c06c86782c829caa122a682236e80be9a,,IBIP20_temporal_random_fiber_controls,17,136,14,132,17,0,0,1,1,1,1,1,1,0,1,0,,,undefinedInjective,33,34,0.970588235294,,,undefinedInjective,True,False,0,1,0,1:17
CellTag_iEP_reprogramming,CellTag_iEP,r1,F039:CellTag_iEP_reprogramming:CellTag_iEP:r1:r1_MULTI_3_12_21:fineDay21Fate,r1_MULTI_3_12_21,fineDay21Fate,IBIP20:r1:MULTI:4:orderedHistory,IBIP-20,orderedHistory,MULTI,D3-D12,17,17,True,True,True,True,exactFrozenMaps,35aec53d5b099be43f5786db2a72263867b77d6bf4013c44ae50e02d4cc25e29,,IBIP20_temporal_random_fiber_controls,17,136,14,132,17,0,0,1,1,1,1,1,1,0,1,0,,,undefinedInjective,33,34,0.970588235294,,,undefinedInjective,True,False,0,1,0,1:17
CellTag_iEP_reprogramming,CellTag_iEP,r1,F039:CellTag_iEP_reprogramming:CellTag_iEP:r1:r1_MULTI_3_12_21:fineDay21Fate,r1_MULTI_3_12_21,fineDay21Fate,IBIP20:r1:MULTI:4:unorderedHistory,IBIP-20,unorderedHistory,MULTI,D3-D12,17,17,True,True,True,True,exactFrozenMaps,539e5efb93b56e514998af8894279b9327d7563238f523754d2c555727f7c82e,,IBIP20_temporal_random_fiber_controls,17,136,14,132,17,0,0,1,1,1,1,1,1,0,1,0,,,undefinedInjective,33,34,0.970588235294,,,undefinedInjective,True,False,0,1,0,1:17
CellTag_iEP_reprogramming,CellTag_iEP,r1,F039:CellTag_iEP_reprogramming:CellTag_iEP:r1:r1_MULTI_3_12_21:fineDay21Fate,r1_MULTI_3_12_21,fineDay21Fate,IBIP20:r1:MULTI:4:reversedHistory,IBIP-20,reversedHistory,MULTI,D3-D12,17,17,True,True,True,True,exactFrozenMaps,9c97947391060ff3cedeb00809018d2402e899c3edd9383d482b0a14d07fb536,,IBIP20_temporal_random_fiber_controls,17,136,14,132,17,0,0,1,1,1,1,1,1,0,1,0,,,undefinedInjective,33,34,0.970588235294,,,undefinedInjective,True,False,0,1,0,1:17
CellTag_iEP_reprogramming,CellTag_iEP,r1,F039:CellTag_iEP_reprogramming:CellTag_iEP:r1:r1_MULTI_3_12_21:fineDay21Fate,r1_MULTI_3_12_21,fineDay21Fate,IBIP20:r1:MULTI:4:transitionSignature,IBIP-20,transitionSignature,MULTI,D3-D12,17,17,True,True,True,True,exactFrozenMaps,6f074e677d84fc82054eee06347bdc4f04662d7fd1a0a0be98bdbbe3fbb283c0,,IBIP20_temporal_random_fiber_controls,17,136,14,132,17,0,0,1,1,1,1,1,1,0,1,0,,,undefinedInjective,33,34,0.970588235294,,,undefinedInjective,True,False,0,1,0,1:17
CellTag_iEP_reprogramming,CellTag_iEP,r1,F039:CellTag_iEP_reprogramming:CellTag_iEP:r1:r1_MULTI_3_12_21:fineDay21Fate,r1_MULTI_3_12_21,fineDay21Fate,IBIP20:r1:MULTI:5:snapshotDay3,IBIP-20,snapshotDay3,MULTI,D3-D12,17,17,True,True,True,True,exactFrozenMaps,0d88bf1bfc4b8250a99dae848d1624f1443bd7ebf5b92ca6f5e03acde38d9565,,IBIP20_temporal_random_fiber_controls,17,136,14,132,17,0,0,1,1,1,1,1,1,0,1,0,,,undefinedInjective,33,34,0.970588235294,,,undefinedInjective,True,False,0,1,0,1:17
CellTag_iEP_reprogramming,CellTag_iEP,r1,F039:CellTag_iEP_reprogramming:CellTag_iEP:r1:r1_MULTI_3_12_21:fineDay21Fate,r1_MULTI_3_12_21,fineDay21Fate,IBIP20:r1:MULTI:5:day12State,IBIP-20,day12State,MULTI,D3-D12,17,17,True,True,True,True,exactFrozenMaps,a6d449c2489f158608566ddcb9099a1ccc8b068d77c8241c25dd66c665d4dead,,IBIP20_temporal_random_fiber_controls,17,136,14,132,17,0,0,1,1,1,1,1,1,0,1,0,,,undefinedInjective,33,34,0.970588235294,,,undefinedInjective,True,False,0,1,0,1:17
CellTag_iEP_reprogramming,CellTag_iEP,r1,F039:CellTag_iEP_reprogramming:CellTag_iEP:r1:r1_MULTI_3_12_21:fineDay21Fate,r1_MULTI_3_12_21,fineDay21Fate,IBIP20:r1:MULTI:5:orderedHistory,IBIP-20,orderedHistory,MULTI,D3-D12,17,17,True,True,True,True,exactFrozenMaps,62c51f14a2b50da42cb79a1185de81f726db19f010ac8687cd1774893f2b90fc,,IBIP20_temporal_random_fiber_controls,17,136,14,132,17,0,0,1,1,1,1,1,1,0,1,0,,,undefinedInjective,33,34,0.970588235294,,,undefinedInjective,True,False,0,1,0,1:17
CellTag_iEP_reprogramming,CellTag_iEP,r1,F039:CellTag_iEP_reprogramming:CellTag_iEP:r1:r1_MULTI_3_12_21:fineDay21Fate,r1_MULTI_3_12_21,fineDay21Fate,IBIP20:r1:MULTI:5:unorderedHistory,IBIP-20,unorderedHistory,MULTI,D3-D12,17,17,True,True,True,True,exactFrozenMaps,6ce6380dadef81532062151dea78297b3f86555eb0594f0ccd6600ab792323df,,IBIP20_temporal_random_fiber_controls,17,136,14,132,17,0,0,1,1,1,1,1,1,0,1,0,,,undefinedInjective,33,34,0.970588235294,,,undefinedInjective,True,False,0,1,0,1:17
CellTag_iEP_reprogramming,CellTag_iEP,r1,F039:CellTag_iEP_reprogramming:CellTag_iEP:r1:r1_MULTI_3_12_21:fineDay21Fate,r1_MULTI_3_12_21,fineDay21Fate,IBIP20:r1:MULTI:5:reversedHistory,IBIP-20,reversedHistory,MULTI,D3-D12,17,17,True,True,True,True,exactFrozenMaps,5349bc57116fe1a793f6e917bdc097232007b22715c88769de9ae6034fe342f1,,IBIP20_temporal_random_fiber_controls,17,136,14,132,17,0,0,1,1,1,1,1,1,0,1,0,,,undefinedInjective,33,34,0.970588235294,,,undefinedInjective,True,False,0,1,0,1:17
CellTag_iEP_reprogramming,CellTag_iEP,r1,F039:CellTag_iEP_reprogramming:CellTag_iEP:r1:r1_MULTI_3_12_21:fineDay21Fate,r1_MULTI_3_12_21,fineDay21Fate,IBIP20:r1:MULTI:5:transitionSignature,IBIP-20,transitionSignature,MULTI,D3-D12,17,17,True,True,True,True,exactFrozenMaps,38c076d01e9797364fbea9b1e602d5d48a4f2fa19b7ba569a2fc873da2fe3d85,,IBIP20_temporal_random_fiber_controls,17,136,14,132,17,0,0,1,1,1,1,1,1,0,1,0,,,undefinedInjective,33,34,0.970588235294,,,undefinedInjective,True,False,0,1,0,1:17
CellTag_iEP_reprogramming,CellTag_iEP,r1,F040:CellTag_iEP_reprogramming:CellTag_iEP:r1:r1_MULTI_3_12_21:sourceGroupedDay21Fate,r1_MULTI_3_12_21,sourceGroupedDay21Fate,IBIP20:r1:MULTI:1:snapshotDay3,IBIP-20,snapshotDay3,MULTI,D3-D12,17,17,True,True,True,True,exactFrozenMaps,ba1244c89d722194dafc971d45037caa8bffb14daa005eba611a769762573dbf,,IBIP20_temporal_random_fiber_controls,17,136,10,123,17,0,0,1,1,1,1,1,1,0,1,0,,,undefinedInjective,123,136,0.904411764706,,,undefinedInjective,True,False,0,1,0,1:17
CellTag_iEP_reprogramming,CellTag_iEP,r1,F040:CellTag_iEP_reprogramming:CellTag_iEP:r1:r1_MULTI_3_12_21:sourceGroupedDay21Fate,r1_MULTI_3_12_21,sourceGroupedDay21Fate,IBIP20:r1:MULTI:1:orderedHistory,IBIP-20,orderedHistory,MULTI,D3-D12,17,17,True,True,True,True,exactFrozenMaps,8b23437c9d5658ac29035d80a6003e6199a9d35ccd88e0b9ae8847b98823c7a3,,IBIP20_temporal_random_fiber_controls,17,136,10,123,17,0,0,1,1,1,1,1,1,0,1,0,,,undefinedInjective,123,136,0.904411764706,,,undefinedInjective,True,False,0,1,0,1:17
CellTag_iEP_reprogramming,CellTag_iEP,r1,F040:CellTag_iEP_reprogramming:CellTag_iEP:r1:r1_MULTI_3_12_21:sourceGroupedDay21Fate,r1_MULTI_3_12_21,sourceGroupedDay21Fate,IBIP20:r1:MULTI:1:unorderedHistory,IBIP-20,unorderedHistory,MULTI,D3-D12,17,17,True,True,True,True,exactFrozenMaps,10849417173d8cb6481a64af1892c074f3d36f3d90a2fcbcb8e81fc41ac5c5ad,,IBIP20_temporal_random_fiber_controls,17,136,10,123,17,0,0,1,1,1,1,1,1,0,1,0,,,undefinedInjective,123,136,0.904411764706,,,undefinedInjective,True,False,0,1,0,1:17
CellTag_iEP_reprogramming,CellTag_iEP,r1,F040:CellTag_iEP_reprogramming:CellTag_iEP:r1:r1_MULTI_3_12_21:sourceGroupedDay21Fate,r1_MULTI_3_12_21,sourceGroupedDay21Fate,IBIP20:r1:MULTI:1:reversedHistory,IBIP-20,reversedHistory,MULTI,D3-D12,17,17,True,True,True,True,exactFrozenMaps,4e63acc6b620bb312525402e70ab7f7dd51f9ca0d2c498d34dadf1b73fab93e5,,IBIP20_temporal_random_fiber_controls,17,136,10,123,17,0,0,1,1,1,1,1,1,0,1,0,,,undefinedInjective,123,136,0.904411764706,,,undefinedInjective,True,False,0,1,0,1:17
CellTag_iEP_reprogramming,CellTag_iEP,r1,F040:CellTag_iEP_reprogramming:CellTag_iEP:r1:r1_MULTI_3_12_21:sourceGroupedDay21Fate,r1_MULTI_3_12_21,sourceGroupedDay21Fate,IBIP20:r1:MULTI:2:snapshotDay3,IBIP-20,snapshotDay3,MULTI,D3-D12,17,17,True,True,True,True,exactFrozenMaps,305c2aaa723910681e631614259fa64c7b490a7ee0835f4f9669c3460abda2a0,,IBIP20_temporal_random_fiber_controls,17,136,10,123,17,0,0,1,1,1,1,1,1,0,1,0,,,undefinedInjective,123,136,0.904411764706,,,undefinedInjective,True,False,0,1,0,1:17
CellTag_iEP_reprogramming,CellTag_iEP,r1,F040:CellTag_iEP_reprogramming:CellTag_iEP:r1:r1_MULTI_3_12_21:sourceGroupedDay21Fate,r1_MULTI_3_12_21,sourceGroupedDay21Fate,IBIP20:r1:MULTI:2:orderedHistory,IBIP-20,orderedHistory,MULTI,D3-D12,17,17,True,True,True,True,exactFrozenMaps,616f298f8461e6fc6ac23cbee8fdd1d2fd883d715ba4aa83b520bf411c845919,,IBIP20_temporal_random_fiber_controls,17,136,10,123,17,0,0,1,1,1,1,1,1,0,1,0,,,undefinedInjective,123,136,0.904411764706,,,undefinedInjective,True,False,0,1,0,1:17
CellTag_iEP_reprogramming,CellTag_iEP,r1,F040:CellTag_iEP_reprogramming:CellTag_iEP:r1:r1_MULTI_3_12_21:sourceGroupedDay21Fate,r1_MULTI_3_12_21,sourceGroupedDay21Fate,IBIP20:r1:MULTI:2:unorderedHistory,IBIP-20,unorderedHistory,MULTI,D3-D12,17,17,True,True,True,True,exactFrozenMaps,93f5de536d59653c5a8003a3b455386bf3b52f0c56330f89741a98e3805b5c13,,IBIP20_temporal_random_fiber_controls,17,136,10,123,17,0,0,1,1,1,1,1,1,0,1,0,,,undefinedInjective,123,136,0.904411764706,,,undefinedInjective,True,False,0,1,0,1:17
CellTag_iEP_reprogramming,CellTag_iEP,r1,F040:CellTag_iEP_reprogramming:CellTag_iEP:r1:r1_MULTI_3_12_21:sourceGroupedDay21Fate,r1_MULTI_3_12_21,sourceGroupedDay21Fate,IBIP20:r1:MULTI:2:reversedHistory,IBIP-20,reversedHistory,MULTI,D3-D12,17,17,True,True,True,True,exactFrozenMaps,289a20918196bbdd2a07acb54a8ec82d6b84016920bd9a564b87d64dd418b247,,IBIP20_temporal_random_fiber_controls,17,136,10,123,17,0,0,1,1,1,1,1,1,0,1,0,,,undefinedInjective,123,136,0.904411764706,,,undefinedInjective,True,False,0,1,0,1:17
CellTag_iEP_reprogramming,CellTag_iEP,r1,F040:CellTag_iEP_reprogramming:CellTag_iEP:r1:r1_MULTI_3_12_21:sourceGroupedDay21Fate,r1_MULTI_3_12_21,sourceGroupedDay21Fate,IBIP20:r1:MULTI:2:transitionSignature,IBIP-20,transitionSignature,MULTI,D3-D12,17,17,True,True,True,True,exactFrozenMaps,4a79941be53d0119bcfeff9e36e03ef1acc381b3e553791cc3bb1b94851a1f20,,IBIP20_temporal_random_fiber_controls,17,136,10,123,17,0,0,1,1,1,1,1,1,0,1,0,,,undefinedInjective,123,136,0.904411764706,,,undefinedInjective,True,False,0,1,0,1:17
CellTag_iEP_reprogramming,CellTag_iEP,r1,F040:CellTag_iEP_reprogramming:CellTag_iEP:r1:r1_MULTI_3_12_21:sourceGroupedDay21Fate,r1_MULTI_3_12_21,sourceGroupedDay21Fate,IBIP20:r1:MULTI:4:snapshotDay3,IBIP-20,snapshotDay3,MULTI,D3-D12,17,17,True,True,True,True,exactFrozenMaps,ed01ce32b95375ef01b2dc57a6f15d3c06c86782c829caa122a682236e80be9a,,IBIP20_temporal_random_fiber_controls,17,136,10,123,17,0,0,1,1,1,1,1,1,0,1,0,,,undefinedInjective,123,136,0.904411764706,,,undefinedInjective,True,False,0,1,0,1:17
CellTag_iEP_reprogramming,CellTag_iEP,r1,F040:CellTag_iEP_reprogramming:CellTag_iEP:r1:r1_MULTI_3_12_21:sourceGroupedDay21Fate,r1_MULTI_3_12_21,sourceGroupedDay21Fate,IBIP20:r1:MULTI:4:orderedHistory,IBIP-20,orderedHistory,MULTI,D3-D12,17,17,True,True,True,True,exactFrozenMaps,35aec53d5b099be43f5786db2a72263867b77d6bf4013c44ae50e02d4cc25e29,,IBIP20_temporal_random_fiber_controls,17,136,10,123,17,0,0,1,1,1,1,1,1,0,1,0,,,undefinedInjective,123,136,0.904411764706,,,undefinedInjective,True,False,0,1,0,1:17
CellTag_iEP_reprogramming,CellTag_iEP,r1,F040:CellTag_iEP_reprogramming:CellTag_iEP:r1:r1_MULTI_3_12_21:sourceGroupedDay21Fate,r1_MULTI_3_12_21,sourceGroupedDay21Fate,IBIP20:r1:MULTI:4:unorderedHistory,IBIP-20,unorderedHistory,MULTI,D3-D12,17,17,True,True,True,True,exactFrozenMaps,539e5efb93b56e514998af8894279b9327d7563238f523754d2c555727f7c82e,,IBIP20_temporal_random_fiber_controls,17,136,10,123,17,0,0,1,1,1,1,1,1,0,1,0,,,undefinedInjective,123,136,0.904411764706,,,undefinedInjective,True,False,0,1,0,1:17
CellTag_iEP_reprogramming,CellTag_iEP,r1,F040:CellTag_iEP_reprogramming:CellTag_iEP:r1:r1_MULTI_3_12_21:sourceGroupedDay21Fate,r1_MULTI_3_12_21,sourceGroupedDay21Fate,IBIP20:r1:MULTI:4:reversedHistory,IBIP-20,reversedHistory,MULTI,D3-D12,17,17,True,True,True,True,exactFrozenMaps,9c97947391060ff3cedeb00809018d2402e899c3edd9383d482b0a14d07fb536,,IBIP20_temporal_random_fiber_controls,17,136,10,123,17,0,0,1,1,1,1,1,1,0,1,0,,,undefinedInjective,123,136,0.904411764706,,,undefinedInjective,True,False,0,1,0,1:17
CellTag_iEP_reprogramming,CellTag_iEP,r1,F040:CellTag_iEP_reprogramming:CellTag_iEP:r1:r1_MULTI_3_12_21:sourceGroupedDay21Fate,r1_MULTI_3_12_21,sourceGroupedDay21Fate,IBIP20:r1:MULTI:4:transitionSignature,IBIP-20,transitionSignature,MULTI,D3-D12,17,17,True,True,True,True,exactFrozenMaps,6f074e677d84fc82054eee06347bdc4f04662d7fd1a0a0be98bdbbe3fbb283c0,,IBIP20_temporal_random_fiber_controls,17,136,10,123,17,0,0,1,1,1,1,1,1,0,1,0,,,undefinedInjective,123,136,0.904411764706,,,undefinedInjective,True,False,0,1,0,1:17
CellTag_iEP_reprogramming,CellTag_iEP,r1,F040:CellTag_iEP_reprogramming:CellTag_iEP:r1:r1_MULTI_3_12_21:sourceGroupedDay21Fate,r1_MULTI_3_12_21,sourceGroupedDay21Fate,IBIP20:r1:MULTI:5:snapshotDay3,IBIP-20,snapshotDay3,MULTI,D3-D12,17,17,True,True,True,True,exactFrozenMaps,0d88bf1bfc4b8250a99dae848d1624f1443bd7ebf5b92ca6f5e03acde38d9565,,IBIP20_temporal_random_fiber_controls,17,136,10,123,17,0,0,1,1,1,1,1,1,0,1,0,,,undefinedInjective,123,136,0.904411764706,,,undefinedInjective,True,False,0,1,0,1:17
CellTag_iEP_reprogramming,CellTag_iEP,r1,F040:CellTag_iEP_reprogramming:CellTag_iEP:r1:r1_MULTI_3_12_21:sourceGroupedDay21Fate,r1_MULTI_3_12_21,sourceGroupedDay21Fate,IBIP20:r1:MULTI:5:day12State,IBIP-20,day12State,MULTI,D3-D12,17,17,True,True,True,True,exactFrozenMaps,a6d449c2489f158608566ddcb9099a1ccc8b068d77c8241c25dd66c665d4dead,,IBIP20_temporal_random_fiber_controls,17,136,10,123,17,0,0,1,1,1,1,1,1,0,1,0,,,undefinedInjective,123,136,0.904411764706,,,undefinedInjective,True,False,0,1,0,1:17
CellTag_iEP_reprogramming,CellTag_iEP,r1,F040:CellTag_iEP_reprogramming:CellTag_iEP:r1:r1_MULTI_3_12_21:sourceGroupedDay21Fate,r1_MULTI_3_12_21,sourceGroupedDay21Fate,IBIP20:r1:MULTI:5:orderedHistory,IBIP-20,orderedHistory,MULTI,D3-D12,17,17,True,True,True,True,exactFrozenMaps,62c51f14a2b50da42cb79a1185de81f726db19f010ac8687cd1774893f2b90fc,,IBIP20_temporal_random_fiber_controls,17,136,10,123,17,0,0,1,1,1,1,1,1,0,1,0,,,undefinedInjective,123,136,0.904411764706,,,undefinedInjective,True,False,0,1,0,1:17
CellTag_iEP_reprogramming,CellTag_iEP,r1,F040:CellTag_iEP_reprogramming:CellTag_iEP:r1:r1_MULTI_3_12_21:sourceGroupedDay21Fate,r1_MULTI_3_12_21,sourceGroupedDay21Fate,IBIP20:r1:MULTI:5:unorderedHistory,IBIP-20,unorderedHistory,MULTI,D3-D12,17,17,True,True,True,True,exactFrozenMaps,6ce6380dadef81532062151dea78297b3f86555eb0594f0ccd6600ab792323df,,IBIP20_temporal_random_fiber_controls,17,136,10,123,17,0,0,1,1,1,1,1,1,0,1,0,,,undefinedInjective,123,136,0.904411764706,,,undefinedInjective,True,False,0,1,0,1:17
CellTag_iEP_reprogramming,CellTag_iEP,r1,F040:CellTag_iEP_reprogramming:CellTag_iEP:r1:r1_MULTI_3_12_21:sourceGroupedDay21Fate,r1_MULTI_3_12_21,sourceGroupedDay21Fate,IBIP20:r1:MULTI:5:reversedHistory,IBIP-20,reversedHistory,MULTI,D3-D12,17,17,True,True,True,True,exactFrozenMaps,5349bc57116fe1a793f6e917bdc097232007b22715c88769de9ae6034fe342f1,,IBIP20_temporal_random_fiber_controls,17,136,10,123,17,0,0,1,1,1,1,1,1,0,1,0,,,undefinedInjective,123,136,0.904411764706,,,undefinedInjective,True,False,0,1,0,1:17
CellTag_iEP_reprogramming,CellTag_iEP,r1,F040:CellTag_iEP_reprogramming:CellTag_iEP:r1:r1_MULTI_3_12_21:sourceGroupedDay21Fate,r1_MULTI_3_12_21,sourceGroupedDay21Fate,IBIP20:r1:MULTI:5:transitionSignature,IBIP-20,transitionSignature,MULTI,D3-D12,17,17,True,True,True,True,exactFrozenMaps,38c076d01e9797364fbea9b1e602d5d48a4f2fa19b7ba569a2fc873da2fe3d85,,IBIP20_temporal_random_fiber_controls,17,136,10,123,17,0,0,1,1,1,1,1,1,0,1,0,,,undefinedInjective,123,136,0.904411764706,,,undefinedInjective,True,False,0,1,0,1:17
CellTag_iEP_reprogramming,CellTag_iEP,r1,F041:CellTag_iEP_reprogramming:CellTag_iEP:r1:r1_MULTI_3_12_21:majorityDay21Fate,r1_MULTI_3_12_21,majorityDay21Fate,IBIP20:r1:MULTI:1:snapshotDay3,IBIP-20,snapshotDay3,MULTI,D3-D12,17,17,True,True,True,True,exactFrozenMaps,ba1244c89d722194dafc971d45037caa8bffb14daa005eba611a769762573dbf,,IBIP20_temporal_random_fiber_controls,17,136,3,82,17,0,0,1,1,1,1,1,1,0,1,0,,,undefinedInjective,41,68,0.602941176471,,,undefinedInjective,True,False,0,1,0,1:17
CellTag_iEP_reprogramming,CellTag_iEP,r1,F041:CellTag_iEP_reprogramming:CellTag_iEP:r1:r1_MULTI_3_12_21:majorityDay21Fate,r1_MULTI_3_12_21,majorityDay21Fate,IBIP20:r1:MULTI:1:orderedHistory,IBIP-20,orderedHistory,MULTI,D3-D12,17,17,True,True,True,True,exactFrozenMaps,8b23437c9d5658ac29035d80a6003e6199a9d35ccd88e0b9ae8847b98823c7a3,,IBIP20_temporal_random_fiber_controls,17,136,3,82,17,0,0,1,1,1,1,1,1,0,1,0,,,undefinedInjective,41,68,0.602941176471,,,undefinedInjective,True,False,0,1,0,1:17
CellTag_iEP_reprogramming,CellTag_iEP,r1,F041:CellTag_iEP_reprogramming:CellTag_iEP:r1:r1_MULTI_3_12_21:majorityDay21Fate,r1_MULTI_3_12_21,majorityDay21Fate,IBIP20:r1:MULTI:1:unorderedHistory,IBIP-20,unorderedHistory,MULTI,D3-D12,17,17,True,True,True,True,exactFrozenMaps,10849417173d8cb6481a64af1892c074f3d36f3d90a2fcbcb8e81fc41ac5c5ad,,IBIP20_temporal_random_fiber_controls,17,136,3,82,17,0,0,1,1,1,1,1,1,0,1,0,,,undefinedInjective,41,68,0.602941176471,,,undefinedInjective,True,False,0,1,0,1:17
CellTag_iEP_reprogramming,CellTag_iEP,r1,F041:CellTag_iEP_reprogramming:CellTag_iEP:r1:r1_MULTI_3_12_21:majorityDay21Fate,r1_MULTI_3_12_21,majorityDay21Fate,IBIP20:r1:MULTI:1:reversedHistory,IBIP-20,reversedHistory,MULTI,D3-D12,17,17,True,True,True,True,exactFrozenMaps,4e63acc6b620bb312525402e70ab7f7dd51f9ca0d2c498d34dadf1b73fab93e5,,IBIP20_temporal_random_fiber_controls,17,136,3,82,17,0,0,1,1,1,1,1,1,0,1,0,,,undefinedInjective,41,68,0.602941176471,,,undefinedInjective,True,False,0,1,0,1:17
CellTag_iEP_reprogramming,CellTag_iEP,r1,F041:CellTag_iEP_reprogramming:CellTag_iEP:r1:r1_MULTI_3_12_21:majorityDay21Fate,r1_MULTI_3_12_21,majorityDay21Fate,IBIP20:r1:MULTI:2:snapshotDay3,IBIP-20,snapshotDay3,MULTI,D3-D12,17,17,True,True,True,True,exactFrozenMaps,305c2aaa723910681e631614259fa64c7b490a7ee0835f4f9669c3460abda2a0,,IBIP20_temporal_random_fiber_controls,17,136,3,82,17,0,0,1,1,1,1,1,1,0,1,0,,,undefinedInjective,41,68,0.602941176471,,,undefinedInjective,True,False,0,1,0,1:17
CellTag_iEP_reprogramming,CellTag_iEP,r1,F041:CellTag_iEP_reprogramming:CellTag_iEP:r1:r1_MULTI_3_12_21:majorityDay21Fate,r1_MULTI_3_12_21,majorityDay21Fate,IBIP20:r1:MULTI:2:orderedHistory,IBIP-20,orderedHistory,MULTI,D3-D12,17,17,True,True,True,True,exactFrozenMaps,616f298f8461e6fc6ac23cbee8fdd1d2fd883d715ba4aa83b520bf411c845919,,IBIP20_temporal_random_fiber_controls,17,136,3,82,17,0,0,1,1,1,1,1,1,0,1,0,,,undefinedInjective,41,68,0.602941176471,,,undefinedInjective,True,False,0,1,0,1:17
CellTag_iEP_reprogramming,CellTag_iEP,r1,F041:CellTag_iEP_reprogramming:CellTag_iEP:r1:r1_MULTI_3_12_21:majorityDay21Fate,r1_MULTI_3_12_21,majorityDay21Fate,IBIP20:r1:MULTI:2:unorderedHistory,IBIP-20,unorderedHistory,MULTI,D3-D12,17,17,True,True,True,True,exactFrozenMaps,93f5de536d59653c5a8003a3b455386bf3b52f0c56330f89741a98e3805b5c13,,IBIP20_temporal_random_fiber_controls,17,136,3,82,17,0,0,1,1,1,1,1,1,0,1,0,,,undefinedInjective,41,68,0.602941176471,,,undefinedInjective,True,False,0,1,0,1:17
CellTag_iEP_reprogramming,CellTag_iEP,r1,F041:CellTag_iEP_reprogramming:CellTag_iEP:r1:r1_MULTI_3_12_21:majorityDay21Fate,r1_MULTI_3_12_21,majorityDay21Fate,IBIP20:r1:MULTI:2:reversedHistory,IBIP-20,reversedHistory,MULTI,D3-D12,17,17,True,True,True,True,exactFrozenMaps,289a20918196bbdd2a07acb54a8ec82d6b84016920bd9a564b87d64dd418b247,,IBIP20_temporal_random_fiber_controls,17,136,3,82,17,0,0,1,1,1,1,1,1,0,1,0,,,undefinedInjective,41,68,0.602941176471,,,undefinedInjective,True,False,0,1,0,1:17
CellTag_iEP_reprogramming,CellTag_iEP,r1,F041:CellTag_iEP_reprogramming:CellTag_iEP:r1:r1_MULTI_3_12_21:majorityDay21Fate,r1_MULTI_3_12_21,majorityDay21Fate,IBIP20:r1:MULTI:2:transitionSignature,IBIP-20,transitionSignature,MULTI,D3-D12,17,17,True,True,True,True,exactFrozenMaps,4a79941be53d0119bcfeff9e36e03ef1acc381b3e553791cc3bb1b94851a1f20,,IBIP20_temporal_random_fiber_controls,17,136,3,82,17,0,0,1,1,1,1,1,1,0,1,0,,,undefinedInjective,41,68,0.602941176471,,,undefinedInjective,True,False,0,1,0,1:17
CellTag_iEP_reprogramming,CellTag_iEP,r1,F041:CellTag_iEP_reprogramming:CellTag_iEP:r1:r1_MULTI_3_12_21:majorityDay21Fate,r1_MULTI_3_12_21,majorityDay21Fate,IBIP20:r1:MULTI:4:snapshotDay3,IBIP-20,snapshotDay3,MULTI,D3-D12,17,17,True,True,True,True,exactFrozenMaps,ed01ce32b95375ef01b2dc57a6f15d3c06c86782c829caa122a682236e80be9a,,IBIP20_temporal_random_fiber_controls,17,136,3,82,17,0,0,1,1,1,1,1,1,0,1,0,,,undefinedInjective,41,68,0.602941176471,,,undefinedInjective,True,False,0,1,0,1:17
CellTag_iEP_reprogramming,CellTag_iEP,r1,F041:CellTag_iEP_reprogramming:CellTag_iEP:r1:r1_MULTI_3_12_21:majorityDay21Fate,r1_MULTI_3_12_21,majorityDay21Fate,IBIP20:r1:MULTI:4:orderedHistory,IBIP-20,orderedHistory,MULTI,D3-D12,17,17,True,True,True,True,exactFrozenMaps,35aec53d5b099be43f5786db2a72263867b77d6bf4013c44ae50e02d4cc25e29,,IBIP20_temporal_random_fiber_controls,17,136,3,82,17,0,0,1,1,1,1,1,1,0,1,0,,,undefinedInjective,41,68,0.602941176471,,,undefinedInjective,True,False,0,1,0,1:17
CellTag_iEP_reprogramming,CellTag_iEP,r1,F041:CellTag_iEP_reprogramming:CellTag_iEP:r1:r1_MULTI_3_12_21:majorityDay21Fate,r1_MULTI_3_12_21,majorityDay21Fate,IBIP20:r1:MULTI:4:unorderedHistory,IBIP-20,unorderedHistory,MULTI,D3-D12,17,17,True,True,True,True,exactFrozenMaps,539e5efb93b56e514998af8894279b9327d7563238f523754d2c555727f7c82e,,IBIP20_temporal_random_fiber_controls,17,136,3,82,17,0,0,1,1,1,1,1,1,0,1,0,,,undefinedInjective,41,68,0.602941176471,,,undefinedInjective,True,False,0,1,0,1:17
CellTag_iEP_reprogramming,CellTag_iEP,r1,F041:CellTag_iEP_reprogramming:CellTag_iEP:r1:r1_MULTI_3_12_21:majorityDay21Fate,r1_MULTI_3_12_21,majorityDay21Fate,IBIP20:r1:MULTI:4:reversedHistory,IBIP-20,reversedHistory,MULTI,D3-D12,17,17,True,True,True,True,exactFrozenMaps,9c97947391060ff3cedeb00809018d2402e899c3edd9383d482b0a14d07fb536,,IBIP20_temporal_random_fiber_controls,17,136,3,82,17,0,0,1,1,1,1,1,1,0,1,0,,,undefinedInjective,41,68,0.602941176471,,,undefinedInjective,True,False,0,1,0,1:17
CellTag_iEP_reprogramming,CellTag_iEP,r1,F041:CellTag_iEP_reprogramming:CellTag_iEP:r1:r1_MULTI_3_12_21:majorityDay21Fate,r1_MULTI_3_12_21,majorityDay21Fate,IBIP20:r1:MULTI:4:transitionSignature,IBIP-20,transitionSignature,MULTI,D3-D12,17,17,True,True,True,True,exactFrozenMaps,6f074e677d84fc82054eee06347bdc4f04662d7fd1a0a0be98bdbbe3fbb283c0,,IBIP20_temporal_random_fiber_controls,17,136,3,82,17,0,0,1,1,1,1,1,1,0,1,0,,,undefinedInjective,41,68,0.602941176471,,,undefinedInjective,True,False,0,1,0,1:17
CellTag_iEP_reprogramming,CellTag_iEP,r1,F041:CellTag_iEP_reprogramming:CellTag_iEP:r1:r1_MULTI_3_12_21:majorityDay21Fate,r1_MULTI_3_12_21,majorityDay21Fate,IBIP20:r1:MULTI:5:snapshotDay3,IBIP-20,snapshotDay3,MULTI,D3-D12,17,17,True,True,True,True,exactFrozenMaps,0d88bf1bfc4b8250a99dae848d1624f1443bd7ebf5b92ca6f5e03acde38d9565,,IBIP20_temporal_random_fiber_controls,17,136,3,82,17,0,0,1,1,1,1,1,1,0,1,0,,,undefinedInjective,41,68,0.602941176471,,,undefinedInjective,True,False,0,1,0,1:17
CellTag_iEP_reprogramming,CellTag_iEP,r1,F041:CellTag_iEP_reprogramming:CellTag_iEP:r1:r1_MULTI_3_12_21:majorityDay21Fate,r1_MULTI_3_12_21,majorityDay21Fate,IBIP20:r1:MULTI:5:day12State,IBIP-20,day12State,MULTI,D3-D12,17,17,True,True,True,True,exactFrozenMaps,a6d449c2489f158608566ddcb9099a1ccc8b068d77c8241c25dd66c665d4dead,,IBIP20_temporal_random_fiber_controls,17,136,3,82,17,0,0,1,1,1,1,1,1,0,1,0,,,undefinedInjective,41,68,0.602941176471,,,undefinedInjective,True,False,0,1,0,1:17
CellTag_iEP_reprogramming,CellTag_iEP,r1,F041:CellTag_iEP_reprogramming:CellTag_iEP:r1:r1_MULTI_3_12_21:majorityDay21Fate,r1_MULTI_3_12_21,majorityDay21Fate,IBIP20:r1:MULTI:5:orderedHistory,IBIP-20,orderedHistory,MULTI,D3-D12,17,17,True,True,True,True,exactFrozenMaps,62c51f14a2b50da42cb79a1185de81f726db19f010ac8687cd1774893f2b90fc,,IBIP20_temporal_random_fiber_controls,17,136,3,82,17,0,0,1,1,1,1,1,1,0,1,0,,,undefinedInjective,41,68,0.602941176471,,,undefinedInjective,True,False,0,1,0,1:17
CellTag_iEP_reprogramming,CellTag_iEP,r1,F041:CellTag_iEP_reprogramming:CellTag_iEP:r1:r1_MULTI_3_12_21:majorityDay21Fate,r1_MULTI_3_12_21,majorityDay21Fate,IBIP20:r1:MULTI:5:unorderedHistory,IBIP-20,unorderedHistory,MULTI,D3-D12,17,17,True,True,True,True,exactFrozenMaps,6ce6380dadef81532062151dea78297b3f86555eb0594f0ccd6600ab792323df,,IBIP20_temporal_random_fiber_controls,17,136,3,82,17,0,0,1,1,1,1,1,1,0,1,0,,,undefinedInjective,41,68,0.602941176471,,,undefinedInjective,True,False,0,1,0,1:17
CellTag_iEP_reprogramming,CellTag_iEP,r1,F041:CellTag_iEP_reprogramming:CellTag_iEP:r1:r1_MULTI_3_12_21:majorityDay21Fate,r1_MULTI_3_12_21,majorityDay21Fate,IBIP20:r1:MULTI:5:reversedHistory,IBIP-20,reversedHistory,MULTI,D3-D12,17,17,True,True,True,True,exactFrozenMaps,5349bc57116fe1a793f6e917bdc097232007b22715c88769de9ae6034fe342f1,,IBIP20_temporal_random_fiber_controls,17,136,3,82,17,0,0,1,1,1,1,1,1,0,1,0,,,undefinedInjective,41,68,0.602941176471,,,undefinedInjective,True,False,0,1,0,1:17
CellTag_iEP_reprogramming,CellTag_iEP,r1,F041:CellTag_iEP_reprogramming:CellTag_iEP:r1:r1_MULTI_3_12_21:majorityDay21Fate,r1_MULTI_3_12_21,majorityDay21Fate,IBIP20:r1:MULTI:5:transitionSignature,IBIP-20,transitionSignature,MULTI,D3-D12,17,17,True,True,True,True,exactFrozenMaps,38c076d01e9797364fbea9b1e602d5d48a4f2fa19b7ba569a2fc873da2fe3d85,,IBIP20_temporal_random_fiber_controls,17,136,3,82,17,0,0,1,1,1,1,1,1,0,1,0,,,undefinedInjective,41,68,0.602941176471,,,undefinedInjective,True,False,0,1,0,1:17
CellTag_iEP_reprogramming,CellTag_iEP,r1,F042:CellTag_iEP_reprogramming:CellTag_iEP:r1:r1_MULTI_3_12_21:fateBreadth,r1_MULTI_3_12_21,fateBreadth,IBIP20:r1:MULTI:1:snapshotDay3,IBIP-20,snapshotDay3,MULTI,D3-D12,17,17,True,True,True,True,exactFrozenMaps,ba1244c89d722194dafc971d45037caa8bffb14daa005eba611a769762573dbf,,IBIP20_temporal_random_fiber_controls,17,136,3,88,17,0,0,1,1,1,1,1,1,0,1,0,,,undefinedInjective,11,17,0.647058823529,,,undefinedInjective,True,False,0,1,0,1:17
CellTag_iEP_reprogramming,CellTag_iEP,r1,F042:CellTag_iEP_reprogramming:CellTag_iEP:r1:r1_MULTI_3_12_21:fateBreadth,r1_MULTI_3_12_21,fateBreadth,IBIP20:r1:MULTI:1:orderedHistory,IBIP-20,orderedHistory,MULTI,D3-D12,17,17,True,True,True,True,exactFrozenMaps,8b23437c9d5658ac29035d80a6003e6199a9d35ccd88e0b9ae8847b98823c7a3,,IBIP20_temporal_random_fiber_controls,17,136,3,88,17,0,0,1,1,1,1,1,1,0,1,0,,,undefinedInjective,11,17,0.647058823529,,,undefinedInjective,True,False,0,1,0,1:17
CellTag_iEP_reprogramming,CellTag_iEP,r1,F042:CellTag_iEP_reprogramming:CellTag_iEP:r1:r1_MULTI_3_12_21:fateBreadth,r1_MULTI_3_12_21,fateBreadth,IBIP20:r1:MULTI:1:unorderedHistory,IBIP-20,unorderedHistory,MULTI,D3-D12,17,17,True,True,True,True,exactFrozenMaps,10849417173d8cb6481a64af1892c074f3d36f3d90a2fcbcb8e81fc41ac5c5ad,,IBIP20_temporal_random_fiber_controls,17,136,3,88,17,0,0,1,1,1,1,1,1,0,1,0,,,undefinedInjective,11,17,0.647058823529,,,undefinedInjective,True,False,0,1,0,1:17
CellTag_iEP_reprogramming,CellTag_iEP,r1,F042:CellTag_iEP_reprogramming:CellTag_iEP:r1:r1_MULTI_3_12_21:fateBreadth,r1_MULTI_3_12_21,fateBreadth,IBIP20:r1:MULTI:1:reversedHistory,IBIP-20,reversedHistory,MULTI,D3-D12,17,17,True,True,True,True,exactFrozenMaps,4e63acc6b620bb312525402e70ab7f7dd51f9ca0d2c498d34dadf1b73fab93e5,,IBIP20_temporal_random_fiber_controls,17,136,3,88,17,0,0,1,1,1,1,1,1,0,1,0,,,undefinedInjective,11,17,0.647058823529,,,undefinedInjective,True,False,0,1,0,1:17
CellTag_iEP_reprogramming,CellTag_iEP,r1,F042:CellTag_iEP_reprogramming:CellTag_iEP:r1:r1_MULTI_3_12_21:fateBreadth,r1_MULTI_3_12_21,fateBreadth,IBIP20:r1:MULTI:2:snapshotDay3,IBIP-20,snapshotDay3,MULTI,D3-D12,17,17,True,True,True,True,exactFrozenMaps,305c2aaa723910681e631614259fa64c7b490a7ee0835f4f9669c3460abda2a0,,IBIP20_temporal_random_fiber_controls,17,136,3,88,17,0,0,1,1,1,1,1,1,0,1,0,,,undefinedInjective,11,17,0.647058823529,,,undefinedInjective,True,False,0,1,0,1:17
CellTag_iEP_reprogramming,CellTag_iEP,r1,F042:CellTag_iEP_reprogramming:CellTag_iEP:r1:r1_MULTI_3_12_21:fateBreadth,r1_MULTI_3_12_21,fateBreadth,IBIP20:r1:MULTI:2:orderedHistory,IBIP-20,orderedHistory,MULTI,D3-D12,17,17,True,True,True,True,exactFrozenMaps,616f298f8461e6fc6ac23cbee8fdd1d2fd883d715ba4aa83b520bf411c845919,,IBIP20_temporal_random_fiber_controls,17,136,3,88,17,0,0,1,1,1,1,1,1,0,1,0,,,undefinedInjective,11,17,0.647058823529,,,undefinedInjective,True,False,0,1,0,1:17
CellTag_iEP_reprogramming,CellTag_iEP,r1,F042:CellTag_iEP_reprogramming:CellTag_iEP:r1:r1_MULTI_3_12_21:fateBreadth,r1_MULTI_3_12_21,fateBreadth,IBIP20:r1:MULTI:2:unorderedHistory,IBIP-20,unorderedHistory,MULTI,D3-D12,17,17,True,True,True,True,exactFrozenMaps,93f5de536d59653c5a8003a3b455386bf3b52f0c56330f89741a98e3805b5c13,,IBIP20_temporal_random_fiber_controls,17,136,3,88,17,0,0,1,1,1,1,1,1,0,1,0,,,undefinedInjective,11,17,0.647058823529,,,undefinedInjective,True,False,0,1,0,1:17
CellTag_iEP_reprogramming,CellTag_iEP,r1,F042:CellTag_iEP_reprogramming:CellTag_iEP:r1:r1_MULTI_3_12_21:fateBreadth,r1_MULTI_3_12_21,fateBreadth,IBIP20:r1:MULTI:2:reversedHistory,IBIP-20,reversedHistory,MULTI,D3-D12,17,17,True,True,True,True,exactFrozenMaps,289a20918196bbdd2a07acb54a8ec82d6b84016920bd9a564b87d64dd418b247,,IBIP20_temporal_random_fiber_controls,17,136,3,88,17,0,0,1,1,1,1,1,1,0,1,0,,,undefinedInjective,11,17,0.647058823529,,,undefinedInjective,True,False,0,1,0,1:17
CellTag_iEP_reprogramming,CellTag_iEP,r1,F042:CellTag_iEP_reprogramming:CellTag_iEP:r1:r1_MULTI_3_12_21:fateBreadth,r1_MULTI_3_12_21,fateBreadth,IBIP20:r1:MULTI:2:transitionSignature,IBIP-20,transitionSignature,MULTI,D3-D12,17,17,True,True,True,True,exactFrozenMaps,4a79941be53d0119bcfeff9e36e03ef1acc381b3e553791cc3bb1b94851a1f20,,IBIP20_temporal_random_fiber_controls,17,136,3,88,17,0,0,1,1,1,1,1,1,0,1,0,,,undefinedInjective,11,17,0.647058823529,,,undefinedInjective,True,False,0,1,0,1:17
CellTag_iEP_reprogramming,CellTag_iEP,r1,F042:CellTag_iEP_reprogramming:CellTag_iEP:r1:r1_MULTI_3_12_21:fateBreadth,r1_MULTI_3_12_21,fateBreadth,IBIP20:r1:MULTI:4:snapshotDay3,IBIP-20,snapshotDay3,MULTI,D3-D12,17,17,True,True,True,True,exactFrozenMaps,ed01ce32b95375ef01b2dc57a6f15d3c06c86782c829caa122a682236e80be9a,,IBIP20_temporal_random_fiber_controls,17,136,3,88,17,0,0,1,1,1,1,1,1,0,1,0,,,undefinedInjective,11,17,0.647058823529,,,undefinedInjective,True,False,0,1,0,1:17
CellTag_iEP_reprogramming,CellTag_iEP,r1,F042:CellTag_iEP_reprogramming:CellTag_iEP:r1:r1_MULTI_3_12_21:fateBreadth,r1_MULTI_3_12_21,fateBreadth,IBIP20:r1:MULTI:4:orderedHistory,IBIP-20,orderedHistory,MULTI,D3-D12,17,17,True,True,True,True,exactFrozenMaps,35aec53d5b099be43f5786db2a72263867b77d6bf4013c44ae50e02d4cc25e29,,IBIP20_temporal_random_fiber_controls,17,136,3,88,17,0,0,1,1,1,1,1,1,0,1,0,,,undefinedInjective,11,17,0.647058823529,,,undefinedInjective,True,False,0,1,0,1:17
CellTag_iEP_reprogramming,CellTag_iEP,r1,F042:CellTag_iEP_reprogramming:CellTag_iEP:r1:r1_MULTI_3_12_21:fateBreadth,r1_MULTI_3_12_21,fateBreadth,IBIP20:r1:MULTI:4:unorderedHistory,IBIP-20,unorderedHistory,MULTI,D3-D12,17,17,True,True,True,True,exactFrozenMaps,539e5efb93b56e514998af8894279b9327d7563238f523754d2c555727f7c82e,,IBIP20_temporal_random_fiber_controls,17,136,3,88,17,0,0,1,1,1,1,1,1,0,1,0,,,undefinedInjective,11,17,0.647058823529,,,undefinedInjective,True,False,0,1,0,1:17
CellTag_iEP_reprogramming,CellTag_iEP,r1,F042:CellTag_iEP_reprogramming:CellTag_iEP:r1:r1_MULTI_3_12_21:fateBreadth,r1_MULTI_3_12_21,fateBreadth,IBIP20:r1:MULTI:4:reversedHistory,IBIP-20,reversedHistory,MULTI,D3-D12,17,17,True,True,True,True,exactFrozenMaps,9c97947391060ff3cedeb00809018d2402e899c3edd9383d482b0a14d07fb536,,IBIP20_temporal_random_fiber_controls,17,136,3,88,17,0,0,1,1,1,1,1,1,0,1,0,,,undefinedInjective,11,17,0.647058823529,,,undefinedInjective,True,False,0,1,0,1:17
CellTag_iEP_reprogramming,CellTag_iEP,r1,F042:CellTag_iEP_reprogramming:CellTag_iEP:r1:r1_MULTI_3_12_21:fateBreadth,r1_MULTI_3_12_21,fateBreadth,IBIP20:r1:MULTI:4:transitionSignature,IBIP-20,transitionSignature,MULTI,D3-D12,17,17,True,True,True,True,exactFrozenMaps,6f074e677d84fc82054eee06347bdc4f04662d7fd1a0a0be98bdbbe3fbb283c0,,IBIP20_temporal_random_fiber_controls,17,136,3,88,17,0,0,1,1,1,1,1,1,0,1,0,,,undefinedInjective,11,17,0.647058823529,,,undefinedInjective,True,False,0,1,0,1:17
CellTag_iEP_reprogramming,CellTag_iEP,r1,F042:CellTag_iEP_reprogramming:CellTag_iEP:r1:r1_MULTI_3_12_21:fateBreadth,r1_MULTI_3_12_21,fateBreadth,IBIP20:r1:MULTI:5:snapshotDay3,IBIP-20,snapshotDay3,MULTI,D3-D12,17,17,True,True,True,True,exactFrozenMaps,0d88bf1bfc4b8250a99dae848d1624f1443bd7ebf5b92ca6f5e03acde38d9565,,IBIP20_temporal_random_fiber_controls,17,136,3,88,17,0,0,1,1,1,1,1,1,0,1,0,,,undefinedInjective,11,17,0.647058823529,,,undefinedInjective,True,False,0,1,0,1:17
CellTag_iEP_reprogramming,CellTag_iEP,r1,F042:CellTag_iEP_reprogramming:CellTag_iEP:r1:r1_MULTI_3_12_21:fateBreadth,r1_MULTI_3_12_21,fateBreadth,IBIP20:r1:MULTI:5:day12State,IBIP-20,day12State,MULTI,D3-D12,17,17,True,True,True,True,exactFrozenMaps,a6d449c2489f158608566ddcb9099a1ccc8b068d77c8241c25dd66c665d4dead,,IBIP20_temporal_random_fiber_controls,17,136,3,88,17,0,0,1,1,1,1,1,1,0,1,0,,,undefinedInjective,11,17,0.647058823529,,,undefinedInjective,True,False,0,1,0,1:17
CellTag_iEP_reprogramming,CellTag_iEP,r1,F042:CellTag_iEP_reprogramming:CellTag_iEP:r1:r1_MULTI_3_12_21:fateBreadth,r1_MULTI_3_12_21,fateBreadth,IBIP20:r1:MULTI:5:orderedHistory,IBIP-20,orderedHistory,MULTI,D3-D12,17,17,True,True,True,True,exactFrozenMaps,62c51f14a2b50da42cb79a1185de81f726db19f010ac8687cd1774893f2b90fc,,IBIP20_temporal_random_fiber_controls,17,136,3,88,17,0,0,1,1,1,1,1,1,0,1,0,,,undefinedInjective,11,17,0.647058823529,,,undefinedInjective,True,False,0,1,0,1:17
CellTag_iEP_reprogramming,CellTag_iEP,r1,F042:CellTag_iEP_reprogramming:CellTag_iEP:r1:r1_MULTI_3_12_21:fateBreadth,r1_MULTI_3_12_21,fateBreadth,IBIP20:r1:MULTI:5:unorderedHistory,IBIP-20,unorderedHistory,MULTI,D3-D12,17,17,True,True,True,True,exactFrozenMaps,6ce6380dadef81532062151dea78297b3f86555eb0594f0ccd6600ab792323df,,IBIP20_temporal_random_fiber_controls,17,136,3,88,17,0,0,1,1,1,1,1,1,0,1,0,,,undefinedInjective,11,17,0.647058823529,,,undefinedInjective,True,False,0,1,0,1:17
CellTag_iEP_reprogramming,CellTag_iEP,r1,F042:CellTag_iEP_reprogramming:CellTag_iEP:r1:r1_MULTI_3_12_21:fateBreadth,r1_MULTI_3_12_21,fateBreadth,IBIP20:r1:MULTI:5:reversedHistory,IBIP-20,reversedHistory,MULTI,D3-D12,17,17,True,True,True,True,exactFrozenMaps,5349bc57116fe1a793f6e917bdc097232007b22715c88769de9ae6034fe342f1,,IBIP20_temporal_random_fiber_controls,17,136,3,88,17,0,0,1,1,1,1,1,1,0,1,0,,,undefinedInjective,11,17,0.647058823529,,,undefinedInjective,True,False,0,1,0,1:17
CellTag_iEP_reprogramming,CellTag_iEP,r1,F042:CellTag_iEP_reprogramming:CellTag_iEP:r1:r1_MULTI_3_12_21:fateBreadth,r1_MULTI_3_12_21,fateBreadth,IBIP20:r1:MULTI:5:transitionSignature,IBIP-20,transitionSignature,MULTI,D3-D12,17,17,True,True,True,True,exactFrozenMaps,38c076d01e9797364fbea9b1e602d5d48a4f2fa19b7ba569a2fc873da2fe3d85,,IBIP20_temporal_random_fiber_controls,17,136,3,88,17,0,0,1,1,1,1,1,1,0,1,0,,,undefinedInjective,11,17,0.647058823529,,,undefinedInjective,True,False,0,1,0,1:17
CellTag_iEP_reprogramming,CellTag_iEP,r2,F043:CellTag_iEP_reprogramming:CellTag_iEP:r2:r2_RNA_3_12_21:fineDay21Fate,r2_RNA_3_12_21,fineDay21Fate,IBIP20:r2:RNA:5:orderedHistory,IBIP-20,orderedHistory,RNA,D3-D12,159,159,True,True,True,True,exactFrozenMaps,b7c6bb1a6f49e0fe4cf4acb70aec8374cb4ba7d67de15f6f7e7b97617533e442,,IBIP20_temporal_random_fiber_controls,159,12561,49,10602,159,0,0,1,1,1,1,1,1,0,1,0,,,undefinedInjective,3534,4187,0.844041079532,,,undefinedInjective,True,False,0,1,0,1:159
CellTag_iEP_reprogramming,CellTag_iEP,r2,F043:CellTag_iEP_reprogramming:CellTag_iEP:r2:r2_RNA_3_12_21:fineDay21Fate,r2_RNA_3_12_21,fineDay21Fate,IBIP20:r2:RNA:5:unorderedHistory,IBIP-20,unorderedHistory,RNA,D3-D12,159,159,True,True,True,True,exactFrozenMaps,797329e8fcbc99131449e83bae156b1c2eb7d76a30f859b747a862819341a110,,IBIP20_temporal_random_fiber_controls,159,12561,49,10602,159,0,0,1,1,1,1,1,1,0,1,0,,,undefinedInjective,3534,4187,0.844041079532,,,undefinedInjective,True,False,0,1,0,1:159
CellTag_iEP_reprogramming,CellTag_iEP,r2,F043:CellTag_iEP_reprogramming:CellTag_iEP:r2:r2_RNA_3_12_21:fineDay21Fate,r2_RNA_3_12_21,fineDay21Fate,IBIP20:r2:RNA:5:reversedHistory,IBIP-20,reversedHistory,RNA,D3-D12,159,159,True,True,True,True,exactFrozenMaps,b43c5c348922abfe826ec5e5a296e72fad6bc28d220447c0ae8737a2b445655b,,IBIP20_temporal_random_fiber_controls,159,12561,49,10602,159,0,0,1,1,1,1,1,1,0,1,0,,,undefinedInjective,3534,4187,0.844041079532,,,undefinedInjective,True,False,0,1,0,1:159
CellTag_iEP_reprogramming,CellTag_iEP,r2,F044:CellTag_iEP_reprogramming:CellTag_iEP:r2:r2_RNA_3_12_21:sourceGroupedDay21Fate,r2_RNA_3_12_21,sourceGroupedDay21Fate,IBIP20:r2:RNA:5:orderedHistory,IBIP-20,orderedHistory,RNA,D3-D12,159,159,True,True,True,True,exactFrozenMaps,b7c6bb1a6f49e0fe4cf4acb70aec8374cb4ba7d67de15f6f7e7b97617533e442,,IBIP20_temporal_random_fiber_controls,159,12561,27,7487,159,0,0,1,1,1,1,1,1,0,1,0,,,undefinedInjective,7487,12561,0.596051269803,,,undefinedInjective,True,False,0,1,0,1:159
CellTag_iEP_reprogramming,CellTag_iEP,r2,F044:CellTag_iEP_reprogramming:CellTag_iEP:r2:r2_RNA_3_12_21:sourceGroupedDay21Fate,r2_RNA_3_12_21,sourceGroupedDay21Fate,IBIP20:r2:RNA:5:unorderedHistory,IBIP-20,unorderedHistory,RNA,D3-D12,159,159,True,True,True,True,exactFrozenMaps,797329e8fcbc99131449e83bae156b1c2eb7d76a30f859b747a862819341a110,,IBIP20_temporal_random_fiber_controls,159,12561,27,7487,159,0,0,1,1,1,1,1,1,0,1,0,,,undefinedInjective,7487,12561,0.596051269803,,,undefinedInjective,True,False,0,1,0,1:159
CellTag_iEP_reprogramming,CellTag_iEP,r2,F044:CellTag_iEP_reprogramming:CellTag_iEP:r2:r2_RNA_3_12_21:sourceGroupedDay21Fate,r2_RNA_3_12_21,sourceGroupedDay21Fate,IBIP20:r2:RNA:5:reversedHistory,IBIP-20,reversedHistory,RNA,D3-D12,159,159,True,True,True,True,exactFrozenMaps,b43c5c348922abfe826ec5e5a296e72fad6bc28d220447c0ae8737a2b445655b,,IBIP20_temporal_random_fiber_controls,159,12561,27,7487,159,0,0,1,1,1,1,1,1,0,1,0,,,undefinedInjective,7487,12561,0.596051269803,,,undefinedInjective,True,False,0,1,0,1:159
CellTag_iEP_reprogramming,CellTag_iEP,r2,F045:CellTag_iEP_reprogramming:CellTag_iEP:r2:r2_RNA_3_12_21:majorityDay21Fate,r2_RNA_3_12_21,majorityDay21Fate,IBIP20:r2:RNA:5:orderedHistory,IBIP-20,orderedHistory,RNA,D3-D12,159,159,True,True,True,True,exactFrozenMaps,b7c6bb1a6f49e0fe4cf4acb70aec8374cb4ba7d67de15f6f7e7b97617533e442,,IBIP20_temporal_random_fiber_controls,159,12561,3,7803,159,0,0,1,1,1,1,1,1,0,1,0,,,undefinedInjective,2601,4187,0.621208502508,,,undefinedInjective,True,False,0,1,0,1:159
CellTag_iEP_reprogramming,CellTag_iEP,r2,F045:CellTag_iEP_reprogramming:CellTag_iEP:r2:r2_RNA_3_12_21:majorityDay21Fate,r2_RNA_3_12_21,majorityDay21Fate,IBIP20:r2:RNA:5:unorderedHistory,IBIP-20,unorderedHistory,RNA,D3-D12,159,159,True,True,True,True,exactFrozenMaps,797329e8fcbc99131449e83bae156b1c2eb7d76a30f859b747a862819341a110,,IBIP20_temporal_random_fiber_controls,159,12561,3,7803,159,0,0,1,1,1,1,1,1,0,1,0,,,undefinedInjective,2601,4187,0.621208502508,,,undefinedInjective,True,False,0,1,0,1:159
CellTag_iEP_reprogramming,CellTag_iEP,r2,F045:CellTag_iEP_reprogramming:CellTag_iEP:r2:r2_RNA_3_12_21:majorityDay21Fate,r2_RNA_3_12_21,majorityDay21Fate,IBIP20:r2:RNA:5:reversedHistory,IBIP-20,reversedHistory,RNA,D3-D12,159,159,True,True,True,True,exactFrozenMaps,b43c5c348922abfe826ec5e5a296e72fad6bc28d220447c0ae8737a2b445655b,,IBIP20_temporal_random_fiber_controls,159,12561,3,7803,159,0,0,1,1,1,1,1,1,0,1,0,,,undefinedInjective,2601,4187,0.621208502508,,,undefinedInjective,True,False,0,1,0,1:159
CellTag_iEP_reprogramming,CellTag_iEP,r2,F046:CellTag_iEP_reprogramming:CellTag_iEP:r2:r2_RNA_3_12_21:fateBreadth,r2_RNA_3_12_21,fateBreadth,IBIP20:r2:RNA:5:orderedHistory,IBIP-20,orderedHistory,RNA,D3-D12,159,159,True,True,True,True,exactFrozenMaps,b7c6bb1a6f49e0fe4cf4acb70aec8374cb4ba7d67de15f6f7e7b97617533e442,,IBIP20_temporal_random_fiber_controls,159,12561,3,6650,159,0,0,1,1,1,1,1,1,0,1,0,,,undefinedInjective,6650,12561,0.529416447735,,,undefinedInjective,True,False,0,1,0,1:159
CellTag_iEP_reprogramming,CellTag_iEP,r2,F046:CellTag_iEP_reprogramming:CellTag_iEP:r2:r2_RNA_3_12_21:fateBreadth,r2_RNA_3_12_21,fateBreadth,IBIP20:r2:RNA:5:unorderedHistory,IBIP-20,unorderedHistory,RNA,D3-D12,159,159,True,True,True,True,exactFrozenMaps,797329e8fcbc99131449e83bae156b1c2eb7d76a30f859b747a862819341a110,,IBIP20_temporal_random_fiber_controls,159,12561,3,6650,159,0,0,1,1,1,1,1,1,0,1,0,,,undefinedInjective,6650,12561,0.529416447735,,,undefinedInjective,True,False,0,1,0,1:159
CellTag_iEP_reprogramming,CellTag_iEP,r2,F046:CellTag_iEP_reprogramming:CellTag_iEP:r2:r2_RNA_3_12_21:fateBreadth,r2_RNA_3_12_21,fateBreadth,IBIP20:r2:RNA:5:reversedHistory,IBIP-20,reversedHistory,RNA,D3-D12,159,159,True,True,True,True,exactFrozenMaps,b43c5c348922abfe826ec5e5a296e72fad6bc28d220447c0ae8737a2b445655b,,IBIP20_temporal_random_fiber_controls,159,12561,3,6650,159,0,0,1,1,1,1,1,1,0,1,0,,,undefinedInjective,6650,12561,0.529416447735,,,undefinedInjective,True,False,0,1,0,1:159
CellTag_iEP_reprogramming,CellTag_iEP,r2,F047:CellTag_iEP_reprogramming:CellTag_iEP:r2:r2_ATAC_3_12_21:fineDay21Fate,r2_ATAC_3_12_21,fineDay21Fate,IBIP20:r2:ATAC:2:orderedHistory,IBIP-20,orderedHistory,ATAC,D3-D12,35,35,True,True,True,True,exactFrozenMaps,7846724cbab16f4755dc81eea469823a176e0fc1e08d017516ed6e5abcbee45e,,IBIP20_temporal_random_fiber_controls,35,595,12,463,35,0,0,1,1,1,1,1,1,0,1,0,,,undefinedInjective,463,595,0.778151260504,,,undefinedInjective,True,False,0,1,0,1:35
CellTag_iEP_reprogramming,CellTag_iEP,r2,F047:CellTag_iEP_reprogramming:CellTag_iEP:r2:r2_ATAC_3_12_21:fineDay21Fate,r2_ATAC_3_12_21,fineDay21Fate,IBIP20:r2:ATAC:2:unorderedHistory,IBIP-20,unorderedHistory,ATAC,D3-D12,35,35,True,True,True,True,exactFrozenMaps,b21dc7c7afc91b155d6fcabf3e37f0cc2c87791b901db688a57c78a7778346c8,,IBIP20_temporal_random_fiber_controls,35,595,12,463,35,0,0,1,1,1,1,1,1,0,1,0,,,undefinedInjective,463,595,0.778151260504,,,undefinedInjective,True,False,0,1,0,1:35
CellTag_iEP_reprogramming,CellTag_iEP,r2,F047:CellTag_iEP_reprogramming:CellTag_iEP:r2:r2_ATAC_3_12_21:fineDay21Fate,r2_ATAC_3_12_21,fineDay21Fate,IBIP20:r2:ATAC:2:reversedHistory,IBIP-20,reversedHistory,ATAC,D3-D12,35,35,True,True,True,True,exactFrozenMaps,61c88900667064220e09153375b0ac92976799ff0c8ddd156a3b0e43ce0baf4b,,IBIP20_temporal_random_fiber_controls,35,595,12,463,35,0,0,1,1,1,1,1,1,0,1,0,,,undefinedInjective,463,595,0.778151260504,,,undefinedInjective,True,False,0,1,0,1:35
CellTag_iEP_reprogramming,CellTag_iEP,r2,F047:CellTag_iEP_reprogramming:CellTag_iEP:r2:r2_ATAC_3_12_21:fineDay21Fate,r2_ATAC_3_12_21,fineDay21Fate,IBIP20:r2:ATAC:2:transitionSignature,IBIP-20,transitionSignature,ATAC,D3-D12,35,35,True,True,True,True,exactFrozenMaps,b90a12356ef727e362bdcda1bd94fd54b6ff6d17ebaf8c1eef4f95f826780bcb,,IBIP20_temporal_random_fiber_controls,35,595,12,463,35,0,0,1,1,1,1,1,1,0,1,0,,,undefinedInjective,463,595,0.778151260504,,,undefinedInjective,True,False,0,1,0,1:35
CellTag_iEP_reprogramming,CellTag_iEP,r2,F047:CellTag_iEP_reprogramming:CellTag_iEP:r2:r2_ATAC_3_12_21:fineDay21Fate,r2_ATAC_3_12_21,fineDay21Fate,IBIP20:r2:ATAC:4:day12State,IBIP-20,day12State,ATAC,D3-D12,35,35,True,True,True,True,exactFrozenMaps,53f54ea3a14fbae381a2c4e3875473465b91c7fd53ba504cb2f0729e758f7f5b,,IBIP20_temporal_random_fiber_controls,35,595,12,463,35,0,0,1,1,1,1,1,1,0,1,0,,,undefinedInjective,463,595,0.778151260504,,,undefinedInjective,True,False,0,1,0,1:35
CellTag_iEP_reprogramming,CellTag_iEP,r2,F047:CellTag_iEP_reprogramming:CellTag_iEP:r2:r2_ATAC_3_12_21:fineDay21Fate,r2_ATAC_3_12_21,fineDay21Fate,IBIP20:r2:ATAC:4:orderedHistory,IBIP-20,orderedHistory,ATAC,D3-D12,35,35,True,True,True,True,exactFrozenMaps,e6699833cc695f72b02a79a79ba036e5ae6ad0d6d8842917cae975ce78ecd2ac,,IBIP20_temporal_random_fiber_controls,35,595,12,463,35,0,0,1,1,1,1,1,1,0,1,0,,,undefinedInjective,463,595,0.778151260504,,,undefinedInjective,True,False,0,1,0,1:35
CellTag_iEP_reprogramming,CellTag_iEP,r2,F047:CellTag_iEP_reprogramming:CellTag_iEP:r2:r2_ATAC_3_12_21:fineDay21Fate,r2_ATAC_3_12_21,fineDay21Fate,IBIP20:r2:ATAC:4:unorderedHistory,IBIP-20,unorderedHistory,ATAC,D3-D12,35,35,True,True,True,True,exactFrozenMaps,8e1547c0c33999256c1fc98eb6e1e01e5ea94ee1751fc13340ddb1bfec091153,,IBIP20_temporal_random_fiber_controls,35,595,12,463,35,0,0,1,1,1,1,1,1,0,1,0,,,undefinedInjective,463,595,0.778151260504,,,undefinedInjective,True,False,0,1,0,1:35
CellTag_iEP_reprogramming,CellTag_iEP,r2,F047:CellTag_iEP_reprogramming:CellTag_iEP:r2:r2_ATAC_3_12_21:fineDay21Fate,r2_ATAC_3_12_21,fineDay21Fate,IBIP20:r2:ATAC:4:reversedHistory,IBIP-20,reversedHistory,ATAC,D3-D12,35,35,True,True,True,True,exactFrozenMaps,b0765f78c0b02d2a23a4dc9bb0c54eb96682b4e670fee5693b25b587ef04fb78,,IBIP20_temporal_random_fiber_controls,35,595,12,463,35,0,0,1,1,1,1,1,1,0,1,0,,,undefinedInjective,463,595,0.778151260504,,,undefinedInjective,True,False,0,1,0,1:35
CellTag_iEP_reprogramming,CellTag_iEP,r2,F047:CellTag_iEP_reprogramming:CellTag_iEP:r2:r2_ATAC_3_12_21:fineDay21Fate,r2_ATAC_3_12_21,fineDay21Fate,IBIP20:r2:ATAC:4:transitionSignature,IBIP-20,transitionSignature,ATAC,D3-D12,35,35,True,True,True,True,exactFrozenMaps,74a66c557226a22b6ac5abec8cc64395c7429400090c362297c2e2505ecc3ff6,,IBIP20_temporal_random_fiber_controls,35,595,12,463,35,0,0,1,1,1,1,1,1,0,1,0,,,undefinedInjective,463,595,0.778151260504,,,undefinedInjective,True,False,0,1,0,1:35
CellTag_iEP_reprogramming,CellTag_iEP,r2,F047:CellTag_iEP_reprogramming:CellTag_iEP:r2:r2_ATAC_3_12_21:fineDay21Fate,r2_ATAC_3_12_21,fineDay21Fate,IBIP20:r2:ATAC:5:day12State,IBIP-20,day12State,ATAC,D3-D12,35,35,True,True,True,True,exactFrozenMaps,d7319df6a3b0b2e6be946575348bfded7ff6454849d29c47fd28b74ee9f99b0c,,IBIP20_temporal_random_fiber_controls,35,595,12,463,35,0,0,1,1,1,1,1,1,0,1,0,,,undefinedInjective,463,595,0.778151260504,,,undefinedInjective,True,False,0,1,0,1:35
CellTag_iEP_reprogramming,CellTag_iEP,r2,F047:CellTag_iEP_reprogramming:CellTag_iEP:r2:r2_ATAC_3_12_21:fineDay21Fate,r2_ATAC_3_12_21,fineDay21Fate,IBIP20:r2:ATAC:5:orderedHistory,IBIP-20,orderedHistory,ATAC,D3-D12,35,35,True,True,True,True,exactFrozenMaps,bc59f1b752fef349fff096d15df5b9460515475e7dacc771c6e56952c9fd9bd8,,IBIP20_temporal_random_fiber_controls,35,595,12,463,35,0,0,1,1,1,1,1,1,0,1,0,,,undefinedInjective,463,595,0.778151260504,,,undefinedInjective,True,False,0,1,0,1:35
CellTag_iEP_reprogramming,CellTag_iEP,r2,F047:CellTag_iEP_reprogramming:CellTag_iEP:r2:r2_ATAC_3_12_21:fineDay21Fate,r2_ATAC_3_12_21,fineDay21Fate,IBIP20:r2:ATAC:5:unorderedHistory,IBIP-20,unorderedHistory,ATAC,D3-D12,35,35,True,True,True,True,exactFrozenMaps,43c034e22bba7893318ba44ab5cebd0b5f66d51589a579e26d5c1d588a11d198,,IBIP20_temporal_random_fiber_controls,35,595,12,463,35,0,0,1,1,1,1,1,1,0,1,0,,,undefinedInjective,463,595,0.778151260504,,,undefinedInjective,True,False,0,1,0,1:35
CellTag_iEP_reprogramming,CellTag_iEP,r2,F047:CellTag_iEP_reprogramming:CellTag_iEP:r2:r2_ATAC_3_12_21:fineDay21Fate,r2_ATAC_3_12_21,fineDay21Fate,IBIP20:r2:ATAC:5:reversedHistory,IBIP-20,reversedHistory,ATAC,D3-D12,35,35,True,True,True,True,exactFrozenMaps,01218a4a62ae519f01b0c4ff21a0acc20e9202692e096ab210102958e5ac71cf,,IBIP20_temporal_random_fiber_controls,35,595,12,463,35,0,0,1,1,1,1,1,1,0,1,0,,,undefinedInjective,463,595,0.778151260504,,,undefinedInjective,True,False,0,1,0,1:35
CellTag_iEP_reprogramming,CellTag_iEP,r2,F047:CellTag_iEP_reprogramming:CellTag_iEP:r2:r2_ATAC_3_12_21:fineDay21Fate,r2_ATAC_3_12_21,fineDay21Fate,IBIP20:r2:ATAC:5:transitionSignature,IBIP-20,transitionSignature,ATAC,D3-D12,35,35,True,True,True,True,exactFrozenMaps,4e82c7736a4da6dd4cce7ccb71eaa64c0bf32650c00da638fbdfb6180ebef557,,IBIP20_temporal_random_fiber_controls,35,595,12,463,35,0,0,1,1,1,1,1,1,0,1,0,,,undefinedInjective,463,595,0.778151260504,,,undefinedInjective,True,False,0,1,0,1:35
CellTag_iEP_reprogramming,CellTag_iEP,r2,F048:CellTag_iEP_reprogramming:CellTag_iEP:r2:r2_ATAC_3_12_21:sourceGroupedDay21Fate,r2_ATAC_3_12_21,sourceGroupedDay21Fate,IBIP20:r2:ATAC:2:orderedHistory,IBIP-20,orderedHistory,ATAC,D3-D12,35,35,True,True,True,True,exactFrozenMaps,7846724cbab16f4755dc81eea469823a176e0fc1e08d017516ed6e5abcbee45e,,IBIP20_temporal_random_fiber_controls,35,595,7,352,35,0,0,1,1,1,1,1,1,0,1,0,,,undefinedInjective,352,595,0.591596638655,,,undefinedInjective,True,False,0,1,0,1:35
CellTag_iEP_reprogramming,CellTag_iEP,r2,F048:CellTag_iEP_reprogramming:CellTag_iEP:r2:r2_ATAC_3_12_21:sourceGroupedDay21Fate,r2_ATAC_3_12_21,sourceGroupedDay21Fate,IBIP20:r2:ATAC:2:unorderedHistory,IBIP-20,unorderedHistory,ATAC,D3-D12,35,35,True,True,True,True,exactFrozenMaps,b21dc7c7afc91b155d6fcabf3e37f0cc2c87791b901db688a57c78a7778346c8,,IBIP20_temporal_random_fiber_controls,35,595,7,352,35,0,0,1,1,1,1,1,1,0,1,0,,,undefinedInjective,352,595,0.591596638655,,,undefinedInjective,True,False,0,1,0,1:35
CellTag_iEP_reprogramming,CellTag_iEP,r2,F048:CellTag_iEP_reprogramming:CellTag_iEP:r2:r2_ATAC_3_12_21:sourceGroupedDay21Fate,r2_ATAC_3_12_21,sourceGroupedDay21Fate,IBIP20:r2:ATAC:2:reversedHistory,IBIP-20,reversedHistory,ATAC,D3-D12,35,35,True,True,True,True,exactFrozenMaps,61c88900667064220e09153375b0ac92976799ff0c8ddd156a3b0e43ce0baf4b,,IBIP20_temporal_random_fiber_controls,35,595,7,352,35,0,0,1,1,1,1,1,1,0,1,0,,,undefinedInjective,352,595,0.591596638655,,,undefinedInjective,True,False,0,1,0,1:35
CellTag_iEP_reprogramming,CellTag_iEP,r2,F048:CellTag_iEP_reprogramming:CellTag_iEP:r2:r2_ATAC_3_12_21:sourceGroupedDay21Fate,r2_ATAC_3_12_21,sourceGroupedDay21Fate,IBIP20:r2:ATAC:2:transitionSignature,IBIP-20,transitionSignature,ATAC,D3-D12,35,35,True,True,True,True,exactFrozenMaps,b90a12356ef727e362bdcda1bd94fd54b6ff6d17ebaf8c1eef4f95f826780bcb,,IBIP20_temporal_random_fiber_controls,35,595,7,352,35,0,0,1,1,1,1,1,1,0,1,0,,,undefinedInjective,352,595,0.591596638655,,,undefinedInjective,True,False,0,1,0,1:35
CellTag_iEP_reprogramming,CellTag_iEP,r2,F048:CellTag_iEP_reprogramming:CellTag_iEP:r2:r2_ATAC_3_12_21:sourceGroupedDay21Fate,r2_ATAC_3_12_21,sourceGroupedDay21Fate,IBIP20:r2:ATAC:4:day12State,IBIP-20,day12State,ATAC,D3-D12,35,35,True,True,True,True,exactFrozenMaps,53f54ea3a14fbae381a2c4e3875473465b91c7fd53ba504cb2f0729e758f7f5b,,IBIP20_temporal_random_fiber_controls,35,595,7,352,35,0,0,1,1,1,1,1,1,0,1,0,,,undefinedInjective,352,595,0.591596638655,,,undefinedInjective,True,False,0,1,0,1:35
CellTag_iEP_reprogramming,CellTag_iEP,r2,F048:CellTag_iEP_reprogramming:CellTag_iEP:r2:r2_ATAC_3_12_21:sourceGroupedDay21Fate,r2_ATAC_3_12_21,sourceGroupedDay21Fate,IBIP20:r2:ATAC:4:orderedHistory,IBIP-20,orderedHistory,ATAC,D3-D12,35,35,True,True,True,True,exactFrozenMaps,e6699833cc695f72b02a79a79ba036e5ae6ad0d6d8842917cae975ce78ecd2ac,,IBIP20_temporal_random_fiber_controls,35,595,7,352,35,0,0,1,1,1,1,1,1,0,1,0,,,undefinedInjective,352,595,0.591596638655,,,undefinedInjective,True,False,0,1,0,1:35
CellTag_iEP_reprogramming,CellTag_iEP,r2,F048:CellTag_iEP_reprogramming:CellTag_iEP:r2:r2_ATAC_3_12_21:sourceGroupedDay21Fate,r2_ATAC_3_12_21,sourceGroupedDay21Fate,IBIP20:r2:ATAC:4:unorderedHistory,IBIP-20,unorderedHistory,ATAC,D3-D12,35,35,True,True,True,True,exactFrozenMaps,8e1547c0c33999256c1fc98eb6e1e01e5ea94ee1751fc13340ddb1bfec091153,,IBIP20_temporal_random_fiber_controls,35,595,7,352,35,0,0,1,1,1,1,1,1,0,1,0,,,undefinedInjective,352,595,0.591596638655,,,undefinedInjective,True,False,0,1,0,1:35
CellTag_iEP_reprogramming,CellTag_iEP,r2,F048:CellTag_iEP_reprogramming:CellTag_iEP:r2:r2_ATAC_3_12_21:sourceGroupedDay21Fate,r2_ATAC_3_12_21,sourceGroupedDay21Fate,IBIP20:r2:ATAC:4:reversedHistory,IBIP-20,reversedHistory,ATAC,D3-D12,35,35,True,True,True,True,exactFrozenMaps,b0765f78c0b02d2a23a4dc9bb0c54eb96682b4e670fee5693b25b587ef04fb78,,IBIP20_temporal_random_fiber_controls,35,595,7,352,35,0,0,1,1,1,1,1,1,0,1,0,,,undefinedInjective,352,595,0.591596638655,,,undefinedInjective,True,False,0,1,0,1:35
CellTag_iEP_reprogramming,CellTag_iEP,r2,F048:CellTag_iEP_reprogramming:CellTag_iEP:r2:r2_ATAC_3_12_21:sourceGroupedDay21Fate,r2_ATAC_3_12_21,sourceGroupedDay21Fate,IBIP20:r2:ATAC:4:transitionSignature,IBIP-20,transitionSignature,ATAC,D3-D12,35,35,True,True,True,True,exactFrozenMaps,74a66c557226a22b6ac5abec8cc64395c7429400090c362297c2e2505ecc3ff6,,IBIP20_temporal_random_fiber_controls,35,595,7,352,35,0,0,1,1,1,1,1,1,0,1,0,,,undefinedInjective,352,595,0.591596638655,,,undefinedInjective,True,False,0,1,0,1:35
CellTag_iEP_reprogramming,CellTag_iEP,r2,F048:CellTag_iEP_reprogramming:CellTag_iEP:r2:r2_ATAC_3_12_21:sourceGroupedDay21Fate,r2_ATAC_3_12_21,sourceGroupedDay21Fate,IBIP20:r2:ATAC:5:day12State,IBIP-20,day12State,ATAC,D3-D12,35,35,True,True,True,True,exactFrozenMaps,d7319df6a3b0b2e6be946575348bfded7ff6454849d29c47fd28b74ee9f99b0c,,IBIP20_temporal_random_fiber_controls,35,595,7,352,35,0,0,1,1,1,1,1,1,0,1,0,,,undefinedInjective,352,595,0.591596638655,,,undefinedInjective,True,False,0,1,0,1:35
CellTag_iEP_reprogramming,CellTag_iEP,r2,F048:CellTag_iEP_reprogramming:CellTag_iEP:r2:r2_ATAC_3_12_21:sourceGroupedDay21Fate,r2_ATAC_3_12_21,sourceGroupedDay21Fate,IBIP20:r2:ATAC:5:orderedHistory,IBIP-20,orderedHistory,ATAC,D3-D12,35,35,True,True,True,True,exactFrozenMaps,bc59f1b752fef349fff096d15df5b9460515475e7dacc771c6e56952c9fd9bd8,,IBIP20_temporal_random_fiber_controls,35,595,7,352,35,0,0,1,1,1,1,1,1,0,1,0,,,undefinedInjective,352,595,0.591596638655,,,undefinedInjective,True,False,0,1,0,1:35
CellTag_iEP_reprogramming,CellTag_iEP,r2,F048:CellTag_iEP_reprogramming:CellTag_iEP:r2:r2_ATAC_3_12_21:sourceGroupedDay21Fate,r2_ATAC_3_12_21,sourceGroupedDay21Fate,IBIP20:r2:ATAC:5:unorderedHistory,IBIP-20,unorderedHistory,ATAC,D3-D12,35,35,True,True,True,True,exactFrozenMaps,43c034e22bba7893318ba44ab5cebd0b5f66d51589a579e26d5c1d588a11d198,,IBIP20_temporal_random_fiber_controls,35,595,7,352,35,0,0,1,1,1,1,1,1,0,1,0,,,undefinedInjective,352,595,0.591596638655,,,undefinedInjective,True,False,0,1,0,1:35
CellTag_iEP_reprogramming,CellTag_iEP,r2,F048:CellTag_iEP_reprogramming:CellTag_iEP:r2:r2_ATAC_3_12_21:sourceGroupedDay21Fate,r2_ATAC_3_12_21,sourceGroupedDay21Fate,IBIP20:r2:ATAC:5:reversedHistory,IBIP-20,reversedHistory,ATAC,D3-D12,35,35,True,True,True,True,exactFrozenMaps,01218a4a62ae519f01b0c4ff21a0acc20e9202692e096ab210102958e5ac71cf,,IBIP20_temporal_random_fiber_controls,35,595,7,352,35,0,0,1,1,1,1,1,1,0,1,0,,,undefinedInjective,352,595,0.591596638655,,,undefinedInjective,True,False,0,1,0,1:35
CellTag_iEP_reprogramming,CellTag_iEP,r2,F048:CellTag_iEP_reprogramming:CellTag_iEP:r2:r2_ATAC_3_12_21:sourceGroupedDay21Fate,r2_ATAC_3_12_21,sourceGroupedDay21Fate,IBIP20:r2:ATAC:5:transitionSignature,IBIP-20,transitionSignature,ATAC,D3-D12,35,35,True,True,True,True,exactFrozenMaps,4e82c7736a4da6dd4cce7ccb71eaa64c0bf32650c00da638fbdfb6180ebef557,,IBIP20_temporal_random_fiber_controls,35,595,7,352,35,0,0,1,1,1,1,1,1,0,1,0,,,undefinedInjective,352,595,0.591596638655,,,undefinedInjective,True,False,0,1,0,1:35
CellTag_iEP_reprogramming,CellTag_iEP,r2,F049:CellTag_iEP_reprogramming:CellTag_iEP:r2:r2_ATAC_3_12_21:majorityDay21Fate,r2_ATAC_3_12_21,majorityDay21Fate,IBIP20:r2:ATAC:2:orderedHistory,IBIP-20,orderedHistory,ATAC,D3-D12,35,35,True,True,True,True,exactFrozenMaps,7846724cbab16f4755dc81eea469823a176e0fc1e08d017516ed6e5abcbee45e,,IBIP20_temporal_random_fiber_controls,35,595,3,372,35,0,0,1,1,1,1,1,1,0,1,0,,,undefinedInjective,372,595,0.625210084034,,,undefinedInjective,True,False,0,1,0,1:35
CellTag_iEP_reprogramming,CellTag_iEP,r2,F049:CellTag_iEP_reprogramming:CellTag_iEP:r2:r2_ATAC_3_12_21:majorityDay21Fate,r2_ATAC_3_12_21,majorityDay21Fate,IBIP20:r2:ATAC:2:unorderedHistory,IBIP-20,unorderedHistory,ATAC,D3-D12,35,35,True,True,True,True,exactFrozenMaps,b21dc7c7afc91b155d6fcabf3e37f0cc2c87791b901db688a57c78a7778346c8,,IBIP20_temporal_random_fiber_controls,35,595,3,372,35,0,0,1,1,1,1,1,1,0,1,0,,,undefinedInjective,372,595,0.625210084034,,,undefinedInjective,True,False,0,1,0,1:35
CellTag_iEP_reprogramming,CellTag_iEP,r2,F049:CellTag_iEP_reprogramming:CellTag_iEP:r2:r2_ATAC_3_12_21:majorityDay21Fate,r2_ATAC_3_12_21,majorityDay21Fate,IBIP20:r2:ATAC:2:reversedHistory,IBIP-20,reversedHistory,ATAC,D3-D12,35,35,True,True,True,True,exactFrozenMaps,61c88900667064220e09153375b0ac92976799ff0c8ddd156a3b0e43ce0baf4b,,IBIP20_temporal_random_fiber_controls,35,595,3,372,35,0,0,1,1,1,1,1,1,0,1,0,,,undefinedInjective,372,595,0.625210084034,,,undefinedInjective,True,False,0,1,0,1:35
CellTag_iEP_reprogramming,CellTag_iEP,r2,F049:CellTag_iEP_reprogramming:CellTag_iEP:r2:r2_ATAC_3_12_21:majorityDay21Fate,r2_ATAC_3_12_21,majorityDay21Fate,IBIP20:r2:ATAC:2:transitionSignature,IBIP-20,transitionSignature,ATAC,D3-D12,35,35,True,True,True,True,exactFrozenMaps,b90a12356ef727e362bdcda1bd94fd54b6ff6d17ebaf8c1eef4f95f826780bcb,,IBIP20_temporal_random_fiber_controls,35,595,3,372,35,0,0,1,1,1,1,1,1,0,1,0,,,undefinedInjective,372,595,0.625210084034,,,undefinedInjective,True,False,0,1,0,1:35
CellTag_iEP_reprogramming,CellTag_iEP,r2,F049:CellTag_iEP_reprogramming:CellTag_iEP:r2:r2_ATAC_3_12_21:majorityDay21Fate,r2_ATAC_3_12_21,majorityDay21Fate,IBIP20:r2:ATAC:4:day12State,IBIP-20,day12State,ATAC,D3-D12,35,35,True,True,True,True,exactFrozenMaps,53f54ea3a14fbae381a2c4e3875473465b91c7fd53ba504cb2f0729e758f7f5b,,IBIP20_temporal_random_fiber_controls,35,595,3,372,35,0,0,1,1,1,1,1,1,0,1,0,,,undefinedInjective,372,595,0.625210084034,,,undefinedInjective,True,False,0,1,0,1:35
CellTag_iEP_reprogramming,CellTag_iEP,r2,F049:CellTag_iEP_reprogramming:CellTag_iEP:r2:r2_ATAC_3_12_21:majorityDay21Fate,r2_ATAC_3_12_21,majorityDay21Fate,IBIP20:r2:ATAC:4:orderedHistory,IBIP-20,orderedHistory,ATAC,D3-D12,35,35,True,True,True,True,exactFrozenMaps,e6699833cc695f72b02a79a79ba036e5ae6ad0d6d8842917cae975ce78ecd2ac,,IBIP20_temporal_random_fiber_controls,35,595,3,372,35,0,0,1,1,1,1,1,1,0,1,0,,,undefinedInjective,372,595,0.625210084034,,,undefinedInjective,True,False,0,1,0,1:35
CellTag_iEP_reprogramming,CellTag_iEP,r2,F049:CellTag_iEP_reprogramming:CellTag_iEP:r2:r2_ATAC_3_12_21:majorityDay21Fate,r2_ATAC_3_12_21,majorityDay21Fate,IBIP20:r2:ATAC:4:unorderedHistory,IBIP-20,unorderedHistory,ATAC,D3-D12,35,35,True,True,True,True,exactFrozenMaps,8e1547c0c33999256c1fc98eb6e1e01e5ea94ee1751fc13340ddb1bfec091153,,IBIP20_temporal_random_fiber_controls,35,595,3,372,35,0,0,1,1,1,1,1,1,0,1,0,,,undefinedInjective,372,595,0.625210084034,,,undefinedInjective,True,False,0,1,0,1:35
CellTag_iEP_reprogramming,CellTag_iEP,r2,F049:CellTag_iEP_reprogramming:CellTag_iEP:r2:r2_ATAC_3_12_21:majorityDay21Fate,r2_ATAC_3_12_21,majorityDay21Fate,IBIP20:r2:ATAC:4:reversedHistory,IBIP-20,reversedHistory,ATAC,D3-D12,35,35,True,True,True,True,exactFrozenMaps,b0765f78c0b02d2a23a4dc9bb0c54eb96682b4e670fee5693b25b587ef04fb78,,IBIP20_temporal_random_fiber_controls,35,595,3,372,35,0,0,1,1,1,1,1,1,0,1,0,,,undefinedInjective,372,595,0.625210084034,,,undefinedInjective,True,False,0,1,0,1:35
CellTag_iEP_reprogramming,CellTag_iEP,r2,F049:CellTag_iEP_reprogramming:CellTag_iEP:r2:r2_ATAC_3_12_21:majorityDay21Fate,r2_ATAC_3_12_21,majorityDay21Fate,IBIP20:r2:ATAC:4:transitionSignature,IBIP-20,transitionSignature,ATAC,D3-D12,35,35,True,True,True,True,exactFrozenMaps,74a66c557226a22b6ac5abec8cc64395c7429400090c362297c2e2505ecc3ff6,,IBIP20_temporal_random_fiber_controls,35,595,3,372,35,0,0,1,1,1,1,1,1,0,1,0,,,undefinedInjective,372,595,0.625210084034,,,undefinedInjective,True,False,0,1,0,1:35
CellTag_iEP_reprogramming,CellTag_iEP,r2,F049:CellTag_iEP_reprogramming:CellTag_iEP:r2:r2_ATAC_3_12_21:majorityDay21Fate,r2_ATAC_3_12_21,majorityDay21Fate,IBIP20:r2:ATAC:5:day12State,IBIP-20,day12State,ATAC,D3-D12,35,35,True,True,True,True,exactFrozenMaps,d7319df6a3b0b2e6be946575348bfded7ff6454849d29c47fd28b74ee9f99b0c,,IBIP20_temporal_random_fiber_controls,35,595,3,372,35,0,0,1,1,1,1,1,1,0,1,0,,,undefinedInjective,372,595,0.625210084034,,,undefinedInjective,True,False,0,1,0,1:35
CellTag_iEP_reprogramming,CellTag_iEP,r2,F049:CellTag_iEP_reprogramming:CellTag_iEP:r2:r2_ATAC_3_12_21:majorityDay21Fate,r2_ATAC_3_12_21,majorityDay21Fate,IBIP20:r2:ATAC:5:orderedHistory,IBIP-20,orderedHistory,ATAC,D3-D12,35,35,True,True,True,True,exactFrozenMaps,bc59f1b752fef349fff096d15df5b9460515475e7dacc771c6e56952c9fd9bd8,,IBIP20_temporal_random_fiber_controls,35,595,3,372,35,0,0,1,1,1,1,1,1,0,1,0,,,undefinedInjective,372,595,0.625210084034,,,undefinedInjective,True,False,0,1,0,1:35
CellTag_iEP_reprogramming,CellTag_iEP,r2,F049:CellTag_iEP_reprogramming:CellTag_iEP:r2:r2_ATAC_3_12_21:majorityDay21Fate,r2_ATAC_3_12_21,majorityDay21Fate,IBIP20:r2:ATAC:5:unorderedHistory,IBIP-20,unorderedHistory,ATAC,D3-D12,35,35,True,True,True,True,exactFrozenMaps,43c034e22bba7893318ba44ab5cebd0b5f66d51589a579e26d5c1d588a11d198,,IBIP20_temporal_random_fiber_controls,35,595,3,372,35,0,0,1,1,1,1,1,1,0,1,0,,,undefinedInjective,372,595,0.625210084034,,,undefinedInjective,True,False,0,1,0,1:35
CellTag_iEP_reprogramming,CellTag_iEP,r2,F049:CellTag_iEP_reprogramming:CellTag_iEP:r2:r2_ATAC_3_12_21:majorityDay21Fate,r2_ATAC_3_12_21,majorityDay21Fate,IBIP20:r2:ATAC:5:reversedHistory,IBIP-20,reversedHistory,ATAC,D3-D12,35,35,True,True,True,True,exactFrozenMaps,01218a4a62ae519f01b0c4ff21a0acc20e9202692e096ab210102958e5ac71cf,,IBIP20_temporal_random_fiber_controls,35,595,3,372,35,0,0,1,1,1,1,1,1,0,1,0,,,undefinedInjective,372,595,0.625210084034,,,undefinedInjective,True,False,0,1,0,1:35
CellTag_iEP_reprogramming,CellTag_iEP,r2,F049:CellTag_iEP_reprogramming:CellTag_iEP:r2:r2_ATAC_3_12_21:majorityDay21Fate,r2_ATAC_3_12_21,majorityDay21Fate,IBIP20:r2:ATAC:5:transitionSignature,IBIP-20,transitionSignature,ATAC,D3-D12,35,35,True,True,True,True,exactFrozenMaps,4e82c7736a4da6dd4cce7ccb71eaa64c0bf32650c00da638fbdfb6180ebef557,,IBIP20_temporal_random_fiber_controls,35,595,3,372,35,0,0,1,1,1,1,1,1,0,1,0,,,undefinedInjective,372,595,0.625210084034,,,undefinedInjective,True,False,0,1,0,1:35
CellTag_iEP_reprogramming,CellTag_iEP,r2,F050:CellTag_iEP_reprogramming:CellTag_iEP:r2:r2_ATAC_3_12_21:fateBreadth,r2_ATAC_3_12_21,fateBreadth,IBIP20:r2:ATAC:2:orderedHistory,IBIP-20,orderedHistory,ATAC,D3-D12,35,35,True,True,True,True,exactFrozenMaps,7846724cbab16f4755dc81eea469823a176e0fc1e08d017516ed6e5abcbee45e,,IBIP20_temporal_random_fiber_controls,35,595,3,308,35,0,0,1,1,1,1,1,1,0,1,0,,,undefinedInjective,44,85,0.517647058824,,,undefinedInjective,True,False,0,1,0,1:35
CellTag_iEP_reprogramming,CellTag_iEP,r2,F050:CellTag_iEP_reprogramming:CellTag_iEP:r2:r2_ATAC_3_12_21:fateBreadth,r2_ATAC_3_12_21,fateBreadth,IBIP20:r2:ATAC:2:unorderedHistory,IBIP-20,unorderedHistory,ATAC,D3-D12,35,35,True,True,True,True,exactFrozenMaps,b21dc7c7afc91b155d6fcabf3e37f0cc2c87791b901db688a57c78a7778346c8,,IBIP20_temporal_random_fiber_controls,35,595,3,308,35,0,0,1,1,1,1,1,1,0,1,0,,,undefinedInjective,44,85,0.517647058824,,,undefinedInjective,True,False,0,1,0,1:35
CellTag_iEP_reprogramming,CellTag_iEP,r2,F050:CellTag_iEP_reprogramming:CellTag_iEP:r2:r2_ATAC_3_12_21:fateBreadth,r2_ATAC_3_12_21,fateBreadth,IBIP20:r2:ATAC:2:reversedHistory,IBIP-20,reversedHistory,ATAC,D3-D12,35,35,True,True,True,True,exactFrozenMaps,61c88900667064220e09153375b0ac92976799ff0c8ddd156a3b0e43ce0baf4b,,IBIP20_temporal_random_fiber_controls,35,595,3,308,35,0,0,1,1,1,1,1,1,0,1,0,,,undefinedInjective,44,85,0.517647058824,,,undefinedInjective,True,False,0,1,0,1:35
CellTag_iEP_reprogramming,CellTag_iEP,r2,F050:CellTag_iEP_reprogramming:CellTag_iEP:r2:r2_ATAC_3_12_21:fateBreadth,r2_ATAC_3_12_21,fateBreadth,IBIP20:r2:ATAC:2:transitionSignature,IBIP-20,transitionSignature,ATAC,D3-D12,35,35,True,True,True,True,exactFrozenMaps,b90a12356ef727e362bdcda1bd94fd54b6ff6d17ebaf8c1eef4f95f826780bcb,,IBIP20_temporal_random_fiber_controls,35,595,3,308,35,0,0,1,1,1,1,1,1,0,1,0,,,undefinedInjective,44,85,0.517647058824,,,undefinedInjective,True,False,0,1,0,1:35
CellTag_iEP_reprogramming,CellTag_iEP,r2,F050:CellTag_iEP_reprogramming:CellTag_iEP:r2:r2_ATAC_3_12_21:fateBreadth,r2_ATAC_3_12_21,fateBreadth,IBIP20:r2:ATAC:4:day12State,IBIP-20,day12State,ATAC,D3-D12,35,35,True,True,True,True,exactFrozenMaps,53f54ea3a14fbae381a2c4e3875473465b91c7fd53ba504cb2f0729e758f7f5b,,IBIP20_temporal_random_fiber_controls,35,595,3,308,35,0,0,1,1,1,1,1,1,0,1,0,,,undefinedInjective,44,85,0.517647058824,,,undefinedInjective,True,False,0,1,0,1:35
CellTag_iEP_reprogramming,CellTag_iEP,r2,F050:CellTag_iEP_reprogramming:CellTag_iEP:r2:r2_ATAC_3_12_21:fateBreadth,r2_ATAC_3_12_21,fateBreadth,IBIP20:r2:ATAC:4:orderedHistory,IBIP-20,orderedHistory,ATAC,D3-D12,35,35,True,True,True,True,exactFrozenMaps,e6699833cc695f72b02a79a79ba036e5ae6ad0d6d8842917cae975ce78ecd2ac,,IBIP20_temporal_random_fiber_controls,35,595,3,308,35,0,0,1,1,1,1,1,1,0,1,0,,,undefinedInjective,44,85,0.517647058824,,,undefinedInjective,True,False,0,1,0,1:35
CellTag_iEP_reprogramming,CellTag_iEP,r2,F050:CellTag_iEP_reprogramming:CellTag_iEP:r2:r2_ATAC_3_12_21:fateBreadth,r2_ATAC_3_12_21,fateBreadth,IBIP20:r2:ATAC:4:unorderedHistory,IBIP-20,unorderedHistory,ATAC,D3-D12,35,35,True,True,True,True,exactFrozenMaps,8e1547c0c33999256c1fc98eb6e1e01e5ea94ee1751fc13340ddb1bfec091153,,IBIP20_temporal_random_fiber_controls,35,595,3,308,35,0,0,1,1,1,1,1,1,0,1,0,,,undefinedInjective,44,85,0.517647058824,,,undefinedInjective,True,False,0,1,0,1:35
CellTag_iEP_reprogramming,CellTag_iEP,r2,F050:CellTag_iEP_reprogramming:CellTag_iEP:r2:r2_ATAC_3_12_21:fateBreadth,r2_ATAC_3_12_21,fateBreadth,IBIP20:r2:ATAC:4:reversedHistory,IBIP-20,reversedHistory,ATAC,D3-D12,35,35,True,True,True,True,exactFrozenMaps,b0765f78c0b02d2a23a4dc9bb0c54eb96682b4e670fee5693b25b587ef04fb78,,IBIP20_temporal_random_fiber_controls,35,595,3,308,35,0,0,1,1,1,1,1,1,0,1,0,,,undefinedInjective,44,85,0.517647058824,,,undefinedInjective,True,False,0,1,0,1:35
CellTag_iEP_reprogramming,CellTag_iEP,r2,F050:CellTag_iEP_reprogramming:CellTag_iEP:r2:r2_ATAC_3_12_21:fateBreadth,r2_ATAC_3_12_21,fateBreadth,IBIP20:r2:ATAC:4:transitionSignature,IBIP-20,transitionSignature,ATAC,D3-D12,35,35,True,True,True,True,exactFrozenMaps,74a66c557226a22b6ac5abec8cc64395c7429400090c362297c2e2505ecc3ff6,,IBIP20_temporal_random_fiber_controls,35,595,3,308,35,0,0,1,1,1,1,1,1,0,1,0,,,undefinedInjective,44,85,0.517647058824,,,undefinedInjective,True,False,0,1,0,1:35
CellTag_iEP_reprogramming,CellTag_iEP,r2,F050:CellTag_iEP_reprogramming:CellTag_iEP:r2:r2_ATAC_3_12_21:fateBreadth,r2_ATAC_3_12_21,fateBreadth,IBIP20:r2:ATAC:5:day12State,IBIP-20,day12State,ATAC,D3-D12,35,35,True,True,True,True,exactFrozenMaps,d7319df6a3b0b2e6be946575348bfded7ff6454849d29c47fd28b74ee9f99b0c,,IBIP20_temporal_random_fiber_controls,35,595,3,308,35,0,0,1,1,1,1,1,1,0,1,0,,,undefinedInjective,44,85,0.517647058824,,,undefinedInjective,True,False,0,1,0,1:35
CellTag_iEP_reprogramming,CellTag_iEP,r2,F050:CellTag_iEP_reprogramming:CellTag_iEP:r2:r2_ATAC_3_12_21:fateBreadth,r2_ATAC_3_12_21,fateBreadth,IBIP20:r2:ATAC:5:orderedHistory,IBIP-20,orderedHistory,ATAC,D3-D12,35,35,True,True,True,True,exactFrozenMaps,bc59f1b752fef349fff096d15df5b9460515475e7dacc771c6e56952c9fd9bd8,,IBIP20_temporal_random_fiber_controls,35,595,3,308,35,0,0,1,1,1,1,1,1,0,1,0,,,undefinedInjective,44,85,0.517647058824,,,undefinedInjective,True,False,0,1,0,1:35
CellTag_iEP_reprogramming,CellTag_iEP,r2,F050:CellTag_iEP_reprogramming:CellTag_iEP:r2:r2_ATAC_3_12_21:fateBreadth,r2_ATAC_3_12_21,fateBreadth,IBIP20:r2:ATAC:5:unorderedHistory,IBIP-20,unorderedHistory,ATAC,D3-D12,35,35,True,True,True,True,exactFrozenMaps,43c034e22bba7893318ba44ab5cebd0b5f66d51589a579e26d5c1d588a11d198,,IBIP20_temporal_random_fiber_controls,35,595,3,308,35,0,0,1,1,1,1,1,1,0,1,0,,,undefinedInjective,44,85,0.517647058824,,,undefinedInjective,True,False,0,1,0,1:35
CellTag_iEP_reprogramming,CellTag_iEP,r2,F050:CellTag_iEP_reprogramming:CellTag_iEP:r2:r2_ATAC_3_12_21:fateBreadth,r2_ATAC_3_12_21,fateBreadth,IBIP20:r2:ATAC:5:reversedHistory,IBIP-20,reversedHistory,ATAC,D3-D12,35,35,True,True,True,True,exactFrozenMaps,01218a4a62ae519f01b0c4ff21a0acc20e9202692e096ab210102958e5ac71cf,,IBIP20_temporal_random_fiber_controls,35,595,3,308,35,0,0,1,1,1,1,1,1,0,1,0,,,undefinedInjective,44,85,0.517647058824,,,undefinedInjective,True,False,0,1,0,1:35
CellTag_iEP_reprogramming,CellTag_iEP,r2,F050:CellTag_iEP_reprogramming:CellTag_iEP:r2:r2_ATAC_3_12_21:fateBreadth,r2_ATAC_3_12_21,fateBreadth,IBIP20:r2:ATAC:5:transitionSignature,IBIP-20,transitionSignature,ATAC,D3-D12,35,35,True,True,True,True,exactFrozenMaps,4e82c7736a4da6dd4cce7ccb71eaa64c0bf32650c00da638fbdfb6180ebef557,,IBIP20_temporal_random_fiber_controls,35,595,3,308,35,0,0,1,1,1,1,1,1,0,1,0,,,undefinedInjective,44,85,0.517647058824,,,undefinedInjective,True,False,0,1,0,1:35
CellTag_iEP_reprogramming,CellTag_iEP,r2,F051:CellTag_iEP_reprogramming:CellTag_iEP:r2:r2_MULTI_3_12_21:fineDay21Fate,r2_MULTI_3_12_21,fineDay21Fate,IBIP20:r2:MULTI:1:orderedHistory,IBIP-20,orderedHistory,MULTI,D3-D12,24,24,True,True,True,True,exactFrozenMaps,588f60db9ff8ad27860506ee24639019655a3b8507a4f3e2781a75c7455e9209,,IBIP20_temporal_random_fiber_controls,24,276,11,241,24,0,0,1,1,1,1,1,1,0,1,0,,,undefinedInjective,241,276,0.873188405797,,,undefinedInjective,True,False,0,1,0,1:24
CellTag_iEP_reprogramming,CellTag_iEP,r2,F051:CellTag_iEP_reprogramming:CellTag_iEP:r2:r2_MULTI_3_12_21:fineDay21Fate,r2_MULTI_3_12_21,fineDay21Fate,IBIP20:r2:MULTI:1:unorderedHistory,IBIP-20,unorderedHistory,MULTI,D3-D12,24,24,True,True,True,True,exactFrozenMaps,84e2876450d200a6e16c445121371caeac8d4ac5d574921b6bc946ffe05377b1,,IBIP20_temporal_random_fiber_controls,24,276,11,241,24,0,0,1,1,1,1,1,1,0,1,0,,,undefinedInjective,241,276,0.873188405797,,,undefinedInjective,True,False,0,1,0,1:24
CellTag_iEP_reprogramming,CellTag_iEP,r2,F051:CellTag_iEP_reprogramming:CellTag_iEP:r2:r2_MULTI_3_12_21:fineDay21Fate,r2_MULTI_3_12_21,fineDay21Fate,IBIP20:r2:MULTI:1:reversedHistory,IBIP-20,reversedHistory,MULTI,D3-D12,24,24,True,True,True,True,exactFrozenMaps,55cebbb1463f2d070384af8f2ce34b6169eca3c43d625d3a1b75285683e81646,,IBIP20_temporal_random_fiber_controls,24,276,11,241,24,0,0,1,1,1,1,1,1,0,1,0,,,undefinedInjective,241,276,0.873188405797,,,undefinedInjective,True,False,0,1,0,1:24
CellTag_iEP_reprogramming,CellTag_iEP,r2,F051:CellTag_iEP_reprogramming:CellTag_iEP:r2:r2_MULTI_3_12_21:fineDay21Fate,r2_MULTI_3_12_21,fineDay21Fate,IBIP20:r2:MULTI:1:transitionSignature,IBIP-20,transitionSignature,MULTI,D3-D12,24,24,True,True,True,True,exactFrozenMaps,8489bae7e8f1600d1d5fe4f67945e857b8e84fe59ac421db81445b02f29a59f7,,IBIP20_temporal_random_fiber_controls,24,276,11,241,24,0,0,1,1,1,1,1,1,0,1,0,,,undefinedInjective,241,276,0.873188405797,,,undefinedInjective,True,False,0,1,0,1:24
CellTag_iEP_reprogramming,CellTag_iEP,r2,F051:CellTag_iEP_reprogramming:CellTag_iEP:r2:r2_MULTI_3_12_21:fineDay21Fate,r2_MULTI_3_12_21,fineDay21Fate,IBIP20:r2:MULTI:2:snapshotDay3,IBIP-20,snapshotDay3,MULTI,D3-D12,24,24,True,True,True,True,exactFrozenMaps,33ba5fba61b016e2655842f9acdabd769452b43ed2b96921fa4ee437dad7fe11,,IBIP20_temporal_random_fiber_controls,24,276,11,241,24,0,0,1,1,1,1,1,1,0,1,0,,,undefinedInjective,241,276,0.873188405797,,,undefinedInjective,True,False,0,1,0,1:24
CellTag_iEP_reprogramming,CellTag_iEP,r2,F051:CellTag_iEP_reprogramming:CellTag_iEP:r2:r2_MULTI_3_12_21:fineDay21Fate,r2_MULTI_3_12_21,fineDay21Fate,IBIP20:r2:MULTI:2:day12State,IBIP-20,day12State,MULTI,D3-D12,24,24,True,True,True,True,exactFrozenMaps,d6f8416d7be49617dbc1811cfd980a918aae918d188bed2447efb71fb8194ee2,,IBIP20_temporal_random_fiber_controls,24,276,11,241,24,0,0,1,1,1,1,1,1,0,1,0,,,undefinedInjective,241,276,0.873188405797,,,undefinedInjective,True,False,0,1,0,1:24
CellTag_iEP_reprogramming,CellTag_iEP,r2,F051:CellTag_iEP_reprogramming:CellTag_iEP:r2:r2_MULTI_3_12_21:fineDay21Fate,r2_MULTI_3_12_21,fineDay21Fate,IBIP20:r2:MULTI:2:orderedHistory,IBIP-20,orderedHistory,MULTI,D3-D12,24,24,True,True,True,True,exactFrozenMaps,0122ec714be6aba7d9032471e8d8fae843b45aeb9a95a0093ac30b595f71c786,,IBIP20_temporal_random_fiber_controls,24,276,11,241,24,0,0,1,1,1,1,1,1,0,1,0,,,undefinedInjective,241,276,0.873188405797,,,undefinedInjective,True,False,0,1,0,1:24
CellTag_iEP_reprogramming,CellTag_iEP,r2,F051:CellTag_iEP_reprogramming:CellTag_iEP:r2:r2_MULTI_3_12_21:fineDay21Fate,r2_MULTI_3_12_21,fineDay21Fate,IBIP20:r2:MULTI:2:unorderedHistory,IBIP-20,unorderedHistory,MULTI,D3-D12,24,24,True,True,True,True,exactFrozenMaps,e0696e39549333c30c6851b509f0d3ba7056bc46e66ccdaf1682f6efec14c61e,,IBIP20_temporal_random_fiber_controls,24,276,11,241,24,0,0,1,1,1,1,1,1,0,1,0,,,undefinedInjective,241,276,0.873188405797,,,undefinedInjective,True,False,0,1,0,1:24
CellTag_iEP_reprogramming,CellTag_iEP,r2,F051:CellTag_iEP_reprogramming:CellTag_iEP:r2:r2_MULTI_3_12_21:fineDay21Fate,r2_MULTI_3_12_21,fineDay21Fate,IBIP20:r2:MULTI:2:reversedHistory,IBIP-20,reversedHistory,MULTI,D3-D12,24,24,True,True,True,True,exactFrozenMaps,697456b780022df34dc73d4fd19fc1c0a4f290a4ec13b6362bc3f7ab2661d2d5,,IBIP20_temporal_random_fiber_controls,24,276,11,241,24,0,0,1,1,1,1,1,1,0,1,0,,,undefinedInjective,241,276,0.873188405797,,,undefinedInjective,True,False,0,1,0,1:24
CellTag_iEP_reprogramming,CellTag_iEP,r2,F051:CellTag_iEP_reprogramming:CellTag_iEP:r2:r2_MULTI_3_12_21:fineDay21Fate,r2_MULTI_3_12_21,fineDay21Fate,IBIP20:r2:MULTI:2:transitionSignature,IBIP-20,transitionSignature,MULTI,D3-D12,24,24,True,True,True,True,exactFrozenMaps,059591670d03ec7ab2a91e68649335c53bee3a16e53df0030e60a03af913e00b,,IBIP20_temporal_random_fiber_controls,24,276,11,241,24,0,0,1,1,1,1,1,1,0,1,0,,,undefinedInjective,241,276,0.873188405797,,,undefinedInjective,True,False,0,1,0,1:24
CellTag_iEP_reprogramming,CellTag_iEP,r2,F051:CellTag_iEP_reprogramming:CellTag_iEP:r2:r2_MULTI_3_12_21:fineDay21Fate,r2_MULTI_3_12_21,fineDay21Fate,IBIP20:r2:MULTI:4:snapshotDay3,IBIP-20,snapshotDay3,MULTI,D3-D12,24,24,True,True,True,True,exactFrozenMaps,041bd6a43f15f3ba7dcb7cc2314ba1ec7bb50a3c85fa9c44c31c79e9ccb8762a,,IBIP20_temporal_random_fiber_controls,24,276,11,241,24,0,0,1,1,1,1,1,1,0,1,0,,,undefinedInjective,241,276,0.873188405797,,,undefinedInjective,True,False,0,1,0,1:24
CellTag_iEP_reprogramming,CellTag_iEP,r2,F051:CellTag_iEP_reprogramming:CellTag_iEP:r2:r2_MULTI_3_12_21:fineDay21Fate,r2_MULTI_3_12_21,fineDay21Fate,IBIP20:r2:MULTI:4:day12State,IBIP-20,day12State,MULTI,D3-D12,24,24,True,True,True,True,exactFrozenMaps,313443f965cbfecca924db6b969cb1041c007ce12edc57f3cd0732eceeccabd8,,IBIP20_temporal_random_fiber_controls,24,276,11,241,24,0,0,1,1,1,1,1,1,0,1,0,,,undefinedInjective,241,276,0.873188405797,,,undefinedInjective,True,False,0,1,0,1:24
CellTag_iEP_reprogramming,CellTag_iEP,r2,F051:CellTag_iEP_reprogramming:CellTag_iEP:r2:r2_MULTI_3_12_21:fineDay21Fate,r2_MULTI_3_12_21,fineDay21Fate,IBIP20:r2:MULTI:4:orderedHistory,IBIP-20,orderedHistory,MULTI,D3-D12,24,24,True,True,True,True,exactFrozenMaps,c3a99aaecdd9d00f48bcf69353e0fb84fa0ad818d2cb3a0ac596f6fcdd33308c,,IBIP20_temporal_random_fiber_controls,24,276,11,241,24,0,0,1,1,1,1,1,1,0,1,0,,,undefinedInjective,241,276,0.873188405797,,,undefinedInjective,True,False,0,1,0,1:24
CellTag_iEP_reprogramming,CellTag_iEP,r2,F051:CellTag_iEP_reprogramming:CellTag_iEP:r2:r2_MULTI_3_12_21:fineDay21Fate,r2_MULTI_3_12_21,fineDay21Fate,IBIP20:r2:MULTI:4:unorderedHistory,IBIP-20,unorderedHistory,MULTI,D3-D12,24,24,True,True,True,True,exactFrozenMaps,2dd8f6adffefc2f4fce16a713a14e50986bca2cd69d1d3f5f1873c459ef19ad0,,IBIP20_temporal_random_fiber_controls,24,276,11,241,24,0,0,1,1,1,1,1,1,0,1,0,,,undefinedInjective,241,276,0.873188405797,,,undefinedInjective,True,False,0,1,0,1:24
CellTag_iEP_reprogramming,CellTag_iEP,r2,F051:CellTag_iEP_reprogramming:CellTag_iEP:r2:r2_MULTI_3_12_21:fineDay21Fate,r2_MULTI_3_12_21,fineDay21Fate,IBIP20:r2:MULTI:4:reversedHistory,IBIP-20,reversedHistory,MULTI,D3-D12,24,24,True,True,True,True,exactFrozenMaps,cd62d7f97d5e807e50acfaa12cad651e0be7f108c0de5cd3dcb7bb40b589a0c3,,IBIP20_temporal_random_fiber_controls,24,276,11,241,24,0,0,1,1,1,1,1,1,0,1,0,,,undefinedInjective,241,276,0.873188405797,,,undefinedInjective,True,False,0,1,0,1:24
CellTag_iEP_reprogramming,CellTag_iEP,r2,F051:CellTag_iEP_reprogramming:CellTag_iEP:r2:r2_MULTI_3_12_21:fineDay21Fate,r2_MULTI_3_12_21,fineDay21Fate,IBIP20:r2:MULTI:4:transitionSignature,IBIP-20,transitionSignature,MULTI,D3-D12,24,24,True,True,True,True,exactFrozenMaps,9cae11d3fa793d5f3954d6aa7b8e18d7731fd1cac7a6f159b107f6a945981246,,IBIP20_temporal_random_fiber_controls,24,276,11,241,24,0,0,1,1,1,1,1,1,0,1,0,,,undefinedInjective,241,276,0.873188405797,,,undefinedInjective,True,False,0,1,0,1:24
CellTag_iEP_reprogramming,CellTag_iEP,r2,F051:CellTag_iEP_reprogramming:CellTag_iEP:r2:r2_MULTI_3_12_21:fineDay21Fate,r2_MULTI_3_12_21,fineDay21Fate,IBIP20:r2:MULTI:5:snapshotDay3,IBIP-20,snapshotDay3,MULTI,D3-D12,24,24,True,True,True,True,exactFrozenMaps,fe8a0c371b604c6692f7368fb9577fce599cbf5893c1a74291f728e516098924,,IBIP20_temporal_random_fiber_controls,24,276,11,241,24,0,0,1,1,1,1,1,1,0,1,0,,,undefinedInjective,241,276,0.873188405797,,,undefinedInjective,True,False,0,1,0,1:24
CellTag_iEP_reprogramming,CellTag_iEP,r2,F051:CellTag_iEP_reprogramming:CellTag_iEP:r2:r2_MULTI_3_12_21:fineDay21Fate,r2_MULTI_3_12_21,fineDay21Fate,IBIP20:r2:MULTI:5:day12State,IBIP-20,day12State,MULTI,D3-D12,24,24,True,True,True,True,exactFrozenMaps,4ab6f683407972893d45bc4b41026a4a59b0111de4b16554f0b8071635535940,,IBIP20_temporal_random_fiber_controls,24,276,11,241,24,0,0,1,1,1,1,1,1,0,1,0,,,undefinedInjective,241,276,0.873188405797,,,undefinedInjective,True,False,0,1,0,1:24
CellTag_iEP_reprogramming,CellTag_iEP,r2,F051:CellTag_iEP_reprogramming:CellTag_iEP:r2:r2_MULTI_3_12_21:fineDay21Fate,r2_MULTI_3_12_21,fineDay21Fate,IBIP20:r2:MULTI:5:orderedHistory,IBIP-20,orderedHistory,MULTI,D3-D12,24,24,True,True,True,True,exactFrozenMaps,622dc6e4857f0181f3fdef7111014bf46728187e21f436612a69037205f3e3c2,,IBIP20_temporal_random_fiber_controls,24,276,11,241,24,0,0,1,1,1,1,1,1,0,1,0,,,undefinedInjective,241,276,0.873188405797,,,undefinedInjective,True,False,0,1,0,1:24
CellTag_iEP_reprogramming,CellTag_iEP,r2,F051:CellTag_iEP_reprogramming:CellTag_iEP:r2:r2_MULTI_3_12_21:fineDay21Fate,r2_MULTI_3_12_21,fineDay21Fate,IBIP20:r2:MULTI:5:unorderedHistory,IBIP-20,unorderedHistory,MULTI,D3-D12,24,24,True,True,True,True,exactFrozenMaps,b66653bc1a6e67e996b756fd1daf76a1cea145d64f346bf88dbf17f08adaae89,,IBIP20_temporal_random_fiber_controls,24,276,11,241,24,0,0,1,1,1,1,1,1,0,1,0,,,undefinedInjective,241,276,0.873188405797,,,undefinedInjective,True,False,0,1,0,1:24
CellTag_iEP_reprogramming,CellTag_iEP,r2,F051:CellTag_iEP_reprogramming:CellTag_iEP:r2:r2_MULTI_3_12_21:fineDay21Fate,r2_MULTI_3_12_21,fineDay21Fate,IBIP20:r2:MULTI:5:reversedHistory,IBIP-20,reversedHistory,MULTI,D3-D12,24,24,True,True,True,True,exactFrozenMaps,dee139e3ee9c1ca18bf65c6c3e5986c4038ec93fd7f15edc6851ffe7f7c7415f,,IBIP20_temporal_random_fiber_controls,24,276,11,241,24,0,0,1,1,1,1,1,1,0,1,0,,,undefinedInjective,241,276,0.873188405797,,,undefinedInjective,True,False,0,1,0,1:24
CellTag_iEP_reprogramming,CellTag_iEP,r2,F051:CellTag_iEP_reprogramming:CellTag_iEP:r2:r2_MULTI_3_12_21:fineDay21Fate,r2_MULTI_3_12_21,fineDay21Fate,IBIP20:r2:MULTI:5:transitionSignature,IBIP-20,transitionSignature,MULTI,D3-D12,24,24,True,True,True,True,exactFrozenMaps,08b0b4185b93cf313c0e8e00a50be6a22dcff24a2c3b62d4d817c0ac149d4c6b,,IBIP20_temporal_random_fiber_controls,24,276,11,241,24,0,0,1,1,1,1,1,1,0,1,0,,,undefinedInjective,241,276,0.873188405797,,,undefinedInjective,True,False,0,1,0,1:24
CellTag_iEP_reprogramming,CellTag_iEP,r2,F052:CellTag_iEP_reprogramming:CellTag_iEP:r2:r2_MULTI_3_12_21:sourceGroupedDay21Fate,r2_MULTI_3_12_21,sourceGroupedDay21Fate,IBIP20:r2:MULTI:1:orderedHistory,IBIP-20,orderedHistory,MULTI,D3-D12,24,24,True,True,True,True,exactFrozenMaps,588f60db9ff8ad27860506ee24639019655a3b8507a4f3e2781a75c7455e9209,,IBIP20_temporal_random_fiber_controls,24,276,7,180,24,0,0,1,1,1,1,1,1,0,1,0,,,undefinedInjective,15,23,0.652173913043,,,undefinedInjective,True,False,0,1,0,1:24
CellTag_iEP_reprogramming,CellTag_iEP,r2,F052:CellTag_iEP_reprogramming:CellTag_iEP:r2:r2_MULTI_3_12_21:sourceGroupedDay21Fate,r2_MULTI_3_12_21,sourceGroupedDay21Fate,IBIP20:r2:MULTI:1:unorderedHistory,IBIP-20,unorderedHistory,MULTI,D3-D12,24,24,True,True,True,True,exactFrozenMaps,84e2876450d200a6e16c445121371caeac8d4ac5d574921b6bc946ffe05377b1,,IBIP20_temporal_random_fiber_controls,24,276,7,180,24,0,0,1,1,1,1,1,1,0,1,0,,,undefinedInjective,15,23,0.652173913043,,,undefinedInjective,True,False,0,1,0,1:24
CellTag_iEP_reprogramming,CellTag_iEP,r2,F052:CellTag_iEP_reprogramming:CellTag_iEP:r2:r2_MULTI_3_12_21:sourceGroupedDay21Fate,r2_MULTI_3_12_21,sourceGroupedDay21Fate,IBIP20:r2:MULTI:1:reversedHistory,IBIP-20,reversedHistory,MULTI,D3-D12,24,24,True,True,True,True,exactFrozenMaps,55cebbb1463f2d070384af8f2ce34b6169eca3c43d625d3a1b75285683e81646,,IBIP20_temporal_random_fiber_controls,24,276,7,180,24,0,0,1,1,1,1,1,1,0,1,0,,,undefinedInjective,15,23,0.652173913043,,,undefinedInjective,True,False,0,1,0,1:24
CellTag_iEP_reprogramming,CellTag_iEP,r2,F052:CellTag_iEP_reprogramming:CellTag_iEP:r2:r2_MULTI_3_12_21:sourceGroupedDay21Fate,r2_MULTI_3_12_21,sourceGroupedDay21Fate,IBIP20:r2:MULTI:1:transitionSignature,IBIP-20,transitionSignature,MULTI,D3-D12,24,24,True,True,True,True,exactFrozenMaps,8489bae7e8f1600d1d5fe4f67945e857b8e84fe59ac421db81445b02f29a59f7,,IBIP20_temporal_random_fiber_controls,24,276,7,180,24,0,0,1,1,1,1,1,1,0,1,0,,,undefinedInjective,15,23,0.652173913043,,,undefinedInjective,True,False,0,1,0,1:24
CellTag_iEP_reprogramming,CellTag_iEP,r2,F052:CellTag_iEP_reprogramming:CellTag_iEP:r2:r2_MULTI_3_12_21:sourceGroupedDay21Fate,r2_MULTI_3_12_21,sourceGroupedDay21Fate,IBIP20:r2:MULTI:2:snapshotDay3,IBIP-20,snapshotDay3,MULTI,D3-D12,24,24,True,True,True,True,exactFrozenMaps,33ba5fba61b016e2655842f9acdabd769452b43ed2b96921fa4ee437dad7fe11,,IBIP20_temporal_random_fiber_controls,24,276,7,180,24,0,0,1,1,1,1,1,1,0,1,0,,,undefinedInjective,15,23,0.652173913043,,,undefinedInjective,True,False,0,1,0,1:24
CellTag_iEP_reprogramming,CellTag_iEP,r2,F052:CellTag_iEP_reprogramming:CellTag_iEP:r2:r2_MULTI_3_12_21:sourceGroupedDay21Fate,r2_MULTI_3_12_21,sourceGroupedDay21Fate,IBIP20:r2:MULTI:2:day12State,IBIP-20,day12State,MULTI,D3-D12,24,24,True,True,True,True,exactFrozenMaps,d6f8416d7be49617dbc1811cfd980a918aae918d188bed2447efb71fb8194ee2,,IBIP20_temporal_random_fiber_controls,24,276,7,180,24,0,0,1,1,1,1,1,1,0,1,0,,,undefinedInjective,15,23,0.652173913043,,,undefinedInjective,True,False,0,1,0,1:24
CellTag_iEP_reprogramming,CellTag_iEP,r2,F052:CellTag_iEP_reprogramming:CellTag_iEP:r2:r2_MULTI_3_12_21:sourceGroupedDay21Fate,r2_MULTI_3_12_21,sourceGroupedDay21Fate,IBIP20:r2:MULTI:2:orderedHistory,IBIP-20,orderedHistory,MULTI,D3-D12,24,24,True,True,True,True,exactFrozenMaps,0122ec714be6aba7d9032471e8d8fae843b45aeb9a95a0093ac30b595f71c786,,IBIP20_temporal_random_fiber_controls,24,276,7,180,24,0,0,1,1,1,1,1,1,0,1,0,,,undefinedInjective,15,23,0.652173913043,,,undefinedInjective,True,False,0,1,0,1:24
CellTag_iEP_reprogramming,CellTag_iEP,r2,F052:CellTag_iEP_reprogramming:CellTag_iEP:r2:r2_MULTI_3_12_21:sourceGroupedDay21Fate,r2_MULTI_3_12_21,sourceGroupedDay21Fate,IBIP20:r2:MULTI:2:unorderedHistory,IBIP-20,unorderedHistory,MULTI,D3-D12,24,24,True,True,True,True,exactFrozenMaps,e0696e39549333c30c6851b509f0d3ba7056bc46e66ccdaf1682f6efec14c61e,,IBIP20_temporal_random_fiber_controls,24,276,7,180,24,0,0,1,1,1,1,1,1,0,1,0,,,undefinedInjective,15,23,0.652173913043,,,undefinedInjective,True,False,0,1,0,1:24
CellTag_iEP_reprogramming,CellTag_iEP,r2,F052:CellTag_iEP_reprogramming:CellTag_iEP:r2:r2_MULTI_3_12_21:sourceGroupedDay21Fate,r2_MULTI_3_12_21,sourceGroupedDay21Fate,IBIP20:r2:MULTI:2:reversedHistory,IBIP-20,reversedHistory,MULTI,D3-D12,24,24,True,True,True,True,exactFrozenMaps,697456b780022df34dc73d4fd19fc1c0a4f290a4ec13b6362bc3f7ab2661d2d5,,IBIP20_temporal_random_fiber_controls,24,276,7,180,24,0,0,1,1,1,1,1,1,0,1,0,,,undefinedInjective,15,23,0.652173913043,,,undefinedInjective,True,False,0,1,0,1:24
CellTag_iEP_reprogramming,CellTag_iEP,r2,F052:CellTag_iEP_reprogramming:CellTag_iEP:r2:r2_MULTI_3_12_21:sourceGroupedDay21Fate,r2_MULTI_3_12_21,sourceGroupedDay21Fate,IBIP20:r2:MULTI:2:transitionSignature,IBIP-20,transitionSignature,MULTI,D3-D12,24,24,True,True,True,True,exactFrozenMaps,059591670d03ec7ab2a91e68649335c53bee3a16e53df0030e60a03af913e00b,,IBIP20_temporal_random_fiber_controls,24,276,7,180,24,0,0,1,1,1,1,1,1,0,1,0,,,undefinedInjective,15,23,0.652173913043,,,undefinedInjective,True,False,0,1,0,1:24
CellTag_iEP_reprogramming,CellTag_iEP,r2,F052:CellTag_iEP_reprogramming:CellTag_iEP:r2:r2_MULTI_3_12_21:sourceGroupedDay21Fate,r2_MULTI_3_12_21,sourceGroupedDay21Fate,IBIP20:r2:MULTI:4:snapshotDay3,IBIP-20,snapshotDay3,MULTI,D3-D12,24,24,True,True,True,True,exactFrozenMaps,041bd6a43f15f3ba7dcb7cc2314ba1ec7bb50a3c85fa9c44c31c79e9ccb8762a,,IBIP20_temporal_random_fiber_controls,24,276,7,180,24,0,0,1,1,1,1,1,1,0,1,0,,,undefinedInjective,15,23,0.652173913043,,,undefinedInjective,True,False,0,1,0,1:24
CellTag_iEP_reprogramming,CellTag_iEP,r2,F052:CellTag_iEP_reprogramming:CellTag_iEP:r2:r2_MULTI_3_12_21:sourceGroupedDay21Fate,r2_MULTI_3_12_21,sourceGroupedDay21Fate,IBIP20:r2:MULTI:4:day12State,IBIP-20,day12State,MULTI,D3-D12,24,24,True,True,True,True,exactFrozenMaps,313443f965cbfecca924db6b969cb1041c007ce12edc57f3cd0732eceeccabd8,,IBIP20_temporal_random_fiber_controls,24,276,7,180,24,0,0,1,1,1,1,1,1,0,1,0,,,undefinedInjective,15,23,0.652173913043,,,undefinedInjective,True,False,0,1,0,1:24
CellTag_iEP_reprogramming,CellTag_iEP,r2,F052:CellTag_iEP_reprogramming:CellTag_iEP:r2:r2_MULTI_3_12_21:sourceGroupedDay21Fate,r2_MULTI_3_12_21,sourceGroupedDay21Fate,IBIP20:r2:MULTI:4:orderedHistory,IBIP-20,orderedHistory,MULTI,D3-D12,24,24,True,True,True,True,exactFrozenMaps,c3a99aaecdd9d00f48bcf69353e0fb84fa0ad818d2cb3a0ac596f6fcdd33308c,,IBIP20_temporal_random_fiber_controls,24,276,7,180,24,0,0,1,1,1,1,1,1,0,1,0,,,undefinedInjective,15,23,0.652173913043,,,undefinedInjective,True,False,0,1,0,1:24
CellTag_iEP_reprogramming,CellTag_iEP,r2,F052:CellTag_iEP_reprogramming:CellTag_iEP:r2:r2_MULTI_3_12_21:sourceGroupedDay21Fate,r2_MULTI_3_12_21,sourceGroupedDay21Fate,IBIP20:r2:MULTI:4:unorderedHistory,IBIP-20,unorderedHistory,MULTI,D3-D12,24,24,True,True,True,True,exactFrozenMaps,2dd8f6adffefc2f4fce16a713a14e50986bca2cd69d1d3f5f1873c459ef19ad0,,IBIP20_temporal_random_fiber_controls,24,276,7,180,24,0,0,1,1,1,1,1,1,0,1,0,,,undefinedInjective,15,23,0.652173913043,,,undefinedInjective,True,False,0,1,0,1:24
CellTag_iEP_reprogramming,CellTag_iEP,r2,F052:CellTag_iEP_reprogramming:CellTag_iEP:r2:r2_MULTI_3_12_21:sourceGroupedDay21Fate,r2_MULTI_3_12_21,sourceGroupedDay21Fate,IBIP20:r2:MULTI:4:reversedHistory,IBIP-20,reversedHistory,MULTI,D3-D12,24,24,True,True,True,True,exactFrozenMaps,cd62d7f97d5e807e50acfaa12cad651e0be7f108c0de5cd3dcb7bb40b589a0c3,,IBIP20_temporal_random_fiber_controls,24,276,7,180,24,0,0,1,1,1,1,1,1,0,1,0,,,undefinedInjective,15,23,0.652173913043,,,undefinedInjective,True,False,0,1,0,1:24
CellTag_iEP_reprogramming,CellTag_iEP,r2,F052:CellTag_iEP_reprogramming:CellTag_iEP:r2:r2_MULTI_3_12_21:sourceGroupedDay21Fate,r2_MULTI_3_12_21,sourceGroupedDay21Fate,IBIP20:r2:MULTI:4:transitionSignature,IBIP-20,transitionSignature,MULTI,D3-D12,24,24,True,True,True,True,exactFrozenMaps,9cae11d3fa793d5f3954d6aa7b8e18d7731fd1cac7a6f159b107f6a945981246,,IBIP20_temporal_random_fiber_controls,24,276,7,180,24,0,0,1,1,1,1,1,1,0,1,0,,,undefinedInjective,15,23,0.652173913043,,,undefinedInjective,True,False,0,1,0,1:24
CellTag_iEP_reprogramming,CellTag_iEP,r2,F052:CellTag_iEP_reprogramming:CellTag_iEP:r2:r2_MULTI_3_12_21:sourceGroupedDay21Fate,r2_MULTI_3_12_21,sourceGroupedDay21Fate,IBIP20:r2:MULTI:5:snapshotDay3,IBIP-20,snapshotDay3,MULTI,D3-D12,24,24,True,True,True,True,exactFrozenMaps,fe8a0c371b604c6692f7368fb9577fce599cbf5893c1a74291f728e516098924,,IBIP20_temporal_random_fiber_controls,24,276,7,180,24,0,0,1,1,1,1,1,1,0,1,0,,,undefinedInjective,15,23,0.652173913043,,,undefinedInjective,True,False,0,1,0,1:24
CellTag_iEP_reprogramming,CellTag_iEP,r2,F052:CellTag_iEP_reprogramming:CellTag_iEP:r2:r2_MULTI_3_12_21:sourceGroupedDay21Fate,r2_MULTI_3_12_21,sourceGroupedDay21Fate,IBIP20:r2:MULTI:5:day12State,IBIP-20,day12State,MULTI,D3-D12,24,24,True,True,True,True,exactFrozenMaps,4ab6f683407972893d45bc4b41026a4a59b0111de4b16554f0b8071635535940,,IBIP20_temporal_random_fiber_controls,24,276,7,180,24,0,0,1,1,1,1,1,1,0,1,0,,,undefinedInjective,15,23,0.652173913043,,,undefinedInjective,True,False,0,1,0,1:24
CellTag_iEP_reprogramming,CellTag_iEP,r2,F052:CellTag_iEP_reprogramming:CellTag_iEP:r2:r2_MULTI_3_12_21:sourceGroupedDay21Fate,r2_MULTI_3_12_21,sourceGroupedDay21Fate,IBIP20:r2:MULTI:5:orderedHistory,IBIP-20,orderedHistory,MULTI,D3-D12,24,24,True,True,True,True,exactFrozenMaps,622dc6e4857f0181f3fdef7111014bf46728187e21f436612a69037205f3e3c2,,IBIP20_temporal_random_fiber_controls,24,276,7,180,24,0,0,1,1,1,1,1,1,0,1,0,,,undefinedInjective,15,23,0.652173913043,,,undefinedInjective,True,False,0,1,0,1:24
CellTag_iEP_reprogramming,CellTag_iEP,r2,F052:CellTag_iEP_reprogramming:CellTag_iEP:r2:r2_MULTI_3_12_21:sourceGroupedDay21Fate,r2_MULTI_3_12_21,sourceGroupedDay21Fate,IBIP20:r2:MULTI:5:unorderedHistory,IBIP-20,unorderedHistory,MULTI,D3-D12,24,24,True,True,True,True,exactFrozenMaps,b66653bc1a6e67e996b756fd1daf76a1cea145d64f346bf88dbf17f08adaae89,,IBIP20_temporal_random_fiber_controls,24,276,7,180,24,0,0,1,1,1,1,1,1,0,1,0,,,undefinedInjective,15,23,0.652173913043,,,undefinedInjective,True,False,0,1,0,1:24
CellTag_iEP_reprogramming,CellTag_iEP,r2,F052:CellTag_iEP_reprogramming:CellTag_iEP:r2:r2_MULTI_3_12_21:sourceGroupedDay21Fate,r2_MULTI_3_12_21,sourceGroupedDay21Fate,IBIP20:r2:MULTI:5:reversedHistory,IBIP-20,reversedHistory,MULTI,D3-D12,24,24,True,True,True,True,exactFrozenMaps,dee139e3ee9c1ca18bf65c6c3e5986c4038ec93fd7f15edc6851ffe7f7c7415f,,IBIP20_temporal_random_fiber_controls,24,276,7,180,24,0,0,1,1,1,1,1,1,0,1,0,,,undefinedInjective,15,23,0.652173913043,,,undefinedInjective,True,False,0,1,0,1:24
CellTag_iEP_reprogramming,CellTag_iEP,r2,F052:CellTag_iEP_reprogramming:CellTag_iEP:r2:r2_MULTI_3_12_21:sourceGroupedDay21Fate,r2_MULTI_3_12_21,sourceGroupedDay21Fate,IBIP20:r2:MULTI:5:transitionSignature,IBIP-20,transitionSignature,MULTI,D3-D12,24,24,True,True,True,True,exactFrozenMaps,08b0b4185b93cf313c0e8e00a50be6a22dcff24a2c3b62d4d817c0ac149d4c6b,,IBIP20_temporal_random_fiber_controls,24,276,7,180,24,0,0,1,1,1,1,1,1,0,1,0,,,undefinedInjective,15,23,0.652173913043,,,undefinedInjective,True,False,0,1,0,1:24
CellTag_iEP_reprogramming,CellTag_iEP,r2,F053:CellTag_iEP_reprogramming:CellTag_iEP:r2:r2_MULTI_3_12_21:majorityDay21Fate,r2_MULTI_3_12_21,majorityDay21Fate,IBIP20:r2:MULTI:1:orderedHistory,IBIP-20,orderedHistory,MULTI,D3-D12,24,24,True,True,True,True,exactFrozenMaps,588f60db9ff8ad27860506ee24639019655a3b8507a4f3e2781a75c7455e9209,,IBIP20_temporal_random_fiber_controls,24,276,3,189,24,0,0,1,1,1,1,1,1,0,1,0,,,undefinedInjective,63,92,0.684782608696,,,undefinedInjective,True,False,0,1,0,1:24
CellTag_iEP_reprogramming,CellTag_iEP,r2,F053:CellTag_iEP_reprogramming:CellTag_iEP:r2:r2_MULTI_3_12_21:majorityDay21Fate,r2_MULTI_3_12_21,majorityDay21Fate,IBIP20:r2:MULTI:1:unorderedHistory,IBIP-20,unorderedHistory,MULTI,D3-D12,24,24,True,True,True,True,exactFrozenMaps,84e2876450d200a6e16c445121371caeac8d4ac5d574921b6bc946ffe05377b1,,IBIP20_temporal_random_fiber_controls,24,276,3,189,24,0,0,1,1,1,1,1,1,0,1,0,,,undefinedInjective,63,92,0.684782608696,,,undefinedInjective,True,False,0,1,0,1:24
CellTag_iEP_reprogramming,CellTag_iEP,r2,F053:CellTag_iEP_reprogramming:CellTag_iEP:r2:r2_MULTI_3_12_21:majorityDay21Fate,r2_MULTI_3_12_21,majorityDay21Fate,IBIP20:r2:MULTI:1:reversedHistory,IBIP-20,reversedHistory,MULTI,D3-D12,24,24,True,True,True,True,exactFrozenMaps,55cebbb1463f2d070384af8f2ce34b6169eca3c43d625d3a1b75285683e81646,,IBIP20_temporal_random_fiber_controls,24,276,3,189,24,0,0,1,1,1,1,1,1,0,1,0,,,undefinedInjective,63,92,0.684782608696,,,undefinedInjective,True,False,0,1,0,1:24
CellTag_iEP_reprogramming,CellTag_iEP,r2,F053:CellTag_iEP_reprogramming:CellTag_iEP:r2:r2_MULTI_3_12_21:majorityDay21Fate,r2_MULTI_3_12_21,majorityDay21Fate,IBIP20:r2:MULTI:1:transitionSignature,IBIP-20,transitionSignature,MULTI,D3-D12,24,24,True,True,True,True,exactFrozenMaps,8489bae7e8f1600d1d5fe4f67945e857b8e84fe59ac421db81445b02f29a59f7,,IBIP20_temporal_random_fiber_controls,24,276,3,189,24,0,0,1,1,1,1,1,1,0,1,0,,,undefinedInjective,63,92,0.684782608696,,,undefinedInjective,True,False,0,1,0,1:24
CellTag_iEP_reprogramming,CellTag_iEP,r2,F053:CellTag_iEP_reprogramming:CellTag_iEP:r2:r2_MULTI_3_12_21:majorityDay21Fate,r2_MULTI_3_12_21,majorityDay21Fate,IBIP20:r2:MULTI:2:snapshotDay3,IBIP-20,snapshotDay3,MULTI,D3-D12,24,24,True,True,True,True,exactFrozenMaps,33ba5fba61b016e2655842f9acdabd769452b43ed2b96921fa4ee437dad7fe11,,IBIP20_temporal_random_fiber_controls,24,276,3,189,24,0,0,1,1,1,1,1,1,0,1,0,,,undefinedInjective,63,92,0.684782608696,,,undefinedInjective,True,False,0,1,0,1:24
CellTag_iEP_reprogramming,CellTag_iEP,r2,F053:CellTag_iEP_reprogramming:CellTag_iEP:r2:r2_MULTI_3_12_21:majorityDay21Fate,r2_MULTI_3_12_21,majorityDay21Fate,IBIP20:r2:MULTI:2:day12State,IBIP-20,day12State,MULTI,D3-D12,24,24,True,True,True,True,exactFrozenMaps,d6f8416d7be49617dbc1811cfd980a918aae918d188bed2447efb71fb8194ee2,,IBIP20_temporal_random_fiber_controls,24,276,3,189,24,0,0,1,1,1,1,1,1,0,1,0,,,undefinedInjective,63,92,0.684782608696,,,undefinedInjective,True,False,0,1,0,1:24
CellTag_iEP_reprogramming,CellTag_iEP,r2,F053:CellTag_iEP_reprogramming:CellTag_iEP:r2:r2_MULTI_3_12_21:majorityDay21Fate,r2_MULTI_3_12_21,majorityDay21Fate,IBIP20:r2:MULTI:2:orderedHistory,IBIP-20,orderedHistory,MULTI,D3-D12,24,24,True,True,True,True,exactFrozenMaps,0122ec714be6aba7d9032471e8d8fae843b45aeb9a95a0093ac30b595f71c786,,IBIP20_temporal_random_fiber_controls,24,276,3,189,24,0,0,1,1,1,1,1,1,0,1,0,,,undefinedInjective,63,92,0.684782608696,,,undefinedInjective,True,False,0,1,0,1:24
CellTag_iEP_reprogramming,CellTag_iEP,r2,F053:CellTag_iEP_reprogramming:CellTag_iEP:r2:r2_MULTI_3_12_21:majorityDay21Fate,r2_MULTI_3_12_21,majorityDay21Fate,IBIP20:r2:MULTI:2:unorderedHistory,IBIP-20,unorderedHistory,MULTI,D3-D12,24,24,True,True,True,True,exactFrozenMaps,e0696e39549333c30c6851b509f0d3ba7056bc46e66ccdaf1682f6efec14c61e,,IBIP20_temporal_random_fiber_controls,24,276,3,189,24,0,0,1,1,1,1,1,1,0,1,0,,,undefinedInjective,63,92,0.684782608696,,,undefinedInjective,True,False,0,1,0,1:24
CellTag_iEP_reprogramming,CellTag_iEP,r2,F053:CellTag_iEP_reprogramming:CellTag_iEP:r2:r2_MULTI_3_12_21:majorityDay21Fate,r2_MULTI_3_12_21,majorityDay21Fate,IBIP20:r2:MULTI:2:reversedHistory,IBIP-20,reversedHistory,MULTI,D3-D12,24,24,True,True,True,True,exactFrozenMaps,697456b780022df34dc73d4fd19fc1c0a4f290a4ec13b6362bc3f7ab2661d2d5,,IBIP20_temporal_random_fiber_controls,24,276,3,189,24,0,0,1,1,1,1,1,1,0,1,0,,,undefinedInjective,63,92,0.684782608696,,,undefinedInjective,True,False,0,1,0,1:24
CellTag_iEP_reprogramming,CellTag_iEP,r2,F053:CellTag_iEP_reprogramming:CellTag_iEP:r2:r2_MULTI_3_12_21:majorityDay21Fate,r2_MULTI_3_12_21,majorityDay21Fate,IBIP20:r2:MULTI:2:transitionSignature,IBIP-20,transitionSignature,MULTI,D3-D12,24,24,True,True,True,True,exactFrozenMaps,059591670d03ec7ab2a91e68649335c53bee3a16e53df0030e60a03af913e00b,,IBIP20_temporal_random_fiber_controls,24,276,3,189,24,0,0,1,1,1,1,1,1,0,1,0,,,undefinedInjective,63,92,0.684782608696,,,undefinedInjective,True,False,0,1,0,1:24
CellTag_iEP_reprogramming,CellTag_iEP,r2,F053:CellTag_iEP_reprogramming:CellTag_iEP:r2:r2_MULTI_3_12_21:majorityDay21Fate,r2_MULTI_3_12_21,majorityDay21Fate,IBIP20:r2:MULTI:4:snapshotDay3,IBIP-20,snapshotDay3,MULTI,D3-D12,24,24,True,True,True,True,exactFrozenMaps,041bd6a43f15f3ba7dcb7cc2314ba1ec7bb50a3c85fa9c44c31c79e9ccb8762a,,IBIP20_temporal_random_fiber_controls,24,276,3,189,24,0,0,1,1,1,1,1,1,0,1,0,,,undefinedInjective,63,92,0.684782608696,,,undefinedInjective,True,False,0,1,0,1:24
CellTag_iEP_reprogramming,CellTag_iEP,r2,F053:CellTag_iEP_reprogramming:CellTag_iEP:r2:r2_MULTI_3_12_21:majorityDay21Fate,r2_MULTI_3_12_21,majorityDay21Fate,IBIP20:r2:MULTI:4:day12State,IBIP-20,day12State,MULTI,D3-D12,24,24,True,True,True,True,exactFrozenMaps,313443f965cbfecca924db6b969cb1041c007ce12edc57f3cd0732eceeccabd8,,IBIP20_temporal_random_fiber_controls,24,276,3,189,24,0,0,1,1,1,1,1,1,0,1,0,,,undefinedInjective,63,92,0.684782608696,,,undefinedInjective,True,False,0,1,0,1:24
CellTag_iEP_reprogramming,CellTag_iEP,r2,F053:CellTag_iEP_reprogramming:CellTag_iEP:r2:r2_MULTI_3_12_21:majorityDay21Fate,r2_MULTI_3_12_21,majorityDay21Fate,IBIP20:r2:MULTI:4:orderedHistory,IBIP-20,orderedHistory,MULTI,D3-D12,24,24,True,True,True,True,exactFrozenMaps,c3a99aaecdd9d00f48bcf69353e0fb84fa0ad818d2cb3a0ac596f6fcdd33308c,,IBIP20_temporal_random_fiber_controls,24,276,3,189,24,0,0,1,1,1,1,1,1,0,1,0,,,undefinedInjective,63,92,0.684782608696,,,undefinedInjective,True,False,0,1,0,1:24
CellTag_iEP_reprogramming,CellTag_iEP,r2,F053:CellTag_iEP_reprogramming:CellTag_iEP:r2:r2_MULTI_3_12_21:majorityDay21Fate,r2_MULTI_3_12_21,majorityDay21Fate,IBIP20:r2:MULTI:4:unorderedHistory,IBIP-20,unorderedHistory,MULTI,D3-D12,24,24,True,True,True,True,exactFrozenMaps,2dd8f6adffefc2f4fce16a713a14e50986bca2cd69d1d3f5f1873c459ef19ad0,,IBIP20_temporal_random_fiber_controls,24,276,3,189,24,0,0,1,1,1,1,1,1,0,1,0,,,undefinedInjective,63,92,0.684782608696,,,undefinedInjective,True,False,0,1,0,1:24
CellTag_iEP_reprogramming,CellTag_iEP,r2,F053:CellTag_iEP_reprogramming:CellTag_iEP:r2:r2_MULTI_3_12_21:majorityDay21Fate,r2_MULTI_3_12_21,majorityDay21Fate,IBIP20:r2:MULTI:4:reversedHistory,IBIP-20,reversedHistory,MULTI,D3-D12,24,24,True,True,True,True,exactFrozenMaps,cd62d7f97d5e807e50acfaa12cad651e0be7f108c0de5cd3dcb7bb40b589a0c3,,IBIP20_temporal_random_fiber_controls,24,276,3,189,24,0,0,1,1,1,1,1,1,0,1,0,,,undefinedInjective,63,92,0.684782608696,,,undefinedInjective,True,False,0,1,0,1:24
CellTag_iEP_reprogramming,CellTag_iEP,r2,F053:CellTag_iEP_reprogramming:CellTag_iEP:r2:r2_MULTI_3_12_21:majorityDay21Fate,r2_MULTI_3_12_21,majorityDay21Fate,IBIP20:r2:MULTI:4:transitionSignature,IBIP-20,transitionSignature,MULTI,D3-D12,24,24,True,True,True,True,exactFrozenMaps,9cae11d3fa793d5f3954d6aa7b8e18d7731fd1cac7a6f159b107f6a945981246,,IBIP20_temporal_random_fiber_controls,24,276,3,189,24,0,0,1,1,1,1,1,1,0,1,0,,,undefinedInjective,63,92,0.684782608696,,,undefinedInjective,True,False,0,1,0,1:24
CellTag_iEP_reprogramming,CellTag_iEP,r2,F053:CellTag_iEP_reprogramming:CellTag_iEP:r2:r2_MULTI_3_12_21:majorityDay21Fate,r2_MULTI_3_12_21,majorityDay21Fate,IBIP20:r2:MULTI:5:snapshotDay3,IBIP-20,snapshotDay3,MULTI,D3-D12,24,24,True,True,True,True,exactFrozenMaps,fe8a0c371b604c6692f7368fb9577fce599cbf5893c1a74291f728e516098924,,IBIP20_temporal_random_fiber_controls,24,276,3,189,24,0,0,1,1,1,1,1,1,0,1,0,,,undefinedInjective,63,92,0.684782608696,,,undefinedInjective,True,False,0,1,0,1:24
CellTag_iEP_reprogramming,CellTag_iEP,r2,F053:CellTag_iEP_reprogramming:CellTag_iEP:r2:r2_MULTI_3_12_21:majorityDay21Fate,r2_MULTI_3_12_21,majorityDay21Fate,IBIP20:r2:MULTI:5:day12State,IBIP-20,day12State,MULTI,D3-D12,24,24,True,True,True,True,exactFrozenMaps,4ab6f683407972893d45bc4b41026a4a59b0111de4b16554f0b8071635535940,,IBIP20_temporal_random_fiber_controls,24,276,3,189,24,0,0,1,1,1,1,1,1,0,1,0,,,undefinedInjective,63,92,0.684782608696,,,undefinedInjective,True,False,0,1,0,1:24
CellTag_iEP_reprogramming,CellTag_iEP,r2,F053:CellTag_iEP_reprogramming:CellTag_iEP:r2:r2_MULTI_3_12_21:majorityDay21Fate,r2_MULTI_3_12_21,majorityDay21Fate,IBIP20:r2:MULTI:5:orderedHistory,IBIP-20,orderedHistory,MULTI,D3-D12,24,24,True,True,True,True,exactFrozenMaps,622dc6e4857f0181f3fdef7111014bf46728187e21f436612a69037205f3e3c2,,IBIP20_temporal_random_fiber_controls,24,276,3,189,24,0,0,1,1,1,1,1,1,0,1,0,,,undefinedInjective,63,92,0.684782608696,,,undefinedInjective,True,False,0,1,0,1:24
CellTag_iEP_reprogramming,CellTag_iEP,r2,F053:CellTag_iEP_reprogramming:CellTag_iEP:r2:r2_MULTI_3_12_21:majorityDay21Fate,r2_MULTI_3_12_21,majorityDay21Fate,IBIP20:r2:MULTI:5:unorderedHistory,IBIP-20,unorderedHistory,MULTI,D3-D12,24,24,True,True,True,True,exactFrozenMaps,b66653bc1a6e67e996b756fd1daf76a1cea145d64f346bf88dbf17f08adaae89,,IBIP20_temporal_random_fiber_controls,24,276,3,189,24,0,0,1,1,1,1,1,1,0,1,0,,,undefinedInjective,63,92,0.684782608696,,,undefinedInjective,True,False,0,1,0,1:24
CellTag_iEP_reprogramming,CellTag_iEP,r2,F053:CellTag_iEP_reprogramming:CellTag_iEP:r2:r2_MULTI_3_12_21:majorityDay21Fate,r2_MULTI_3_12_21,majorityDay21Fate,IBIP20:r2:MULTI:5:reversedHistory,IBIP-20,reversedHistory,MULTI,D3-D12,24,24,True,True,True,True,exactFrozenMaps,dee139e3ee9c1ca18bf65c6c3e5986c4038ec93fd7f15edc6851ffe7f7c7415f,,IBIP20_temporal_random_fiber_controls,24,276,3,189,24,0,0,1,1,1,1,1,1,0,1,0,,,undefinedInjective,63,92,0.684782608696,,,undefinedInjective,True,False,0,1,0,1:24
CellTag_iEP_reprogramming,CellTag_iEP,r2,F053:CellTag_iEP_reprogramming:CellTag_iEP:r2:r2_MULTI_3_12_21:majorityDay21Fate,r2_MULTI_3_12_21,majorityDay21Fate,IBIP20:r2:MULTI:5:transitionSignature,IBIP-20,transitionSignature,MULTI,D3-D12,24,24,True,True,True,True,exactFrozenMaps,08b0b4185b93cf313c0e8e00a50be6a22dcff24a2c3b62d4d817c0ac149d4c6b,,IBIP20_temporal_random_fiber_controls,24,276,3,189,24,0,0,1,1,1,1,1,1,0,1,0,,,undefinedInjective,63,92,0.684782608696,,,undefinedInjective,True,False,0,1,0,1:24
CellTag_iEP_reprogramming,CellTag_iEP,r2,F054:CellTag_iEP_reprogramming:CellTag_iEP:r2:r2_MULTI_3_12_21:fateBreadth,r2_MULTI_3_12_21,fateBreadth,IBIP20:r2:MULTI:1:orderedHistory,IBIP-20,orderedHistory,MULTI,D3-D12,24,24,True,True,True,True,exactFrozenMaps,588f60db9ff8ad27860506ee24639019655a3b8507a4f3e2781a75c7455e9209,,IBIP20_temporal_random_fiber_controls,24,276,3,161,24,0,0,1,1,1,1,1,1,0,1,0,,,undefinedInjective,7,12,0.583333333333,,,undefinedInjective,True,False,0,1,0,1:24
CellTag_iEP_reprogramming,CellTag_iEP,r2,F054:CellTag_iEP_reprogramming:CellTag_iEP:r2:r2_MULTI_3_12_21:fateBreadth,r2_MULTI_3_12_21,fateBreadth,IBIP20:r2:MULTI:1:unorderedHistory,IBIP-20,unorderedHistory,MULTI,D3-D12,24,24,True,True,True,True,exactFrozenMaps,84e2876450d200a6e16c445121371caeac8d4ac5d574921b6bc946ffe05377b1,,IBIP20_temporal_random_fiber_controls,24,276,3,161,24,0,0,1,1,1,1,1,1,0,1,0,,,undefinedInjective,7,12,0.583333333333,,,undefinedInjective,True,False,0,1,0,1:24
CellTag_iEP_reprogramming,CellTag_iEP,r2,F054:CellTag_iEP_reprogramming:CellTag_iEP:r2:r2_MULTI_3_12_21:fateBreadth,r2_MULTI_3_12_21,fateBreadth,IBIP20:r2:MULTI:1:reversedHistory,IBIP-20,reversedHistory,MULTI,D3-D12,24,24,True,True,True,True,exactFrozenMaps,55cebbb1463f2d070384af8f2ce34b6169eca3c43d625d3a1b75285683e81646,,IBIP20_temporal_random_fiber_controls,24,276,3,161,24,0,0,1,1,1,1,1,1,0,1,0,,,undefinedInjective,7,12,0.583333333333,,,undefinedInjective,True,False,0,1,0,1:24
CellTag_iEP_reprogramming,CellTag_iEP,r2,F054:CellTag_iEP_reprogramming:CellTag_iEP:r2:r2_MULTI_3_12_21:fateBreadth,r2_MULTI_3_12_21,fateBreadth,IBIP20:r2:MULTI:1:transitionSignature,IBIP-20,transitionSignature,MULTI,D3-D12,24,24,True,True,True,True,exactFrozenMaps,8489bae7e8f1600d1d5fe4f67945e857b8e84fe59ac421db81445b02f29a59f7,,IBIP20_temporal_random_fiber_controls,24,276,3,161,24,0,0,1,1,1,1,1,1,0,1,0,,,undefinedInjective,7,12,0.583333333333,,,undefinedInjective,True,False,0,1,0,1:24
CellTag_iEP_reprogramming,CellTag_iEP,r2,F054:CellTag_iEP_reprogramming:CellTag_iEP:r2:r2_MULTI_3_12_21:fateBreadth,r2_MULTI_3_12_21,fateBreadth,IBIP20:r2:MULTI:2:snapshotDay3,IBIP-20,snapshotDay3,MULTI,D3-D12,24,24,True,True,True,True,exactFrozenMaps,33ba5fba61b016e2655842f9acdabd769452b43ed2b96921fa4ee437dad7fe11,,IBIP20_temporal_random_fiber_controls,24,276,3,161,24,0,0,1,1,1,1,1,1,0,1,0,,,undefinedInjective,7,12,0.583333333333,,,undefinedInjective,True,False,0,1,0,1:24
CellTag_iEP_reprogramming,CellTag_iEP,r2,F054:CellTag_iEP_reprogramming:CellTag_iEP:r2:r2_MULTI_3_12_21:fateBreadth,r2_MULTI_3_12_21,fateBreadth,IBIP20:r2:MULTI:2:day12State,IBIP-20,day12State,MULTI,D3-D12,24,24,True,True,True,True,exactFrozenMaps,d6f8416d7be49617dbc1811cfd980a918aae918d188bed2447efb71fb8194ee2,,IBIP20_temporal_random_fiber_controls,24,276,3,161,24,0,0,1,1,1,1,1,1,0,1,0,,,undefinedInjective,7,12,0.583333333333,,,undefinedInjective,True,False,0,1,0,1:24
CellTag_iEP_reprogramming,CellTag_iEP,r2,F054:CellTag_iEP_reprogramming:CellTag_iEP:r2:r2_MULTI_3_12_21:fateBreadth,r2_MULTI_3_12_21,fateBreadth,IBIP20:r2:MULTI:2:orderedHistory,IBIP-20,orderedHistory,MULTI,D3-D12,24,24,True,True,True,True,exactFrozenMaps,0122ec714be6aba7d9032471e8d8fae843b45aeb9a95a0093ac30b595f71c786,,IBIP20_temporal_random_fiber_controls,24,276,3,161,24,0,0,1,1,1,1,1,1,0,1,0,,,undefinedInjective,7,12,0.583333333333,,,undefinedInjective,True,False,0,1,0,1:24
CellTag_iEP_reprogramming,CellTag_iEP,r2,F054:CellTag_iEP_reprogramming:CellTag_iEP:r2:r2_MULTI_3_12_21:fateBreadth,r2_MULTI_3_12_21,fateBreadth,IBIP20:r2:MULTI:2:unorderedHistory,IBIP-20,unorderedHistory,MULTI,D3-D12,24,24,True,True,True,True,exactFrozenMaps,e0696e39549333c30c6851b509f0d3ba7056bc46e66ccdaf1682f6efec14c61e,,IBIP20_temporal_random_fiber_controls,24,276,3,161,24,0,0,1,1,1,1,1,1,0,1,0,,,undefinedInjective,7,12,0.583333333333,,,undefinedInjective,True,False,0,1,0,1:24
CellTag_iEP_reprogramming,CellTag_iEP,r2,F054:CellTag_iEP_reprogramming:CellTag_iEP:r2:r2_MULTI_3_12_21:fateBreadth,r2_MULTI_3_12_21,fateBreadth,IBIP20:r2:MULTI:2:reversedHistory,IBIP-20,reversedHistory,MULTI,D3-D12,24,24,True,True,True,True,exactFrozenMaps,697456b780022df34dc73d4fd19fc1c0a4f290a4ec13b6362bc3f7ab2661d2d5,,IBIP20_temporal_random_fiber_controls,24,276,3,161,24,0,0,1,1,1,1,1,1,0,1,0,,,undefinedInjective,7,12,0.583333333333,,,undefinedInjective,True,False,0,1,0,1:24
CellTag_iEP_reprogramming,CellTag_iEP,r2,F054:CellTag_iEP_reprogramming:CellTag_iEP:r2:r2_MULTI_3_12_21:fateBreadth,r2_MULTI_3_12_21,fateBreadth,IBIP20:r2:MULTI:2:transitionSignature,IBIP-20,transitionSignature,MULTI,D3-D12,24,24,True,True,True,True,exactFrozenMaps,059591670d03ec7ab2a91e68649335c53bee3a16e53df0030e60a03af913e00b,,IBIP20_temporal_random_fiber_controls,24,276,3,161,24,0,0,1,1,1,1,1,1,0,1,0,,,undefinedInjective,7,12,0.583333333333,,,undefinedInjective,True,False,0,1,0,1:24
CellTag_iEP_reprogramming,CellTag_iEP,r2,F054:CellTag_iEP_reprogramming:CellTag_iEP:r2:r2_MULTI_3_12_21:fateBreadth,r2_MULTI_3_12_21,fateBreadth,IBIP20:r2:MULTI:4:snapshotDay3,IBIP-20,snapshotDay3,MULTI,D3-D12,24,24,True,True,True,True,exactFrozenMaps,041bd6a43f15f3ba7dcb7cc2314ba1ec7bb50a3c85fa9c44c31c79e9ccb8762a,,IBIP20_temporal_random_fiber_controls,24,276,3,161,24,0,0,1,1,1,1,1,1,0,1,0,,,undefinedInjective,7,12,0.583333333333,,,undefinedInjective,True,False,0,1,0,1:24
CellTag_iEP_reprogramming,CellTag_iEP,r2,F054:CellTag_iEP_reprogramming:CellTag_iEP:r2:r2_MULTI_3_12_21:fateBreadth,r2_MULTI_3_12_21,fateBreadth,IBIP20:r2:MULTI:4:day12State,IBIP-20,day12State,MULTI,D3-D12,24,24,True,True,True,True,exactFrozenMaps,313443f965cbfecca924db6b969cb1041c007ce12edc57f3cd0732eceeccabd8,,IBIP20_temporal_random_fiber_controls,24,276,3,161,24,0,0,1,1,1,1,1,1,0,1,0,,,undefinedInjective,7,12,0.583333333333,,,undefinedInjective,True,False,0,1,0,1:24
CellTag_iEP_reprogramming,CellTag_iEP,r2,F054:CellTag_iEP_reprogramming:CellTag_iEP:r2:r2_MULTI_3_12_21:fateBreadth,r2_MULTI_3_12_21,fateBreadth,IBIP20:r2:MULTI:4:orderedHistory,IBIP-20,orderedHistory,MULTI,D3-D12,24,24,True,True,True,True,exactFrozenMaps,c3a99aaecdd9d00f48bcf69353e0fb84fa0ad818d2cb3a0ac596f6fcdd33308c,,IBIP20_temporal_random_fiber_controls,24,276,3,161,24,0,0,1,1,1,1,1,1,0,1,0,,,undefinedInjective,7,12,0.583333333333,,,undefinedInjective,True,False,0,1,0,1:24
CellTag_iEP_reprogramming,CellTag_iEP,r2,F054:CellTag_iEP_reprogramming:CellTag_iEP:r2:r2_MULTI_3_12_21:fateBreadth,r2_MULTI_3_12_21,fateBreadth,IBIP20:r2:MULTI:4:unorderedHistory,IBIP-20,unorderedHistory,MULTI,D3-D12,24,24,True,True,True,True,exactFrozenMaps,2dd8f6adffefc2f4fce16a713a14e50986bca2cd69d1d3f5f1873c459ef19ad0,,IBIP20_temporal_random_fiber_controls,24,276,3,161,24,0,0,1,1,1,1,1,1,0,1,0,,,undefinedInjective,7,12,0.583333333333,,,undefinedInjective,True,False,0,1,0,1:24
CellTag_iEP_reprogramming,CellTag_iEP,r2,F054:CellTag_iEP_reprogramming:CellTag_iEP:r2:r2_MULTI_3_12_21:fateBreadth,r2_MULTI_3_12_21,fateBreadth,IBIP20:r2:MULTI:4:reversedHistory,IBIP-20,reversedHistory,MULTI,D3-D12,24,24,True,True,True,True,exactFrozenMaps,cd62d7f97d5e807e50acfaa12cad651e0be7f108c0de5cd3dcb7bb40b589a0c3,,IBIP20_temporal_random_fiber_controls,24,276,3,161,24,0,0,1,1,1,1,1,1,0,1,0,,,undefinedInjective,7,12,0.583333333333,,,undefinedInjective,True,False,0,1,0,1:24
CellTag_iEP_reprogramming,CellTag_iEP,r2,F054:CellTag_iEP_reprogramming:CellTag_iEP:r2:r2_MULTI_3_12_21:fateBreadth,r2_MULTI_3_12_21,fateBreadth,IBIP20:r2:MULTI:4:transitionSignature,IBIP-20,transitionSignature,MULTI,D3-D12,24,24,True,True,True,True,exactFrozenMaps,9cae11d3fa793d5f3954d6aa7b8e18d7731fd1cac7a6f159b107f6a945981246,,IBIP20_temporal_random_fiber_controls,24,276,3,161,24,0,0,1,1,1,1,1,1,0,1,0,,,undefinedInjective,7,12,0.583333333333,,,undefinedInjective,True,False,0,1,0,1:24
CellTag_iEP_reprogramming,CellTag_iEP,r2,F054:CellTag_iEP_reprogramming:CellTag_iEP:r2:r2_MULTI_3_12_21:fateBreadth,r2_MULTI_3_12_21,fateBreadth,IBIP20:r2:MULTI:5:snapshotDay3,IBIP-20,snapshotDay3,MULTI,D3-D12,24,24,True,True,True,True,exactFrozenMaps,fe8a0c371b604c6692f7368fb9577fce599cbf5893c1a74291f728e516098924,,IBIP20_temporal_random_fiber_controls,24,276,3,161,24,0,0,1,1,1,1,1,1,0,1,0,,,undefinedInjective,7,12,0.583333333333,,,undefinedInjective,True,False,0,1,0,1:24
CellTag_iEP_reprogramming,CellTag_iEP,r2,F054:CellTag_iEP_reprogramming:CellTag_iEP:r2:r2_MULTI_3_12_21:fateBreadth,r2_MULTI_3_12_21,fateBreadth,IBIP20:r2:MULTI:5:day12State,IBIP-20,day12State,MULTI,D3-D12,24,24,True,True,True,True,exactFrozenMaps,4ab6f683407972893d45bc4b41026a4a59b0111de4b16554f0b8071635535940,,IBIP20_temporal_random_fiber_controls,24,276,3,161,24,0,0,1,1,1,1,1,1,0,1,0,,,undefinedInjective,7,12,0.583333333333,,,undefinedInjective,True,False,0,1,0,1:24
CellTag_iEP_reprogramming,CellTag_iEP,r2,F054:CellTag_iEP_reprogramming:CellTag_iEP:r2:r2_MULTI_3_12_21:fateBreadth,r2_MULTI_3_12_21,fateBreadth,IBIP20:r2:MULTI:5:orderedHistory,IBIP-20,orderedHistory,MULTI,D3-D12,24,24,True,True,True,True,exactFrozenMaps,622dc6e4857f0181f3fdef7111014bf46728187e21f436612a69037205f3e3c2,,IBIP20_temporal_random_fiber_controls,24,276,3,161,24,0,0,1,1,1,1,1,1,0,1,0,,,undefinedInjective,7,12,0.583333333333,,,undefinedInjective,True,False,0,1,0,1:24
CellTag_iEP_reprogramming,CellTag_iEP,r2,F054:CellTag_iEP_reprogramming:CellTag_iEP:r2:r2_MULTI_3_12_21:fateBreadth,r2_MULTI_3_12_21,fateBreadth,IBIP20:r2:MULTI:5:unorderedHistory,IBIP-20,unorderedHistory,MULTI,D3-D12,24,24,True,True,True,True,exactFrozenMaps,b66653bc1a6e67e996b756fd1daf76a1cea145d64f346bf88dbf17f08adaae89,,IBIP20_temporal_random_fiber_controls,24,276,3,161,24,0,0,1,1,1,1,1,1,0,1,0,,,undefinedInjective,7,12,0.583333333333,,,undefinedInjective,True,False,0,1,0,1:24
CellTag_iEP_reprogramming,CellTag_iEP,r2,F054:CellTag_iEP_reprogramming:CellTag_iEP:r2:r2_MULTI_3_12_21:fateBreadth,r2_MULTI_3_12_21,fateBreadth,IBIP20:r2:MULTI:5:reversedHistory,IBIP-20,reversedHistory,MULTI,D3-D12,24,24,True,True,True,True,exactFrozenMaps,dee139e3ee9c1ca18bf65c6c3e5986c4038ec93fd7f15edc6851ffe7f7c7415f,,IBIP20_temporal_random_fiber_controls,24,276,3,161,24,0,0,1,1,1,1,1,1,0,1,0,,,undefinedInjective,7,12,0.583333333333,,,undefinedInjective,True,False,0,1,0,1:24
CellTag_iEP_reprogramming,CellTag_iEP,r2,F054:CellTag_iEP_reprogramming:CellTag_iEP:r2:r2_MULTI_3_12_21:fateBreadth,r2_MULTI_3_12_21,fateBreadth,IBIP20:r2:MULTI:5:transitionSignature,IBIP-20,transitionSignature,MULTI,D3-D12,24,24,True,True,True,True,exactFrozenMaps,08b0b4185b93cf313c0e8e00a50be6a22dcff24a2c3b62d4d817c0ac149d4c6b,,IBIP20_temporal_random_fiber_controls,24,276,3,161,24,0,0,1,1,1,1,1,1,0,1,0,,,undefinedInjective,7,12,0.583333333333,,,undefinedInjective,True,False,0,1,0,1:24
