system,dataset,replicate,familyID,carrierID,futureID,surfaceID,sourceTranche,stateType,modality,timeScope,carrierCount,partitionCount,injective,recovers,eligible,decisionEligible,authorityReason,partitionHash,duplicateOf,controlSidecar,N,T,fateObjectCount,D0,statePartitionCount,C,D,identityResolutionNumerator,identityResolutionDenominator,identityResolution,futureDiscordanceResolutionNumerator,futureDiscordanceResolutionDenominator,futureDiscordanceResolution,fateSelectiveSurplusNumerator,fateSelectiveSurplusDenominator,fateSelectiveSurplus,conditionalFutureAmbiguityNumerator,conditionalFutureAmbiguityDenominator,conditionalFutureAmbiguity,fateDiscordanceBaselineNumerator,fateDiscordanceBaselineDenominator,fateDiscordanceBaseline,conditionalAmbiguityRatioNumerator,conditionalAmbiguityRatioDenominator,conditionalAmbiguityRatio,exactRecovery,noninjectiveExactRecovery,sharedCompressionCoverageNumerator,sharedCompressionCoverageDenominator,sharedCompressionCoverage,fiberSpectrum
Watermelon_PC9_osimertinib,Rewind,published,F001:Watermelon_PC9_osimertinib:Rewind:published:rewind_positive_cells:positive_resistant_fate,rewind_positive_cells,positive_resistant_fate,IBIP11:P0_primedConstant,IBIP-11,precursorSnapshot,RNA,pretreatment,162,1,False,False,True,True,exactFrozenMaps,522c8f58b5a1c29f88ad73c56b8304f70af8e3ae9f384625986b55d18d8c7817,,IBIP11_source_marker_permutation,162,13041,2,6545,1,13041,6545,0,1,0,0,1,0,0,1,0,935,1863,0.501878690284,935,1863,0.501878690284,1,1,1,False,False,1,1,1,162:1
Watermelon_PC9_osimertinib,Rewind,published,F001:Watermelon_PC9_osimertinib:Rewind:published:rewind_positive_cells:positive_resistant_fate,rewind_positive_cells,positive_resistant_fate,IBIP11:P1_AXL,IBIP-11,precursorSnapshot,RNA,pretreatment,162,2,False,False,True,True,exactFrozenMaps,12ea928f754d7cac78c810ce41568043ab5d09f29225b4e750694b720bc3014e,,IBIP11_source_marker_permutation,162,13041,2,6545,2,6561,2921,80,161,0.496894409938,3624,6545,0.553705118411,8552,150535,0.0568107084731,2921,6561,0.445206523396,935,1863,0.501878690284,67183,75735,0.887079949825,False,False,1,1,1,72:1;90:1
Watermelon_PC9_osimertinib,Rewind,published,F001:Watermelon_PC9_osimertinib:Rewind:published:rewind_positive_cells:positive_resistant_fate,rewind_positive_cells,positive_resistant_fate,IBIP11:P1_EGFR,IBIP-11,precursorSnapshot,RNA,pretreatment,162,2,False,False,True,True,exactFrozenMaps,7399b723f84aa82a6670b18909c18502e9f8816d0a84455c632c15160ac51ee7,,IBIP11_source_marker_permutation,162,13041,2,6545,2,6841,3421,6200,13041,0.475423663829,284,595,0.47731092437,2092,1108485,0.00188726054029,3421,6841,0.50007308873,935,1863,0.501878690284,579393,581485,0.996402314763,False,False,1,1,1,62:1;100:1
Watermelon_PC9_osimertinib,Rewind,published,F001:Watermelon_PC9_osimertinib:Rewind:published:rewind_positive_cells:positive_resistant_fate,rewind_positive_cells,positive_resistant_fate,IBIP11:P1_FN1,IBIP-11,precursorSnapshot,RNA,pretreatment,162,3,False,False,True,True,exactFrozenMaps,e48d0179b3623b94c019b98aedd553b4de01f45c23499d364fb247503a77c10c,,IBIP11_source_marker_permutation,162,13041,2,6545,3,6912,3470,227,483,0.469979296066,615,1309,0.469824293354,-2,12903,-0.000155002712547,1735,3456,0.502025462963,935,1863,0.501878690284,23943,23936,1.00029244652,False,False,1,1,1,12:1;39:1;111:1
Watermelon_PC9_osimertinib,Rewind,published,F001:Watermelon_PC9_osimertinib:Rewind:published:rewind_positive_cells:positive_resistant_fate,rewind_positive_cells,positive_resistant_fate,IBIP11:P1_ITGA3,IBIP-11,precursorSnapshot,RNA,pretreatment,162,3,False,False,True,True,exactFrozenMaps,b5cf0f1a75eed43a787deab408188d12d15fdb19028cae9bf54326a161bee67f,,IBIP11_source_marker_permutation,162,13041,2,6545,3,5968,2659,7073,13041,0.542366382946,3886,6545,0.593735676089,626363,12193335,0.0513692931425,2659,5968,0.445542895442,935,1863,0.501878690284,4953717,5580080,0.887750175625,False,False,1,1,1,9:1;64:1;89:1
Watermelon_PC9_osimertinib,Rewind,published,F001:Watermelon_PC9_osimertinib:Rewind:published:rewind_positive_cells:positive_resistant_fate,rewind_positive_cells,positive_resistant_fate,IBIP11:P1_MITF,IBIP-11,precursorSnapshot,RNA,pretreatment,162,3,False,False,True,True,exactFrozenMaps,887811b74cad70372c8b1769feb2b78ab7ff147cb45375713e281ab9b37330e0,,IBIP11_source_marker_permutation,162,13041,2,6545,3,7114,3551,5927,13041,0.454489686374,2994,6545,0.457448433919,36077,12193335,0.00295874754528,3551,7114,0.499156592634,935,1863,0.501878690284,6615513,6651590,0.99457618404,False,False,1,1,1,10:1;39:1;113:1
Watermelon_PC9_osimertinib,Rewind,published,F001:Watermelon_PC9_osimertinib:Rewind:published:rewind_positive_cells:positive_resistant_fate,rewind_positive_cells,positive_resistant_fate,IBIP11:P1_MMP1,IBIP-11,precursorSnapshot,RNA,pretreatment,162,2,False,False,True,True,exactFrozenMaps,01101ce8339aa1829369c935e6b2006327b63397d1f2729229e04537a86a24e0,,IBIP11_source_marker_permutation,162,13041,2,6545,2,6580,3102,923,1863,0.495437466452,313,595,0.526050420168,33934,1108485,0.0306129537161,33,70,0.471428571429,935,1863,0.501878690284,5589,5950,0.939327731092,False,False,1,1,1,71:1;91:1
Watermelon_PC9_osimertinib,Rewind,published,F001:Watermelon_PC9_osimertinib:Rewind:published:rewind_positive_cells:positive_resistant_fate,rewind_positive_cells,positive_resistant_fate,IBIP11:P1_NGFR,IBIP-11,precursorSnapshot,RNA,pretreatment,162,3,False,False,True,True,exactFrozenMaps,def2ac36a7f1e6f94b3bc7ade98e7f37379077295dfa8b85cb7da7bb05fb7abf,,IBIP11_source_marker_permutation,162,13041,2,6545,3,10782,5414,251,1449,0.173222912353,1131,6545,0.172803666921,-568,1354815,-0.000419245432033,2707,5391,0.502133184938,935,1863,0.501878690284,560349,560065,1.000507084,False,False,1,1,1,6:1;9:1;147:1
Watermelon_PC9_osimertinib,Rewind,published,F001:Watermelon_PC9_osimertinib:Rewind:published:rewind_positive_cells:positive_resistant_fate,rewind_positive_cells,positive_resistant_fate,IBIP11:P1_SOX10,IBIP-11,precursorSnapshot,RNA,pretreatment,162,3,False,False,True,True,exactFrozenMaps,5b2714a7e1a83f2eed61474e206628ea0cf44b2c1201ec4624b6fc46c85b58ad,,IBIP11_source_marker_permutation,162,13041,2,6545,3,6454,3161,941,1863,0.505099302201,3384,6545,0.517035905271,145547,12193335,0.0119366030704,3161,6454,0.4897737837,935,1863,0.501878690284,5888943,6034490,0.9758808118,False,False,1,1,1,14:1;43:1;105:1
Watermelon_PC9_osimertinib,Rewind,published,F001:Watermelon_PC9_osimertinib:Rewind:published:rewind_positive_cells:positive_resistant_fate,rewind_positive_cells,positive_resistant_fate,IBIP11:P1_WNT5A,IBIP-11,precursorSnapshot,RNA,pretreatment,162,3,False,False,True,True,exactFrozenMaps,e610ec99a0f9a46a6150e6541cbe1bd78dd37a55c5338ed94fbc6badb5a706ba,,IBIP11_source_marker_permutation,162,13041,2,6545,3,9706,4877,145,567,0.255731922399,1668,6545,0.254851031322,-467,530145,-0.00088089107697,4877,9706,0.502472697301,935,1863,0.501878690284,395037,394570,1.00118356692,False,False,161,162,0.993827160494,1:1;23:1;138:1
Watermelon_PC9_osimertinib,Rewind,published,F001:Watermelon_PC9_osimertinib:Rewind:published:rewind_positive_cells:positive_resistant_fate,rewind_positive_cells,positive_resistant_fate,IBIP11:P2_nineGeneFateBlindVector,IBIP-11,precursorSnapshot,RNA,pretreatment,162,86,False,False,True,True,exactFrozenMaps,fc2565b80aaf738da8a7f1f411bfc3af15bad1f56aa934b190c6303dcb975ad2,,IBIP11_source_marker_permutation,162,13041,2,6545,86,233,58,12808,13041,0.982133271988,6487,6545,0.991138273491,109801,12193335,0.00900500150287,58,233,0.248927038627,935,1863,0.501878690284,108054,217855,0.495990452365,False,False,52,81,0.641975308642,1:58;2:12;3:8;4:1;5:2;6:1;7:2;9:1;13:1
Watermelon_PC9_osimertinib,Rewind,published,F001:Watermelon_PC9_osimertinib:Rewind:published:rewind_positive_cells:positive_resistant_fate,rewind_positive_cells,positive_resistant_fate,IBIP11:P3_fateBlindBurden,IBIP-11,precursorSnapshot,RNA,pretreatment,162,21,False,False,True,True,exactFrozenMaps,072191a073e9d2f016d6418928d0c4a5e4a56f63ba8fd383d136943e6377df8e,,IBIP11_source_marker_permutation,162,13041,2,6545,21,1359,653,1298,1449,0.895790200138,5892,6545,0.900229182582,6014,1354815,0.0044389824441,653,1359,0.480500367918,935,1863,0.501878690284,135171,141185,0.957403406878,False,False,79,81,0.975308641975,1:4;2:4;3:1;4:3;5:3;9:1;12:1;19:1;25:1;26:1;29:1
Watermelon_PC9_osimertinib,Rewind,published,F001:Watermelon_PC9_osimertinib:Rewind:published:rewind_positive_cells:positive_resistant_fate,rewind_positive_cells,positive_resistant_fate,IBIP11:P4_sourceHighlightedProgram,IBIP-11,precursorSnapshot,RNA,pretreatment,162,21,False,False,True,False,exactFrozenMaps,072191a073e9d2f016d6418928d0c4a5e4a56f63ba8fd383d136943e6377df8e,IBIP11:P3_fateBlindBurden,IBIP11_source_marker_permutation,162,13041,2,6545,21,1359,653,1298,1449,0.895790200138,5892,6545,0.900229182582,6014,1354815,0.0044389824441,653,1359,0.480500367918,935,1863,0.501878690284,135171,141185,0.957403406878,False,False,79,81,0.975308641975,1:4;2:4;3:1;4:3;5:3;9:1;12:1;19:1;25:1;26:1;29:1
Watermelon_PC9_osimertinib,Rewind,published,F001:Watermelon_PC9_osimertinib:Rewind:published:rewind_positive_cells:positive_resistant_fate,rewind_positive_cells,positive_resistant_fate,IBIP11:P5_richPrecursorQuotient,IBIP-11,precursorSnapshot,RNA,pretreatment,162,34,False,False,True,True,exactFrozenMaps,e7a30ab50af6f1563149fdf340c216a06e666c56508e564ffb253d4b0233a9c9,,IBIP11_source_marker_permutation,162,13041,2,6545,34,4675,2328,8366,13041,0.641515221225,4217,6545,0.644308632544,34061,12193335,0.00279341131856,2328,4675,0.497967914439,935,1863,0.501878690284,4337064,4371125,0.992207726844,False,False,23,27,0.851851851852,1:24;2:2;3:2;4:1;5:2;6:1;12:1;96:1
Watermelon_PC9_osimertinib,Rewind,published,F001:Watermelon_PC9_osimertinib:Rewind:published:rewind_positive_cells:positive_resistant_fate,rewind_positive_cells,positive_resistant_fate,IBIP11:identity_cellID,IBIP-11,precursorSnapshot,RNA,pretreatment,162,162,True,True,True,False,exactFrozenMaps,262f2366677bf7221451c88ab907049609ea6d57e788c5ae8388ccc44d209ec2,,IBIP11_source_marker_permutation,162,13041,2,6545,162,0,0,1,1,1,1,1,1,0,1,0,,,undefinedInjective,935,1863,0.501878690284,,,undefinedInjective,True,False,0,1,0,1:162
Watermelon_PC9_osimertinib,Watermelon,pooled,F002:Watermelon_PC9_osimertinib:Watermelon:pooled:H03:pooled_distributional_fate,H03,pooled_distributional_fate,IBIP12:H03:D0:P0_timeConstant,IBIP-12,snapshot,RNA,day0,1183,1,False,False,True,True,exactFrozenMaps,ff8db9193b1c4a5a1398c8eea7f9d9aee8ea6f64c5490cef6ba2210264ba84e8,,IBIP12_random_gene_history,1183,699153,182,546362,1,699153,546362,0,1,0,0,1,0,0,1,0,546362,699153,0.78146271274,546362,699153,0.78146271274,1,1,1,False,False,1,1,1,1183:1
Watermelon_PC9_osimertinib,Watermelon,pooled,F002:Watermelon_PC9_osimertinib:Watermelon:pooled:H03:pooled_distributional_fate,H03,pooled_distributional_fate,IBIP12:H03:D0:P1_fourProjectionState,IBIP-12,snapshot,RNA,day0,1183,54,False,False,True,True,exactFrozenMaps,7c5b49b0bd2f2389712cd6d926bf43a310425cde2659bd389df5f1cc1b296152,,IBIP12_random_gene_history,1183,699153,182,546362,54,17882,14337,681271,699153,0.974423337953,532025,546362,0.973759156017,-253711277,381990631386,-0.00066418193577,14337,17882,0.80175595571,546362,699153,0.78146271274,10023756561,9770045284,1.02596828056,False,False,1,1,1,3:1;4:1;6:2;7:1;8:1;9:2;10:2;11:1;12:2;13:2;14:2;15:3;16:4;17:3;18:3;19:1;20:1;21:2;22:2;24:3;25:1;28:2;29:1;33:1;34:1;36:1;37:1;38:1;45:1;48:1;49:2;58:1;74:1
Watermelon_PC9_osimertinib,Watermelon,pooled,F002:Watermelon_PC9_osimertinib:Watermelon:pooled:H03:pooled_distributional_fate,H03,pooled_distributional_fate,IBIP12:H03:D0:P2_eightProjectionState,IBIP-12,snapshot,RNA,day0,1183,875,False,False,True,True,exactFrozenMaps,5aa3a3945492d885a246297d6a0d596817310cf290c08e7eee7e7d77c65f4dd3,,IBIP12_random_gene_history,1183,699153,182,546362,875,470,390,698683,699153,0.999327758016,272986,273181,0.999286187546,-7939765,190995315693,-4.15704697845e-05,39,47,0.829787234043,546362,699153,0.78146271274,27266967,25679014,1.06183855034,False,False,75,169,0.443786982249,1:658;2:163;3:35;4:10;5:4;6:3;7:1;9:1
Watermelon_PC9_osimertinib,Watermelon,pooled,F002:Watermelon_PC9_osimertinib:Watermelon:pooled:H03:pooled_distributional_fate,H03,pooled_distributional_fate,IBIP12:H03:D0:P3_sourceHighlightedPrograms,IBIP-12,snapshot,RNA,day0,1183,1,False,False,True,False,exactFrozenMaps,b0e79e757c4a29091ff99bd04e1019b49f28d9cdfadcb025c43a12211d7e9b84,,IBIP12_random_gene_history,1183,699153,182,546362,1,699153,546362,0,1,0,0,1,0,0,1,0,546362,699153,0.78146271274,546362,699153,0.78146271274,1,1,1,False,False,1,1,1,1183:1
Watermelon_PC9_osimertinib,Watermelon,pooled,F002:Watermelon_PC9_osimertinib:Watermelon:pooled:H03:pooled_distributional_fate,H03,pooled_distributional_fate,IBIP12:H03:D0:P4_twelveProjectionState,IBIP-12,snapshot,RNA,day0,1183,1170,False,False,True,True,exactFrozenMaps,8867d9d910fdc4d249a3f8d19a26361036d2be95b4cb901e5a2c90c218bca44d,,IBIP12_random_gene_history,1183,699153,182,546362,1170,13,9,53780,53781,0.999981406073,546353,546362,0.999983527405,62333,29383894722,2.12133213074e-06,9,13,0.692307692308,546362,699153,0.78146271274,484029,546362,0.885912636677,False,False,2,91,0.021978021978,1:1157;2:13
Watermelon_PC9_osimertinib,Watermelon,pooled,F002:Watermelon_PC9_osimertinib:Watermelon:pooled:H03:pooled_distributional_fate,H03,pooled_distributional_fate,IBIP12:H03:D0:P5_twelveProjectionDistribution,IBIP-12,snapshot,RNA,day0,1183,1181,False,False,True,True,exactFrozenMaps,ba285fca219f7b82ee2bd84f76759179dfb5d67122aec2660ac91fb535baa152,,IBIP12_random_gene_history,1183,699153,182,546362,1181,2,1,699151,699153,0.999997139396,546361,546362,0.999998169712,393571,381990631386,1.03031584458e-06,1,2,0.5,546362,699153,0.78146271274,699153,1092724,0.639825793155,False,False,4,1183,0.00338123415046,1:1179;2:2
Watermelon_PC9_osimertinib,Watermelon,pooled,F002:Watermelon_PC9_osimertinib:Watermelon:pooled:H03:pooled_distributional_fate,H03,pooled_distributional_fate,IBIP12:H03:D0:identity_lineageBarcodeSet,IBIP-12,snapshot,RNA,day0,1183,1183,True,True,True,False,exactFrozenMaps,8f11ee1ed8820c2ce5a46cf39c40d69314858b9165b1fc9a3869f1d420f0d562,,IBIP12_random_gene_history,1183,699153,182,546362,1183,0,0,1,1,1,1,1,1,0,1,0,,,undefinedInjective,546362,699153,0.78146271274,,,undefinedInjective,True,False,0,1,0,1:1183
Watermelon_PC9_osimertinib,Watermelon,pooled,F002:Watermelon_PC9_osimertinib:Watermelon:pooled:H03:pooled_distributional_fate,H03,pooled_distributional_fate,IBIP12:H03:D3:P0_timeConstant,IBIP-12,snapshot,RNA,day3,1183,1,False,False,True,True,exactFrozenMaps,ff8db9193b1c4a5a1398c8eea7f9d9aee8ea6f64c5490cef6ba2210264ba84e8,IBIP12:H03:D0:P0_timeConstant,IBIP12_random_gene_history,1183,699153,182,546362,1,699153,546362,0,1,0,0,1,0,0,1,0,546362,699153,0.78146271274,546362,699153,0.78146271274,1,1,1,False,False,1,1,1,1183:1
Watermelon_PC9_osimertinib,Watermelon,pooled,F002:Watermelon_PC9_osimertinib:Watermelon:pooled:H03:pooled_distributional_fate,H03,pooled_distributional_fate,IBIP12:H03:D3:P1_fourProjectionState,IBIP-12,snapshot,RNA,day3,1183,54,False,False,True,True,exactFrozenMaps,8c2b225b1151b4ac478e9b0c2d2b8570635c25a9f01badbf34a16e16838c5316,,IBIP12_random_gene_history,1183,699153,182,546362,54,23173,19214,675980,699153,0.966855609573,263574,273181,0.964832839766,-386339558,190995315693,-0.00202276980772,19214,23173,0.8291546196,546362,699153,0.78146271274,6716762871,6330423313,1.06102902427,False,False,1,1,1,5:3;6:3;7:2;8:2;9:1;11:1;12:4;13:3;14:2;15:5;16:2;17:1;18:1;19:2;23:1;24:4;25:1;26:2;27:2;28:1;29:1;32:1;34:2;36:2;37:1;42:1;50:1;56:1;141:1
Watermelon_PC9_osimertinib,Watermelon,pooled,F002:Watermelon_PC9_osimertinib:Watermelon:pooled:H03:pooled_distributional_fate,H03,pooled_distributional_fate,IBIP12:H03:D3:P2_eightProjectionState,IBIP-12,snapshot,RNA,day3,1183,792,False,False,True,True,exactFrozenMaps,940604335e93fbbc41b68b5c5bb127cb7551bb299d60449e5c916f05889014c8,,IBIP12_random_gene_history,1183,699153,182,546362,792,1189,1039,697964,699153,0.99829937081,545323,546362,0.998098330411,-76795549,381990631386,-0.000201040399136,1039,1189,0.873843566022,546362,699153,0.78146271274,726419967,649624418,1.11821530545,False,False,46,91,0.505494505495,1:585;2:141;3:31;4:13;5:10;6:4;7:3;8:2;14:1;22:1;24:1
Watermelon_PC9_osimertinib,Watermelon,pooled,F002:Watermelon_PC9_osimertinib:Watermelon:pooled:H03:pooled_distributional_fate,H03,pooled_distributional_fate,IBIP12:H03:D3:P3_sourceHighlightedPrograms,IBIP-12,snapshot,RNA,day3,1183,1,False,False,True,False,exactFrozenMaps,b0e79e757c4a29091ff99bd04e1019b49f28d9cdfadcb025c43a12211d7e9b84,IBIP12:H03:D0:P3_sourceHighlightedPrograms,IBIP12_random_gene_history,1183,699153,182,546362,1,699153,546362,0,1,0,0,1,0,0,1,0,546362,699153,0.78146271274,546362,699153,0.78146271274,1,1,1,False,False,1,1,1,1183:1
Watermelon_PC9_osimertinib,Watermelon,pooled,F002:Watermelon_PC9_osimertinib:Watermelon:pooled:H03:pooled_distributional_fate,H03,pooled_distributional_fate,IBIP12:H03:D3:P4_twelveProjectionState,IBIP-12,snapshot,RNA,day3,1183,1134,False,False,True,True,exactFrozenMaps,d29d755d1c321661e8cf4dc663ea0c2b8c315809705c487556f3619096689b7e,,IBIP12_random_gene_history,1183,699153,182,546362,1134,86,81,699067,699153,0.99987699402,546281,546362,0.999851746644,-9644261,381990631386,-2.52473757406e-05,81,86,0.941860465116,546362,699153,0.78146271274,56631393,46987132,1.20525323827,False,False,6,91,0.0659340659341,1:1105;2:18;3:7;4:1;5:2;7:1
Watermelon_PC9_osimertinib,Watermelon,pooled,F002:Watermelon_PC9_osimertinib:Watermelon:pooled:H03:pooled_distributional_fate,H03,pooled_distributional_fate,IBIP12:H03:D3:P5_twelveProjectionDistribution,IBIP-12,snapshot,RNA,day3,1183,1167,False,False,True,True,exactFrozenMaps,db81d9588405524e574e6a0fcdb53ab50fb926c2a873121dddd39b3324361b66,,IBIP12_random_gene_history,1183,699153,182,546362,1167,27,26,233042,233051,0.999961381843,273168,273181,0.999952412503,-571034,63665105231,-8.96934039342e-06,26,27,0.962962962963,546362,699153,0.78146271274,3029663,2458629,1.23225708311,False,False,25,1183,0.0211327134404,1:1158;2:5;3:2;4:1;5:1
Watermelon_PC9_osimertinib,Watermelon,pooled,F002:Watermelon_PC9_osimertinib:Watermelon:pooled:H03:pooled_distributional_fate,H03,pooled_distributional_fate,IBIP12:H03:D3:identity_lineageBarcodeSet,IBIP-12,snapshot,RNA,day3,1183,1183,True,True,True,False,exactFrozenMaps,8f11ee1ed8820c2ce5a46cf39c40d69314858b9165b1fc9a3869f1d420f0d562,IBIP12:H03:D0:identity_lineageBarcodeSet,IBIP12_random_gene_history,1183,699153,182,546362,1183,0,0,1,1,1,1,1,1,0,1,0,,,undefinedInjective,546362,699153,0.78146271274,,,undefinedInjective,True,False,0,1,0,1:1183
Watermelon_PC9_osimertinib,Watermelon,pooled,F002:Watermelon_PC9_osimertinib:Watermelon:pooled:H03:pooled_distributional_fate,H03,pooled_distributional_fate,IBIP12:H03:H0:P0_timeConstant,IBIP-12,history,RNA,H0,1183,1,False,False,True,True,exactFrozenMaps,ff8db9193b1c4a5a1398c8eea7f9d9aee8ea6f64c5490cef6ba2210264ba84e8,IBIP12:H03:D0:P0_timeConstant,IBIP12_random_gene_history,1183,699153,182,546362,1,699153,546362,0,1,0,0,1,0,0,1,0,546362,699153,0.78146271274,546362,699153,0.78146271274,1,1,1,False,False,1,1,1,1183:1
Watermelon_PC9_osimertinib,Watermelon,pooled,F002:Watermelon_PC9_osimertinib:Watermelon:pooled:H03:pooled_distributional_fate,H03,pooled_distributional_fate,IBIP12:H03:H0:P1_fourProjectionState,IBIP-12,history,RNA,H0,1183,54,False,False,True,True,exactFrozenMaps,7c5b49b0bd2f2389712cd6d926bf43a310425cde2659bd389df5f1cc1b296152,IBIP12:H03:D0:P1_fourProjectionState,IBIP12_random_gene_history,1183,699153,182,546362,54,17882,14337,681271,699153,0.974423337953,532025,546362,0.973759156017,-253711277,381990631386,-0.00066418193577,14337,17882,0.80175595571,546362,699153,0.78146271274,10023756561,9770045284,1.02596828056,False,False,1,1,1,3:1;4:1;6:2;7:1;8:1;9:2;10:2;11:1;12:2;13:2;14:2;15:3;16:4;17:3;18:3;19:1;20:1;21:2;22:2;24:3;25:1;28:2;29:1;33:1;34:1;36:1;37:1;38:1;45:1;48:1;49:2;58:1;74:1
Watermelon_PC9_osimertinib,Watermelon,pooled,F002:Watermelon_PC9_osimertinib:Watermelon:pooled:H03:pooled_distributional_fate,H03,pooled_distributional_fate,IBIP12:H03:H0:P2_eightProjectionState,IBIP-12,history,RNA,H0,1183,875,False,False,True,True,exactFrozenMaps,5aa3a3945492d885a246297d6a0d596817310cf290c08e7eee7e7d77c65f4dd3,IBIP12:H03:D0:P2_eightProjectionState,IBIP12_random_gene_history,1183,699153,182,546362,875,470,390,698683,699153,0.999327758016,272986,273181,0.999286187546,-7939765,190995315693,-4.15704697845e-05,39,47,0.829787234043,546362,699153,0.78146271274,27266967,25679014,1.06183855034,False,False,75,169,0.443786982249,1:658;2:163;3:35;4:10;5:4;6:3;7:1;9:1
Watermelon_PC9_osimertinib,Watermelon,pooled,F002:Watermelon_PC9_osimertinib:Watermelon:pooled:H03:pooled_distributional_fate,H03,pooled_distributional_fate,IBIP12:H03:H0:P3_sourceHighlightedPrograms,IBIP-12,history,RNA,H0,1183,1,False,False,True,False,exactFrozenMaps,b0e79e757c4a29091ff99bd04e1019b49f28d9cdfadcb025c43a12211d7e9b84,IBIP12:H03:D0:P3_sourceHighlightedPrograms,IBIP12_random_gene_history,1183,699153,182,546362,1,699153,546362,0,1,0,0,1,0,0,1,0,546362,699153,0.78146271274,546362,699153,0.78146271274,1,1,1,False,False,1,1,1,1183:1
Watermelon_PC9_osimertinib,Watermelon,pooled,F002:Watermelon_PC9_osimertinib:Watermelon:pooled:H03:pooled_distributional_fate,H03,pooled_distributional_fate,IBIP12:H03:H0:P4_twelveProjectionState,IBIP-12,history,RNA,H0,1183,1170,False,False,True,True,exactFrozenMaps,8867d9d910fdc4d249a3f8d19a26361036d2be95b4cb901e5a2c90c218bca44d,IBIP12:H03:D0:P4_twelveProjectionState,IBIP12_random_gene_history,1183,699153,182,546362,1170,13,9,53780,53781,0.999981406073,546353,546362,0.999983527405,62333,29383894722,2.12133213074e-06,9,13,0.692307692308,546362,699153,0.78146271274,484029,546362,0.885912636677,False,False,2,91,0.021978021978,1:1157;2:13
Watermelon_PC9_osimertinib,Watermelon,pooled,F002:Watermelon_PC9_osimertinib:Watermelon:pooled:H03:pooled_distributional_fate,H03,pooled_distributional_fate,IBIP12:H03:H0:P5_twelveProjectionDistribution,IBIP-12,history,RNA,H0,1183,1181,False,False,True,True,exactFrozenMaps,ba285fca219f7b82ee2bd84f76759179dfb5d67122aec2660ac91fb535baa152,IBIP12:H03:D0:P5_twelveProjectionDistribution,IBIP12_random_gene_history,1183,699153,182,546362,1181,2,1,699151,699153,0.999997139396,546361,546362,0.999998169712,393571,381990631386,1.03031584458e-06,1,2,0.5,546362,699153,0.78146271274,699153,1092724,0.639825793155,False,False,4,1183,0.00338123415046,1:1179;2:2
Watermelon_PC9_osimertinib,Watermelon,pooled,F002:Watermelon_PC9_osimertinib:Watermelon:pooled:H03:pooled_distributional_fate,H03,pooled_distributional_fate,IBIP12:H03:H0:identity_lineageBarcodeSet,IBIP-12,history,RNA,H0,1183,1183,True,True,True,False,exactFrozenMaps,8f11ee1ed8820c2ce5a46cf39c40d69314858b9165b1fc9a3869f1d420f0d562,IBIP12:H03:D0:identity_lineageBarcodeSet,IBIP12_random_gene_history,1183,699153,182,546362,1183,0,0,1,1,1,1,1,1,0,1,0,,,undefinedInjective,546362,699153,0.78146271274,,,undefinedInjective,True,False,0,1,0,1:1183
Watermelon_PC9_osimertinib,Watermelon,pooled,F002:Watermelon_PC9_osimertinib:Watermelon:pooled:H03:pooled_distributional_fate,H03,pooled_distributional_fate,IBIP12:H03:H0_3:P0_timeConstant,IBIP-12,history,RNA,H0_3,1183,1,False,False,True,True,exactFrozenMaps,f82cea9e0a58f3bc9eb277ec8a5334944df574cefb72c6d3cefc20195c1ca607,,IBIP12_random_gene_history,1183,699153,182,546362,1,699153,546362,0,1,0,0,1,0,0,1,0,546362,699153,0.78146271274,546362,699153,0.78146271274,1,1,1,False,False,1,1,1,1183:1
Watermelon_PC9_osimertinib,Watermelon,pooled,F002:Watermelon_PC9_osimertinib:Watermelon:pooled:H03:pooled_distributional_fate,H03,pooled_distributional_fate,IBIP12:H03:H0_3:P1_fourProjectionState,IBIP-12,history,RNA,H0_3,1183,838,False,False,True,True,exactFrozenMaps,5f22ba0a85d0e8e36243c7d20de92998b6214d80c317d3e191ba36597ef687c6,,IBIP12_random_gene_history,1183,699153,182,546362,838,645,547,232836,233051,0.999077455149,545815,546362,0.998998832276,-10011067,127330210462,-7.86228732653e-05,547,645,0.848062015504,546362,699153,0.78146271274,127478897,117467830,1.08522390343,False,False,555,1183,0.469146238377,1:628;2:137;3:45;4:17;5:4;6:2;7:2;9:1;10:1;13:1
Watermelon_PC9_osimertinib,Watermelon,pooled,F002:Watermelon_PC9_osimertinib:Watermelon:pooled:H03:pooled_distributional_fate,H03,pooled_distributional_fate,IBIP12:H03:H0_3:P2_eightProjectionState,IBIP-12,history,RNA,H0_3,1183,1183,True,True,True,True,exactFrozenMaps,5cdfb531db008849b27c51777e857f659331ca011a88f1793bf494e509403053,,IBIP12_random_gene_history,1183,699153,182,546362,1183,0,0,1,1,1,1,1,1,0,1,0,,,undefinedInjective,546362,699153,0.78146271274,,,undefinedInjective,True,False,0,1,0,1:1183
Watermelon_PC9_osimertinib,Watermelon,pooled,F002:Watermelon_PC9_osimertinib:Watermelon:pooled:H03:pooled_distributional_fate,H03,pooled_distributional_fate,IBIP12:H03:H0_3:P3_sourceHighlightedPrograms,IBIP-12,history,RNA,H0_3,1183,1,False,False,True,False,exactFrozenMaps,6a7d4bfeeed3ef2632c18bfbd0bbc5a32e30e087564fe6cf59b172ec7769d399,,IBIP12_random_gene_history,1183,699153,182,546362,1,699153,546362,0,1,0,0,1,0,0,1,0,546362,699153,0.78146271274,546362,699153,0.78146271274,1,1,1,False,False,1,1,1,1183:1
Watermelon_PC9_osimertinib,Watermelon,pooled,F002:Watermelon_PC9_osimertinib:Watermelon:pooled:H03:pooled_distributional_fate,H03,pooled_distributional_fate,IBIP12:H03:H0_3:P4_twelveProjectionState,IBIP-12,history,RNA,H0_3,1183,1183,True,True,True,True,exactFrozenMaps,684c0f96c2e46ddfe795171b44a6b14ca193c05fffe2e97bcd14ff4f2a79af7d,,IBIP12_random_gene_history,1183,699153,182,546362,1183,0,0,1,1,1,1,1,1,0,1,0,,,undefinedInjective,546362,699153,0.78146271274,,,undefinedInjective,True,False,0,1,0,1:1183
Watermelon_PC9_osimertinib,Watermelon,pooled,F002:Watermelon_PC9_osimertinib:Watermelon:pooled:H03:pooled_distributional_fate,H03,pooled_distributional_fate,IBIP12:H03:H0_3:P5_twelveProjectionDistribution,IBIP-12,history,RNA,H0_3,1183,1183,True,True,True,True,exactFrozenMaps,f0149f1cb5a9335995360c632dbf551a1db3dad5cb62ad19bd12e452d720887f,,IBIP12_random_gene_history,1183,699153,182,546362,1183,0,0,1,1,1,1,1,1,0,1,0,,,undefinedInjective,546362,699153,0.78146271274,,,undefinedInjective,True,False,0,1,0,1:1183
Watermelon_PC9_osimertinib,Watermelon,pooled,F002:Watermelon_PC9_osimertinib:Watermelon:pooled:H03:pooled_distributional_fate,H03,pooled_distributional_fate,IBIP12:H03:H0_3:identity_lineageBarcodeSet,IBIP-12,history,RNA,H0_3,1183,1183,True,True,True,False,exactFrozenMaps,38fda31367bc0d20c6697d6da4e29656493bfd3fd6b826ef47ef3bbe6eb3f4ad,,IBIP12_random_gene_history,1183,699153,182,546362,1183,0,0,1,1,1,1,1,1,0,1,0,,,undefinedInjective,546362,699153,0.78146271274,,,undefinedInjective,True,False,0,1,0,1:1183
Watermelon_PC9_osimertinib,Watermelon,pooled,F003:Watermelon_PC9_osimertinib:Watermelon:pooled:H037:pooled_distributional_fate,H037,pooled_distributional_fate,IBIP12:H037:D0:P0_timeConstant,IBIP-12,snapshot,RNA,day0,748,1,False,False,True,True,exactFrozenMaps,7f469c007cf03ee9020311243aed12096b69ee19882b1e9e66585f7767570a78,,IBIP12_random_gene_history,748,279378,163,231975,1,279378,231975,0,1,0,0,1,0,0,1,0,25775,31042,0.83032665421,25775,31042,0.83032665421,1,1,1,False,False,1,1,1,748:1
Watermelon_PC9_osimertinib,Watermelon,pooled,F003:Watermelon_PC9_osimertinib:Watermelon:pooled:H037:pooled_distributional_fate,H037,pooled_distributional_fate,IBIP12:H037:D0:P1_fourProjectionState,IBIP-12,snapshot,RNA,day0,748,54,False,False,True,True,exactFrozenMaps,1ed65178bfeb9d6204539defb4fbe5a00647ff5fc2978e16fcddd4d4bffdae45,,IBIP12_random_gene_history,748,279378,163,231975,54,7716,6557,45277,46563,0.972381504628,225418,231975,0.971734023063,-2331247,3600483975,-0.000647481565308,6557,7716,0.849792638673,25775,31042,0.83032665421,101771197,99439950,1.02344376682,False,False,747,748,0.998663101604,1:1;2:1;3:1;4:1;5:5;6:4;7:6;9:7;10:1;11:1;12:1;13:1;14:3;15:4;16:4;19:1;20:2;22:1;23:1;24:2;25:1;32:1;34:1;35:1;37:1;57:1
Watermelon_PC9_osimertinib,Watermelon,pooled,F003:Watermelon_PC9_osimertinib:Watermelon:pooled:H037:pooled_distributional_fate,H037,pooled_distributional_fate,IBIP12:H037:D0:P2_eightProjectionState,IBIP-12,snapshot,RNA,day0,748,597,False,False,True,True,exactFrozenMaps,b58117b7feb004563077904c4b1bf9081939d9a46e0c2c2696898814f7f021e3,,IBIP12_random_gene_history,748,279378,163,231975,597,214,183,139582,139689,0.9992340127,77264,77325,0.999211121888,-82418,3600483975,-2.28908115054e-05,183,214,0.855140186916,25775,31042,0.83032665421,2840343,2757925,1.02988406139,False,False,259,748,0.346256684492,1:489;2:79;3:20;4:5;5:3;6:1
Watermelon_PC9_osimertinib,Watermelon,pooled,F003:Watermelon_PC9_osimertinib:Watermelon:pooled:H037:pooled_distributional_fate,H037,pooled_distributional_fate,IBIP12:H037:D0:P3_sourceHighlightedPrograms,IBIP-12,snapshot,RNA,day0,748,1,False,False,True,False,exactFrozenMaps,005b80a913bec89ca1e89e96184359b5e88c070be66cfb143d015267eb95862d,,IBIP12_random_gene_history,748,279378,163,231975,1,279378,231975,0,1,0,0,1,0,0,1,0,25775,31042,0.83032665421,25775,31042,0.83032665421,1,1,1,False,False,1,1,1,748:1
Watermelon_PC9_osimertinib,Watermelon,pooled,F003:Watermelon_PC9_osimertinib:Watermelon:pooled:H037:pooled_distributional_fate,H037,pooled_distributional_fate,IBIP12:H037:D0:P4_twelveProjectionState,IBIP-12,snapshot,RNA,day0,748,741,False,False,True,True,exactFrozenMaps,d8a3b99677a3f99a0a33e76430d81c648d39efed0572d36cc639b2a5e9c40a61,,IBIP12_random_gene_history,748,279378,163,231975,741,7,4,279371,279378,0.999974944341,231971,231975,0.999982756763,56257,7200967950,7.81242193975e-06,4,7,0.571428571429,25775,31042,0.83032665421,124168,180425,0.688197311902,False,False,7,374,0.0187165775401,1:734;2:7
Watermelon_PC9_osimertinib,Watermelon,pooled,F003:Watermelon_PC9_osimertinib:Watermelon:pooled:H037:pooled_distributional_fate,H037,pooled_distributional_fate,IBIP12:H037:D0:P5_twelveProjectionDistribution,IBIP-12,snapshot,RNA,day0,748,747,False,True,True,True,exactFrozenMaps,1fd9019b04a06b7c51a5594f316e10bb136d9f531202316269647bb644db1195,,IBIP12_random_gene_history,748,279378,163,231975,747,1,0,279377,279378,0.99999642062,1,1,1,1,279378,3.57937990822e-06,0,1,0,25775,31042,0.83032665421,0,1,0,True,True,1,374,0.00267379679144,1:746;2:1
Watermelon_PC9_osimertinib,Watermelon,pooled,F003:Watermelon_PC9_osimertinib:Watermelon:pooled:H037:pooled_distributional_fate,H037,pooled_distributional_fate,IBIP12:H037:D0:identity_lineageBarcodeSet,IBIP-12,snapshot,RNA,day0,748,748,True,True,True,False,exactFrozenMaps,0dcfcbcdb60604d4a76368dcd7a4dc910074bb35454fd1cfc229b780c23e5f39,,IBIP12_random_gene_history,748,279378,163,231975,748,0,0,1,1,1,1,1,1,0,1,0,,,undefinedInjective,25775,31042,0.83032665421,,,undefinedInjective,True,False,0,1,0,1:748
Watermelon_PC9_osimertinib,Watermelon,pooled,F003:Watermelon_PC9_osimertinib:Watermelon:pooled:H037:pooled_distributional_fate,H037,pooled_distributional_fate,IBIP12:H037:D3:P0_timeConstant,IBIP-12,snapshot,RNA,day3,748,1,False,False,True,True,exactFrozenMaps,7f469c007cf03ee9020311243aed12096b69ee19882b1e9e66585f7767570a78,IBIP12:H037:D0:P0_timeConstant,IBIP12_random_gene_history,748,279378,163,231975,1,279378,231975,0,1,0,0,1,0,0,1,0,25775,31042,0.83032665421,25775,31042,0.83032665421,1,1,1,False,False,1,1,1,748:1
Watermelon_PC9_osimertinib,Watermelon,pooled,F003:Watermelon_PC9_osimertinib:Watermelon:pooled:H037:pooled_distributional_fate,H037,pooled_distributional_fate,IBIP12:H037:D3:P1_fourProjectionState,IBIP-12,snapshot,RNA,day3,748,54,False,False,True,True,exactFrozenMaps,efd66c89a82d053e0cde32a917db23ef7ea971f8a63e185b986844b172f4a576,,IBIP12_random_gene_history,748,279378,163,231975,54,10796,9524,134291,139689,0.961357014511,222451,231975,0.958943851708,-8688554,3600483975,-0.00241316280265,2381,2699,0.882178584661,25775,31042,0.83032665421,73911002,69566725,1.06244762852,False,False,747,748,0.998663101604,1:1;2:1;3:2;4:5;5:5;6:1;7:4;8:4;9:2;10:3;11:3;12:2;13:1;14:1;15:3;16:2;17:2;18:2;20:1;21:1;22:1;23:2;24:1;33:1;40:1;41:1;102:1
Watermelon_PC9_osimertinib,Watermelon,pooled,F003:Watermelon_PC9_osimertinib:Watermelon:pooled:H037:pooled_distributional_fate,H037,pooled_distributional_fate,IBIP12:H037:D3:P2_eightProjectionState,IBIP-12,snapshot,RNA,day3,748,518,False,False,True,True,exactFrozenMaps,b9d05f5cfd87bff68c02c4abe2219a58254bf12be277d5b0b087d17aba09397d,,IBIP12_random_gene_history,748,279378,163,231975,518,769,700,278609,279378,0.997247456851,9251,9279,0.996982433452,-76337,288038718,-0.000265023398695,700,769,0.910273081925,25775,31042,0.83032665421,869176,792839,1.09628310414,False,False,86,187,0.459893048128,1:404;2:77;3:15;4:8;5:8;6:1;7:2;13:1;18:1;22:1
Watermelon_PC9_osimertinib,Watermelon,pooled,F003:Watermelon_PC9_osimertinib:Watermelon:pooled:H037:pooled_distributional_fate,H037,pooled_distributional_fate,IBIP12:H037:D3:P3_sourceHighlightedPrograms,IBIP-12,snapshot,RNA,day3,748,1,False,False,True,False,exactFrozenMaps,005b80a913bec89ca1e89e96184359b5e88c070be66cfb143d015267eb95862d,IBIP12:H037:D0:P3_sourceHighlightedPrograms,IBIP12_random_gene_history,748,279378,163,231975,1,279378,231975,0,1,0,0,1,0,0,1,0,25775,31042,0.83032665421,25775,31042,0.83032665421,1,1,1,False,False,1,1,1,748:1
Watermelon_PC9_osimertinib,Watermelon,pooled,F003:Watermelon_PC9_osimertinib:Watermelon:pooled:H037:pooled_distributional_fate,H037,pooled_distributional_fate,IBIP12:H037:D3:P4_twelveProjectionState,IBIP-12,snapshot,RNA,day3,748,714,False,False,True,True,exactFrozenMaps,b4fefaaab11c1b71cd746fb6f239965edb9def1739575259f0f2c23d725fd91a,,IBIP12_random_gene_history,748,279378,163,231975,714,61,59,279317,279378,0.999781657826,231916,231975,0.999745662248,-86401,2400322650,-3.59955775112e-05,59,61,0.967213114754,25775,31042,0.83032665421,1831478,1572275,1.16485856482,False,False,27,374,0.072192513369,1:694;2:12;3:6;5:1;7:1
Watermelon_PC9_osimertinib,Watermelon,pooled,F003:Watermelon_PC9_osimertinib:Watermelon:pooled:H037:pooled_distributional_fate,H037,pooled_distributional_fate,IBIP12:H037:D3:P5_twelveProjectionDistribution,IBIP-12,snapshot,RNA,day3,748,736,False,False,True,True,exactFrozenMaps,124a389a921844980efda5352a7d106b0b45f414554af1b5b51381ac4954183d,,IBIP12_random_gene_history,748,279378,163,231975,736,20,20,139679,139689,0.999928412402,46391,46395,0.999913783813,-10534,720096795,-1.46285889246e-05,1,1,1,25775,31042,0.83032665421,31042,25775,1.20434529583,False,False,19,748,0.0254010695187,1:729;2:4;3:2;5:1
Watermelon_PC9_osimertinib,Watermelon,pooled,F003:Watermelon_PC9_osimertinib:Watermelon:pooled:H037:pooled_distributional_fate,H037,pooled_distributional_fate,IBIP12:H037:D3:identity_lineageBarcodeSet,IBIP-12,snapshot,RNA,day3,748,748,True,True,True,False,exactFrozenMaps,0dcfcbcdb60604d4a76368dcd7a4dc910074bb35454fd1cfc229b780c23e5f39,IBIP12:H037:D0:identity_lineageBarcodeSet,IBIP12_random_gene_history,748,279378,163,231975,748,0,0,1,1,1,1,1,1,0,1,0,,,undefinedInjective,25775,31042,0.83032665421,,,undefinedInjective,True,False,0,1,0,1:748
Watermelon_PC9_osimertinib,Watermelon,pooled,F003:Watermelon_PC9_osimertinib:Watermelon:pooled:H037:pooled_distributional_fate,H037,pooled_distributional_fate,IBIP12:H037:D7:P0_timeConstant,IBIP-12,snapshot,RNA,day7,748,1,False,False,True,True,exactFrozenMaps,7f469c007cf03ee9020311243aed12096b69ee19882b1e9e66585f7767570a78,IBIP12:H037:D0:P0_timeConstant,IBIP12_random_gene_history,748,279378,163,231975,1,279378,231975,0,1,0,0,1,0,0,1,0,25775,31042,0.83032665421,25775,31042,0.83032665421,1,1,1,False,False,1,1,1,748:1
Watermelon_PC9_osimertinib,Watermelon,pooled,F003:Watermelon_PC9_osimertinib:Watermelon:pooled:H037:pooled_distributional_fate,H037,pooled_distributional_fate,IBIP12:H037:D7:P1_fourProjectionState,IBIP-12,snapshot,RNA,day7,748,54,False,False,True,True,exactFrozenMaps,e6146011ac7c73b7c87fe539c0cebacd36621269fa1e026d9325c5ecfd6acd9a,,IBIP12_random_gene_history,748,279378,163,231975,54,6899,5806,272479,279378,0.975305858013,226169,231975,0.974971440888,-802709,2400322650,-0.000334417125131,5806,6899,0.841571242209,25775,31042,0.83032665421,180229852,177821725,1.01354236666,False,False,747,748,0.998663101604,1:1;2:1;4:2;5:4;6:3;7:3;8:3;9:4;10:4;11:3;12:3;13:3;15:2;16:1;17:2;18:1;19:1;20:2;22:2;24:1;25:1;27:1;28:1;30:1;31:1;32:1;34:1;38:1
Watermelon_PC9_osimertinib,Watermelon,pooled,F003:Watermelon_PC9_osimertinib:Watermelon:pooled:H037:pooled_distributional_fate,H037,pooled_distributional_fate,IBIP12:H037:D7:P2_eightProjectionState,IBIP-12,snapshot,RNA,day7,748,587,False,False,True,True,exactFrozenMaps,58207efe4925460cdc8dca63656f5691b524cd4649282665aa783dfc9c6c557a,,IBIP12_random_gene_history,748,279378,163,231975,587,218,191,139580,139689,0.99921969518,231784,231975,0.999176635413,-155036,3600483975,-4.30597667082e-05,191,218,0.876146788991,25775,31042,0.83032665421,2964511,2809475,1.05518326378,False,False,141,374,0.377005347594,1:466;2:93;3:20;4:5;5:2;6:1
Watermelon_PC9_osimertinib,Watermelon,pooled,F003:Watermelon_PC9_osimertinib:Watermelon:pooled:H037:pooled_distributional_fate,H037,pooled_distributional_fate,IBIP12:H037:D7:P3_sourceHighlightedPrograms,IBIP-12,snapshot,RNA,day7,748,1,False,False,True,False,exactFrozenMaps,005b80a913bec89ca1e89e96184359b5e88c070be66cfb143d015267eb95862d,IBIP12:H037:D0:P3_sourceHighlightedPrograms,IBIP12_random_gene_history,748,279378,163,231975,1,279378,231975,0,1,0,0,1,0,0,1,0,25775,31042,0.83032665421,25775,31042,0.83032665421,1,1,1,False,False,1,1,1,748:1
Watermelon_PC9_osimertinib,Watermelon,pooled,F003:Watermelon_PC9_osimertinib:Watermelon:pooled:H037:pooled_distributional_fate,H037,pooled_distributional_fate,IBIP12:H037:D7:P4_twelveProjectionState,IBIP-12,snapshot,RNA,day7,748,740,False,False,True,True,exactFrozenMaps,edd73c4556485fcf0acd73f26e6db2b6dd0bcc9f1700846b3529ffe20c27447d,,IBIP12_random_gene_history,748,279378,163,231975,740,8,8,139685,139689,0.999971364961,231967,231975,0.999965513525,-21068,3600483975,-5.85143556985e-06,1,1,1,25775,31042,0.83032665421,31042,25775,1.20434529583,False,False,4,187,0.0213903743316,1:732;2:8
Watermelon_PC9_osimertinib,Watermelon,pooled,F003:Watermelon_PC9_osimertinib:Watermelon:pooled:H037:pooled_distributional_fate,H037,pooled_distributional_fate,IBIP12:H037:D7:P5_twelveProjectionDistribution,IBIP-12,snapshot,RNA,day7,748,747,False,False,True,True,exactFrozenMaps,e15936a04a0d9d515b24dacadf1af184e1d45298cb60de5be4d4e909adb2829b,,IBIP12_random_gene_history,748,279378,163,231975,747,1,1,279377,279378,0.99999642062,231974,231975,0.999995689191,-5267,7200967950,-7.31429446232e-07,1,1,1,25775,31042,0.83032665421,31042,25775,1.20434529583,False,False,1,374,0.00267379679144,1:746;2:1
Watermelon_PC9_osimertinib,Watermelon,pooled,F003:Watermelon_PC9_osimertinib:Watermelon:pooled:H037:pooled_distributional_fate,H037,pooled_distributional_fate,IBIP12:H037:D7:identity_lineageBarcodeSet,IBIP-12,snapshot,RNA,day7,748,748,True,True,True,False,exactFrozenMaps,0dcfcbcdb60604d4a76368dcd7a4dc910074bb35454fd1cfc229b780c23e5f39,IBIP12:H037:D0:identity_lineageBarcodeSet,IBIP12_random_gene_history,748,279378,163,231975,748,0,0,1,1,1,1,1,1,0,1,0,,,undefinedInjective,25775,31042,0.83032665421,,,undefinedInjective,True,False,0,1,0,1:748
Watermelon_PC9_osimertinib,Watermelon,pooled,F003:Watermelon_PC9_osimertinib:Watermelon:pooled:H037:pooled_distributional_fate,H037,pooled_distributional_fate,IBIP12:H037:H0:P0_timeConstant,IBIP-12,history,RNA,H0,748,1,False,False,True,True,exactFrozenMaps,7f469c007cf03ee9020311243aed12096b69ee19882b1e9e66585f7767570a78,IBIP12:H037:D0:P0_timeConstant,IBIP12_random_gene_history,748,279378,163,231975,1,279378,231975,0,1,0,0,1,0,0,1,0,25775,31042,0.83032665421,25775,31042,0.83032665421,1,1,1,False,False,1,1,1,748:1
Watermelon_PC9_osimertinib,Watermelon,pooled,F003:Watermelon_PC9_osimertinib:Watermelon:pooled:H037:pooled_distributional_fate,H037,pooled_distributional_fate,IBIP12:H037:H0:P1_fourProjectionState,IBIP-12,history,RNA,H0,748,54,False,False,True,True,exactFrozenMaps,1ed65178bfeb9d6204539defb4fbe5a00647ff5fc2978e16fcddd4d4bffdae45,IBIP12:H037:D0:P1_fourProjectionState,IBIP12_random_gene_history,748,279378,163,231975,54,7716,6557,45277,46563,0.972381504628,225418,231975,0.971734023063,-2331247,3600483975,-0.000647481565308,6557,7716,0.849792638673,25775,31042,0.83032665421,101771197,99439950,1.02344376682,False,False,747,748,0.998663101604,1:1;2:1;3:1;4:1;5:5;6:4;7:6;9:7;10:1;11:1;12:1;13:1;14:3;15:4;16:4;19:1;20:2;22:1;23:1;24:2;25:1;32:1;34:1;35:1;37:1;57:1
Watermelon_PC9_osimertinib,Watermelon,pooled,F003:Watermelon_PC9_osimertinib:Watermelon:pooled:H037:pooled_distributional_fate,H037,pooled_distributional_fate,IBIP12:H037:H0:P2_eightProjectionState,IBIP-12,history,RNA,H0,748,597,False,False,True,True,exactFrozenMaps,b58117b7feb004563077904c4b1bf9081939d9a46e0c2c2696898814f7f021e3,IBIP12:H037:D0:P2_eightProjectionState,IBIP12_random_gene_history,748,279378,163,231975,597,214,183,139582,139689,0.9992340127,77264,77325,0.999211121888,-82418,3600483975,-2.28908115054e-05,183,214,0.855140186916,25775,31042,0.83032665421,2840343,2757925,1.02988406139,False,False,259,748,0.346256684492,1:489;2:79;3:20;4:5;5:3;6:1
Watermelon_PC9_osimertinib,Watermelon,pooled,F003:Watermelon_PC9_osimertinib:Watermelon:pooled:H037:pooled_distributional_fate,H037,pooled_distributional_fate,IBIP12:H037:H0:P3_sourceHighlightedPrograms,IBIP-12,history,RNA,H0,748,1,False,False,True,False,exactFrozenMaps,005b80a913bec89ca1e89e96184359b5e88c070be66cfb143d015267eb95862d,IBIP12:H037:D0:P3_sourceHighlightedPrograms,IBIP12_random_gene_history,748,279378,163,231975,1,279378,231975,0,1,0,0,1,0,0,1,0,25775,31042,0.83032665421,25775,31042,0.83032665421,1,1,1,False,False,1,1,1,748:1
Watermelon_PC9_osimertinib,Watermelon,pooled,F003:Watermelon_PC9_osimertinib:Watermelon:pooled:H037:pooled_distributional_fate,H037,pooled_distributional_fate,IBIP12:H037:H0:P4_twelveProjectionState,IBIP-12,history,RNA,H0,748,741,False,False,True,True,exactFrozenMaps,d8a3b99677a3f99a0a33e76430d81c648d39efed0572d36cc639b2a5e9c40a61,IBIP12:H037:D0:P4_twelveProjectionState,IBIP12_random_gene_history,748,279378,163,231975,741,7,4,279371,279378,0.999974944341,231971,231975,0.999982756763,56257,7200967950,7.81242193975e-06,4,7,0.571428571429,25775,31042,0.83032665421,124168,180425,0.688197311902,False,False,7,374,0.0187165775401,1:734;2:7
Watermelon_PC9_osimertinib,Watermelon,pooled,F003:Watermelon_PC9_osimertinib:Watermelon:pooled:H037:pooled_distributional_fate,H037,pooled_distributional_fate,IBIP12:H037:H0:P5_twelveProjectionDistribution,IBIP-12,history,RNA,H0,748,747,False,True,True,True,exactFrozenMaps,1fd9019b04a06b7c51a5594f316e10bb136d9f531202316269647bb644db1195,IBIP12:H037:D0:P5_twelveProjectionDistribution,IBIP12_random_gene_history,748,279378,163,231975,747,1,0,279377,279378,0.99999642062,1,1,1,1,279378,3.57937990822e-06,0,1,0,25775,31042,0.83032665421,0,1,0,True,True,1,374,0.00267379679144,1:746;2:1
Watermelon_PC9_osimertinib,Watermelon,pooled,F003:Watermelon_PC9_osimertinib:Watermelon:pooled:H037:pooled_distributional_fate,H037,pooled_distributional_fate,IBIP12:H037:H0:identity_lineageBarcodeSet,IBIP-12,history,RNA,H0,748,748,True,True,True,False,exactFrozenMaps,0dcfcbcdb60604d4a76368dcd7a4dc910074bb35454fd1cfc229b780c23e5f39,IBIP12:H037:D0:identity_lineageBarcodeSet,IBIP12_random_gene_history,748,279378,163,231975,748,0,0,1,1,1,1,1,1,0,1,0,,,undefinedInjective,25775,31042,0.83032665421,,,undefinedInjective,True,False,0,1,0,1:748
Watermelon_PC9_osimertinib,Watermelon,pooled,F003:Watermelon_PC9_osimertinib:Watermelon:pooled:H037:pooled_distributional_fate,H037,pooled_distributional_fate,IBIP12:H037:H0_3:P0_timeConstant,IBIP-12,history,RNA,H0_3,748,1,False,False,True,True,exactFrozenMaps,7921c2c44a9ca59dcdc0e34cf016c748f1e64fa47ef55a76662a06c3789758bd,,IBIP12_random_gene_history,748,279378,163,231975,1,279378,231975,0,1,0,0,1,0,0,1,0,25775,31042,0.83032665421,25775,31042,0.83032665421,1,1,1,False,False,1,1,1,748:1
Watermelon_PC9_osimertinib,Watermelon,pooled,F003:Watermelon_PC9_osimertinib:Watermelon:pooled:H037:pooled_distributional_fate,H037,pooled_distributional_fate,IBIP12:H037:H0_3:P1_fourProjectionState,IBIP-12,history,RNA,H0_3,748,568,False,False,True,True,exactFrozenMaps,900cce53b4bccd91c98c1501fea14c7ef7a5c3f066b65d1f4581ac353a183345,,IBIP12_random_gene_history,748,279378,163,231975,568,304,266,139537,139689,0.998911868508,231709,231975,0.998853324712,-70262,1200161325,-5.85437961851e-05,7,8,0.875,25775,31042,0.83032665421,108647,103100,1.05380213385,False,False,149,374,0.398395721925,1:450;2:82;3:26;4:4;5:2;6:1;7:1;8:1;9:1
Watermelon_PC9_osimertinib,Watermelon,pooled,F003:Watermelon_PC9_osimertinib:Watermelon:pooled:H037:pooled_distributional_fate,H037,pooled_distributional_fate,IBIP12:H037:H0_3:P2_eightProjectionState,IBIP-12,history,RNA,H0_3,748,748,True,True,True,True,exactFrozenMaps,dcade53e2446c75d5656bde698e06439410e34ef2f90b884783f0f32c48e7436,,IBIP12_random_gene_history,748,279378,163,231975,748,0,0,1,1,1,1,1,1,0,1,0,,,undefinedInjective,25775,31042,0.83032665421,,,undefinedInjective,True,False,0,1,0,1:748
Watermelon_PC9_osimertinib,Watermelon,pooled,F003:Watermelon_PC9_osimertinib:Watermelon:pooled:H037:pooled_distributional_fate,H037,pooled_distributional_fate,IBIP12:H037:H0_3:P3_sourceHighlightedPrograms,IBIP-12,history,RNA,H0_3,748,1,False,False,True,False,exactFrozenMaps,2549984ed3a50594b590bde0ed10c09b2e8608fb2ff86d8d31d280280b9ea9fe,,IBIP12_random_gene_history,748,279378,163,231975,1,279378,231975,0,1,0,0,1,0,0,1,0,25775,31042,0.83032665421,25775,31042,0.83032665421,1,1,1,False,False,1,1,1,748:1
Watermelon_PC9_osimertinib,Watermelon,pooled,F003:Watermelon_PC9_osimertinib:Watermelon:pooled:H037:pooled_distributional_fate,H037,pooled_distributional_fate,IBIP12:H037:H0_3:P4_twelveProjectionState,IBIP-12,history,RNA,H0_3,748,748,True,True,True,True,exactFrozenMaps,623ffa23bd548ed16c46d4daf8ecd43bac8bfaf9d9ebc912be008740f68b70c7,,IBIP12_random_gene_history,748,279378,163,231975,748,0,0,1,1,1,1,1,1,0,1,0,,,undefinedInjective,25775,31042,0.83032665421,,,undefinedInjective,True,False,0,1,0,1:748
Watermelon_PC9_osimertinib,Watermelon,pooled,F003:Watermelon_PC9_osimertinib:Watermelon:pooled:H037:pooled_distributional_fate,H037,pooled_distributional_fate,IBIP12:H037:H0_3:P5_twelveProjectionDistribution,IBIP-12,history,RNA,H0_3,748,748,True,True,True,True,exactFrozenMaps,4cd0af0abb65d0dc6974d42e0a72357db7fad06b71fd84cb622f9b08228e5d00,,IBIP12_random_gene_history,748,279378,163,231975,748,0,0,1,1,1,1,1,1,0,1,0,,,undefinedInjective,25775,31042,0.83032665421,,,undefinedInjective,True,False,0,1,0,1:748
Watermelon_PC9_osimertinib,Watermelon,pooled,F003:Watermelon_PC9_osimertinib:Watermelon:pooled:H037:pooled_distributional_fate,H037,pooled_distributional_fate,IBIP12:H037:H0_3:identity_lineageBarcodeSet,IBIP-12,history,RNA,H0_3,748,748,True,True,True,False,exactFrozenMaps,d2c86a49d8e2eea556b79c92bbd1ecc34cb2cd11fcff2cf753806ab1f9ec1027,,IBIP12_random_gene_history,748,279378,163,231975,748,0,0,1,1,1,1,1,1,0,1,0,,,undefinedInjective,25775,31042,0.83032665421,,,undefinedInjective,True,False,0,1,0,1:748
Watermelon_PC9_osimertinib,Watermelon,pooled,F003:Watermelon_PC9_osimertinib:Watermelon:pooled:H037:pooled_distributional_fate,H037,pooled_distributional_fate,IBIP12:H037:H0_3_7:P0_timeConstant,IBIP-12,history,RNA,H0_3_7,748,1,False,False,True,True,exactFrozenMaps,5b052ddc915ae5bc6c7d0300fb2f76c409bda20ac503dcb61b3021853f05c814,,IBIP12_random_gene_history,748,279378,163,231975,1,279378,231975,0,1,0,0,1,0,0,1,0,25775,31042,0.83032665421,25775,31042,0.83032665421,1,1,1,False,False,1,1,1,748:1
Watermelon_PC9_osimertinib,Watermelon,pooled,F003:Watermelon_PC9_osimertinib:Watermelon:pooled:H037:pooled_distributional_fate,H037,pooled_distributional_fate,IBIP12:H037:H0_3_7:P1_fourProjectionState,IBIP-12,history,RNA,H0_3_7,748,736,False,False,True,True,exactFrozenMaps,dc2b707ba9688c55b084bd5c7abf220f1f0bce033c653ec27643cb172cb40ba5,,IBIP12_random_gene_history,748,279378,163,231975,736,16,15,139681,139689,0.999942729921,15464,15465,0.99993533786,-5323,720096795,-7.39206178525e-06,15,16,0.9375,25775,31042,0.83032665421,46563,41240,1.12907371484,False,False,5,187,0.0267379679144,1:728;2:4;3:4
Watermelon_PC9_osimertinib,Watermelon,pooled,F003:Watermelon_PC9_osimertinib:Watermelon:pooled:H037:pooled_distributional_fate,H037,pooled_distributional_fate,IBIP12:H037:H0_3_7:P2_eightProjectionState,IBIP-12,history,RNA,H0_3_7,748,748,True,True,True,True,exactFrozenMaps,49c89843646a04af2649a703d35af2c5f40d5388645fb015a0c1355950ad2f46,,IBIP12_random_gene_history,748,279378,163,231975,748,0,0,1,1,1,1,1,1,0,1,0,,,undefinedInjective,25775,31042,0.83032665421,,,undefinedInjective,True,False,0,1,0,1:748
Watermelon_PC9_osimertinib,Watermelon,pooled,F003:Watermelon_PC9_osimertinib:Watermelon:pooled:H037:pooled_distributional_fate,H037,pooled_distributional_fate,IBIP12:H037:H0_3_7:P3_sourceHighlightedPrograms,IBIP-12,history,RNA,H0_3_7,748,1,False,False,True,False,exactFrozenMaps,0786ca42c4ad815f420b8569567147345f8a38820027a5cadb5ce15f3e81ceef,,IBIP12_random_gene_history,748,279378,163,231975,1,279378,231975,0,1,0,0,1,0,0,1,0,25775,31042,0.83032665421,25775,31042,0.83032665421,1,1,1,False,False,1,1,1,748:1
Watermelon_PC9_osimertinib,Watermelon,pooled,F003:Watermelon_PC9_osimertinib:Watermelon:pooled:H037:pooled_distributional_fate,H037,pooled_distributional_fate,IBIP12:H037:H0_3_7:P4_twelveProjectionState,IBIP-12,history,RNA,H0_3_7,748,748,True,True,True,True,exactFrozenMaps,72662384af0aa085c0cafac9ac53df3110b35ecb070cbe3c8a23f5ec002b385d,,IBIP12_random_gene_history,748,279378,163,231975,748,0,0,1,1,1,1,1,1,0,1,0,,,undefinedInjective,25775,31042,0.83032665421,,,undefinedInjective,True,False,0,1,0,1:748
Watermelon_PC9_osimertinib,Watermelon,pooled,F003:Watermelon_PC9_osimertinib:Watermelon:pooled:H037:pooled_distributional_fate,H037,pooled_distributional_fate,IBIP12:H037:H0_3_7:P5_twelveProjectionDistribution,IBIP-12,history,RNA,H0_3_7,748,748,True,True,True,True,exactFrozenMaps,18368ace84c4257b47042325208d0140333539e290645fd312a74710384a37d0,,IBIP12_random_gene_history,748,279378,163,231975,748,0,0,1,1,1,1,1,1,0,1,0,,,undefinedInjective,25775,31042,0.83032665421,,,undefinedInjective,True,False,0,1,0,1:748
Watermelon_PC9_osimertinib,Watermelon,pooled,F003:Watermelon_PC9_osimertinib:Watermelon:pooled:H037:pooled_distributional_fate,H037,pooled_distributional_fate,IBIP12:H037:H0_3_7:identity_lineageBarcodeSet,IBIP-12,history,RNA,H0_3_7,748,748,True,True,True,False,exactFrozenMaps,0b75238773c2ae21020b779328edff78542a45fb6eff9de3e12486fcb89db846,,IBIP12_random_gene_history,748,279378,163,231975,748,0,0,1,1,1,1,1,1,0,1,0,,,undefinedInjective,25775,31042,0.83032665421,,,undefinedInjective,True,False,0,1,0,1:748
Watermelon_PC9_osimertinib,Watermelon,pairedReplicate,F004:Watermelon_PC9_osimertinib:Watermelon:pairedReplicate:H03_replicate:replicate_invariant_fate,H03_replicate,replicate_invariant_fate,IBIP14:H03:P2_eightProjectionState,IBIP-14,history,RNA,H0_3,737,737,True,True,True,True,exactFrozenMaps,5616eb31d9e2ff107f3978469759286feb95d53404ec695a052030a687c00cb6,,IBIP14_history_controls,737,271216,27,19520,737,0,0,1,1,1,1,1,1,0,1,0,,,undefinedInjective,1220,16951,0.0719721550351,,,undefinedInjective,True,False,0,1,0,1:737
Watermelon_PC9_osimertinib,Watermelon,pairedReplicate,F004:Watermelon_PC9_osimertinib:Watermelon:pairedReplicate:H03_replicate:replicate_invariant_fate,H03_replicate,replicate_invariant_fate,IBIP14:H03:P4_twelveProjectionState,IBIP-14,history,RNA,H0_3,737,737,True,True,True,True,exactFrozenMaps,0ad7a746b56b3299fa1c2640ff827d771ceeb21090e252bf6c4e0d31416d6f42,,IBIP14_history_controls,737,271216,27,19520,737,0,0,1,1,1,1,1,1,0,1,0,,,undefinedInjective,1220,16951,0.0719721550351,,,undefinedInjective,True,False,0,1,0,1:737
Watermelon_PC9_osimertinib,Watermelon,pairedReplicate,F004:Watermelon_PC9_osimertinib:Watermelon:pairedReplicate:H03_replicate:replicate_invariant_fate,H03_replicate,replicate_invariant_fate,IBIP14:H03:P5_twelveProjectionDistribution,IBIP-14,history,RNA,H0_3,737,737,True,True,True,True,exactFrozenMaps,8b13d8d8b99d637a0966b70277639520248a08eacec75eb4f5d75ee442723225,,IBIP14_history_controls,737,271216,27,19520,737,0,0,1,1,1,1,1,1,0,1,0,,,undefinedInjective,1220,16951,0.0719721550351,,,undefinedInjective,True,False,0,1,0,1:737
Watermelon_PC9_osimertinib,Watermelon,pairedReplicate,F005:Watermelon_PC9_osimertinib:Watermelon:pairedReplicate:H037_replicate:replicate_invariant_fate,H037_replicate,replicate_invariant_fate,IBIP14:H037:P2_eightProjectionState,IBIP-14,history,RNA,H0_3_7,540,540,True,True,True,True,exactFrozenMaps,bbbc6cd9ae4b8c5631118186611b9678e46a8755443a649aa6234533876669c3,,IBIP14_history_controls,540,145530,26,13688,540,0,0,1,1,1,1,1,1,0,1,0,,,undefinedInjective,6844,72765,0.0940562083419,,,undefinedInjective,True,False,0,1,0,1:540
Watermelon_PC9_osimertinib,Watermelon,pairedReplicate,F005:Watermelon_PC9_osimertinib:Watermelon:pairedReplicate:H037_replicate:replicate_invariant_fate,H037_replicate,replicate_invariant_fate,IBIP14:H037:P4_twelveProjectionState,IBIP-14,history,RNA,H0_3_7,540,540,True,True,True,True,exactFrozenMaps,0c003699a86a80262194d763b48abc2cec89e132d91f104f54220d84c7460ecf,,IBIP14_history_controls,540,145530,26,13688,540,0,0,1,1,1,1,1,1,0,1,0,,,undefinedInjective,6844,72765,0.0940562083419,,,undefinedInjective,True,False,0,1,0,1:540
Watermelon_PC9_osimertinib,Watermelon,pairedReplicate,F005:Watermelon_PC9_osimertinib:Watermelon:pairedReplicate:H037_replicate:replicate_invariant_fate,H037_replicate,replicate_invariant_fate,IBIP14:H037:P5_twelveProjectionDistribution,IBIP-14,history,RNA,H0_3_7,540,540,True,True,True,True,exactFrozenMaps,8304412dd6f6154ef3112f342086bfb5972779568c1bb1c906400fa4a1c85807,,IBIP14_history_controls,540,145530,26,13688,540,0,0,1,1,1,1,1,1,0,1,0,,,undefinedInjective,6844,72765,0.0940562083419,,,undefinedInjective,True,False,0,1,0,1:540
Watermelon_PC9_osimertinib,Watermelon,pairedReplicate,F006:Watermelon_PC9_osimertinib:Watermelon:pairedReplicate:H03_stable_k1:persistent_component_k1,H03_stable_k1,persistent_component_k1,IBIP15:H03:k1:P2_eightProjectionState,IBIP-15,persistentHistory,RNA,H0_3,737,737,True,True,True,True,exactFrozenMaps,5616eb31d9e2ff107f3978469759286feb95d53404ec695a052030a687c00cb6,,IBIP15_history_random_bank,737,271216,27,19520,737,0,0,1,1,1,1,1,1,0,1,0,,,undefinedInjective,1220,16951,0.0719721550351,,,undefinedInjective,True,False,0,1,0,1:737
Watermelon_PC9_osimertinib,Watermelon,pairedReplicate,F006:Watermelon_PC9_osimertinib:Watermelon:pairedReplicate:H03_stable_k1:persistent_component_k1,H03_stable_k1,persistent_component_k1,IBIP15:H03:k1:P4_twelveProjectionState,IBIP-15,persistentHistory,RNA,H0_3,737,737,True,True,True,True,exactFrozenMaps,0ad7a746b56b3299fa1c2640ff827d771ceeb21090e252bf6c4e0d31416d6f42,,IBIP15_history_random_bank,737,271216,27,19520,737,0,0,1,1,1,1,1,1,0,1,0,,,undefinedInjective,1220,16951,0.0719721550351,,,undefinedInjective,True,False,0,1,0,1:737
Watermelon_PC9_osimertinib,Watermelon,pairedReplicate,F006:Watermelon_PC9_osimertinib:Watermelon:pairedReplicate:H03_stable_k1:persistent_component_k1,H03_stable_k1,persistent_component_k1,IBIP15:H03:k1:P5_twelveProjectionDistribution,IBIP-15,persistentHistory,RNA,H0_3,737,737,True,True,True,True,exactFrozenMaps,8b13d8d8b99d637a0966b70277639520248a08eacec75eb4f5d75ee442723225,,IBIP15_history_random_bank,737,271216,27,19520,737,0,0,1,1,1,1,1,1,0,1,0,,,undefinedInjective,1220,16951,0.0719721550351,,,undefinedInjective,True,False,0,1,0,1:737
Watermelon_PC9_osimertinib,Watermelon,pairedReplicate,F007:Watermelon_PC9_osimertinib:Watermelon:pairedReplicate:H03_stable_k15:persistent_component_k15,H03_stable_k15,persistent_component_k15,IBIP15:H03:k15:P2_eightProjectionState,IBIP-15,persistentHistory,RNA,H0_3,468,468,True,True,True,True,exactFrozenMaps,90e917a98547866b648626010aea87be824033d48f17fc14bac776647419ee96,,IBIP15_history_random_bank,468,109278,3,933,468,0,0,1,1,1,1,1,1,0,1,0,,,undefinedInjective,311,36426,0.00853785757426,,,undefinedInjective,True,False,0,1,0,1:468
Watermelon_PC9_osimertinib,Watermelon,pairedReplicate,F007:Watermelon_PC9_osimertinib:Watermelon:pairedReplicate:H03_stable_k15:persistent_component_k15,H03_stable_k15,persistent_component_k15,IBIP15:H03:k15:P4_twelveProjectionState,IBIP-15,persistentHistory,RNA,H0_3,468,468,True,True,True,True,exactFrozenMaps,cbb0fb0f2e6c46f5db446c0f20a2c1fc2d8cc24fd757aa0cda2eebbbb5fa1183,,IBIP15_history_random_bank,468,109278,3,933,468,0,0,1,1,1,1,1,1,0,1,0,,,undefinedInjective,311,36426,0.00853785757426,,,undefinedInjective,True,False,0,1,0,1:468
Watermelon_PC9_osimertinib,Watermelon,pairedReplicate,F007:Watermelon_PC9_osimertinib:Watermelon:pairedReplicate:H03_stable_k15:persistent_component_k15,H03_stable_k15,persistent_component_k15,IBIP15:H03:k15:P5_twelveProjectionDistribution,IBIP-15,persistentHistory,RNA,H0_3,468,468,True,True,True,True,exactFrozenMaps,e2a5fa9f8690d88e871fbcc83a734383e967029eb360f18d7401d49845ed3b8a,,IBIP15_history_random_bank,468,109278,3,933,468,0,0,1,1,1,1,1,1,0,1,0,,,undefinedInjective,311,36426,0.00853785757426,,,undefinedInjective,True,False,0,1,0,1:468
Watermelon_PC9_osimertinib,Watermelon,pairedReplicate,F008:Watermelon_PC9_osimertinib:Watermelon:pairedReplicate:H03_stable_k17:persistent_component_k17,H03_stable_k17,persistent_component_k17,IBIP15:H03:k17:P2_eightProjectionState,IBIP-15,persistentHistory,RNA,H0_3,458,458,True,True,True,True,exactFrozenMaps,834fb233176fdab0a4e05ab5e07582218af2946169a5a40000e61dff29afcae2,,IBIP15_history_random_bank,458,104653,3,913,458,0,0,1,1,1,1,1,1,0,1,0,,,undefinedInjective,913,104653,0.00872406906634,,,undefinedInjective,True,False,0,1,0,1:458
Watermelon_PC9_osimertinib,Watermelon,pairedReplicate,F008:Watermelon_PC9_osimertinib:Watermelon:pairedReplicate:H03_stable_k17:persistent_component_k17,H03_stable_k17,persistent_component_k17,IBIP15:H03:k17:P4_twelveProjectionState,IBIP-15,persistentHistory,RNA,H0_3,458,458,True,True,True,True,exactFrozenMaps,6db08460c279404e77af8e5545b58ce006ed98fbde9e00395a2da72b8e7b0bdd,,IBIP15_history_random_bank,458,104653,3,913,458,0,0,1,1,1,1,1,1,0,1,0,,,undefinedInjective,913,104653,0.00872406906634,,,undefinedInjective,True,False,0,1,0,1:458
Watermelon_PC9_osimertinib,Watermelon,pairedReplicate,F008:Watermelon_PC9_osimertinib:Watermelon:pairedReplicate:H03_stable_k17:persistent_component_k17,H03_stable_k17,persistent_component_k17,IBIP15:H03:k17:P5_twelveProjectionDistribution,IBIP-15,persistentHistory,RNA,H0_3,458,458,True,True,True,True,exactFrozenMaps,2656de750f82ddf9efd41f9eed295e1efd98a8fcbaa6d48e1120aaa702b2142b,,IBIP15_history_random_bank,458,104653,3,913,458,0,0,1,1,1,1,1,1,0,1,0,,,undefinedInjective,913,104653,0.00872406906634,,,undefinedInjective,True,False,0,1,0,1:458
Watermelon_PC9_osimertinib,Watermelon,pairedReplicate,F009:Watermelon_PC9_osimertinib:Watermelon:pairedReplicate:H03_stable_k36:persistent_component_k36,H03_stable_k36,persistent_component_k36,IBIP15:H03:k36:P2_eightProjectionState,IBIP-15,persistentHistory,RNA,H0_3,428,428,True,True,True,True,exactFrozenMaps,0a0b0c7677f6826b3b620cf127b68fb91c9c12ca457bf9c2e110079d509b2c1b,,IBIP15_history_random_bank,428,91378,4,1278,428,0,0,1,1,1,1,1,1,0,1,0,,,undefinedInjective,639,45689,0.0139858609293,,,undefinedInjective,True,False,0,1,0,1:428
Watermelon_PC9_osimertinib,Watermelon,pairedReplicate,F009:Watermelon_PC9_osimertinib:Watermelon:pairedReplicate:H03_stable_k36:persistent_component_k36,H03_stable_k36,persistent_component_k36,IBIP15:H03:k36:P4_twelveProjectionState,IBIP-15,persistentHistory,RNA,H0_3,428,428,True,True,True,True,exactFrozenMaps,8b9cf8b98aadbe831acce8fa5e73f928f7eae1bdc82c54a01d6a2fa03cce81b0,,IBIP15_history_random_bank,428,91378,4,1278,428,0,0,1,1,1,1,1,1,0,1,0,,,undefinedInjective,639,45689,0.0139858609293,,,undefinedInjective,True,False,0,1,0,1:428
Watermelon_PC9_osimertinib,Watermelon,pairedReplicate,F009:Watermelon_PC9_osimertinib:Watermelon:pairedReplicate:H03_stable_k36:persistent_component_k36,H03_stable_k36,persistent_component_k36,IBIP15:H03:k36:P5_twelveProjectionDistribution,IBIP-15,persistentHistory,RNA,H0_3,428,428,True,True,True,True,exactFrozenMaps,4a5b2cb544cd58785a9e642479fa67c3850ff595c30e5fee1e5ac391e6d86eee,,IBIP15_history_random_bank,428,91378,4,1278,428,0,0,1,1,1,1,1,1,0,1,0,,,undefinedInjective,639,45689,0.0139858609293,,,undefinedInjective,True,False,0,1,0,1:428
Watermelon_PC9_osimertinib,Watermelon,pairedReplicate,F010:Watermelon_PC9_osimertinib:Watermelon:pairedReplicate:H03_stable_k38:persistent_component_k38,H03_stable_k38,persistent_component_k38,IBIP15:H03:k38:P2_eightProjectionState,IBIP-15,persistentHistory,RNA,H0_3,404,404,True,True,True,True,exactFrozenMaps,010ca5b3a7f983581c40eb6289b9f380813b17c600465242f12aeda661e03adb,,IBIP15_history_random_bank,404,81406,5,2004,404,0,0,1,1,1,1,1,1,0,1,0,,,undefinedInjective,1002,40703,0.0246173500725,,,undefinedInjective,True,False,0,1,0,1:404
Watermelon_PC9_osimertinib,Watermelon,pairedReplicate,F010:Watermelon_PC9_osimertinib:Watermelon:pairedReplicate:H03_stable_k38:persistent_component_k38,H03_stable_k38,persistent_component_k38,IBIP15:H03:k38:P4_twelveProjectionState,IBIP-15,persistentHistory,RNA,H0_3,404,404,True,True,True,True,exactFrozenMaps,dc1e97160e79a5a679b50f5e091187876c7e54f6689413dedf6cfb25005bb187,,IBIP15_history_random_bank,404,81406,5,2004,404,0,0,1,1,1,1,1,1,0,1,0,,,undefinedInjective,1002,40703,0.0246173500725,,,undefinedInjective,True,False,0,1,0,1:404
Watermelon_PC9_osimertinib,Watermelon,pairedReplicate,F010:Watermelon_PC9_osimertinib:Watermelon:pairedReplicate:H03_stable_k38:persistent_component_k38,H03_stable_k38,persistent_component_k38,IBIP15:H03:k38:P5_twelveProjectionDistribution,IBIP-15,persistentHistory,RNA,H0_3,404,404,True,True,True,True,exactFrozenMaps,605dcef6ad3a0e388d7562eeafb8fb91f404b89935fbaf2493bc55cfee0cbbf8,,IBIP15_history_random_bank,404,81406,5,2004,404,0,0,1,1,1,1,1,1,0,1,0,,,undefinedInjective,1002,40703,0.0246173500725,,,undefinedInjective,True,False,0,1,0,1:404
Watermelon_PC9_osimertinib,Watermelon,pairedReplicate,F011:Watermelon_PC9_osimertinib:Watermelon:pairedReplicate:H03_stable_k62:persistent_component_k62,H03_stable_k62,persistent_component_k62,IBIP15:H03:k62:P2_eightProjectionState,IBIP-15,persistentHistory,RNA,H0_3,363,363,True,True,True,True,exactFrozenMaps,49056d68fe5c2289b7c144f77dc38c8001143a7a87ebeb7c13e7f9e5a50b015c,,IBIP15_history_random_bank,363,65703,6,2864,363,0,0,1,1,1,1,1,1,0,1,0,,,undefinedInjective,2864,65703,0.0435900948206,,,undefinedInjective,True,False,0,1,0,1:363
Watermelon_PC9_osimertinib,Watermelon,pairedReplicate,F011:Watermelon_PC9_osimertinib:Watermelon:pairedReplicate:H03_stable_k62:persistent_component_k62,H03_stable_k62,persistent_component_k62,IBIP15:H03:k62:P4_twelveProjectionState,IBIP-15,persistentHistory,RNA,H0_3,363,363,True,True,True,True,exactFrozenMaps,66ff0a78a36ac0cacc6a155cf075e94a8864eae579c947ed4848a639616e086d,,IBIP15_history_random_bank,363,65703,6,2864,363,0,0,1,1,1,1,1,1,0,1,0,,,undefinedInjective,2864,65703,0.0435900948206,,,undefinedInjective,True,False,0,1,0,1:363
Watermelon_PC9_osimertinib,Watermelon,pairedReplicate,F011:Watermelon_PC9_osimertinib:Watermelon:pairedReplicate:H03_stable_k62:persistent_component_k62,H03_stable_k62,persistent_component_k62,IBIP15:H03:k62:P5_twelveProjectionDistribution,IBIP-15,persistentHistory,RNA,H0_3,363,363,True,True,True,True,exactFrozenMaps,19650e90abc06e8f8030c03e0c4a6a5d0c41d3c22153aac3e409b468d93ca94e,,IBIP15_history_random_bank,363,65703,6,2864,363,0,0,1,1,1,1,1,1,0,1,0,,,undefinedInjective,2864,65703,0.0435900948206,,,undefinedInjective,True,False,0,1,0,1:363
Watermelon_PC9_osimertinib,Watermelon,pairedReplicate,F012:Watermelon_PC9_osimertinib:Watermelon:pairedReplicate:H03_stable_k111:persistent_component_k111,H03_stable_k111,persistent_component_k111,IBIP15:H03:k111:P2_eightProjectionState,IBIP-15,persistentHistory,RNA,H0_3,322,322,True,True,True,True,exactFrozenMaps,e7b66981c3ba77c93b2e36632bb14370d05651d9a675b3f53cb0a629c0382441,,IBIP15_history_random_bank,322,51681,7,18536,322,0,0,1,1,1,1,1,1,0,1,0,,,undefinedInjective,2648,7383,0.3586617906,,,undefinedInjective,True,False,0,1,0,1:322
Watermelon_PC9_osimertinib,Watermelon,pairedReplicate,F012:Watermelon_PC9_osimertinib:Watermelon:pairedReplicate:H03_stable_k111:persistent_component_k111,H03_stable_k111,persistent_component_k111,IBIP15:H03:k111:P4_twelveProjectionState,IBIP-15,persistentHistory,RNA,H0_3,322,322,True,True,True,True,exactFrozenMaps,17883ee7eac016353a68e01788c629728b4dadebffe2ef85e3f0b73e1bba13ff,,IBIP15_history_random_bank,322,51681,7,18536,322,0,0,1,1,1,1,1,1,0,1,0,,,undefinedInjective,2648,7383,0.3586617906,,,undefinedInjective,True,False,0,1,0,1:322
Watermelon_PC9_osimertinib,Watermelon,pairedReplicate,F012:Watermelon_PC9_osimertinib:Watermelon:pairedReplicate:H03_stable_k111:persistent_component_k111,H03_stable_k111,persistent_component_k111,IBIP15:H03:k111:P5_twelveProjectionDistribution,IBIP-15,persistentHistory,RNA,H0_3,322,322,True,True,True,True,exactFrozenMaps,76d0a372d397692d280ba9371a4fc742c488b8ad81df4b715b185d7c94d5579b,,IBIP15_history_random_bank,322,51681,7,18536,322,0,0,1,1,1,1,1,1,0,1,0,,,undefinedInjective,2648,7383,0.3586617906,,,undefinedInjective,True,False,0,1,0,1:322
Watermelon_PC9_osimertinib,Watermelon,pairedReplicate,F013:Watermelon_PC9_osimertinib:Watermelon:pairedReplicate:H037_stable_k1:persistent_component_k1,H037_stable_k1,persistent_component_k1,IBIP15:H037:k1:P2_eightProjectionState,IBIP-15,persistentHistory,RNA,H0_3_7,540,540,True,True,True,True,exactFrozenMaps,bbbc6cd9ae4b8c5631118186611b9678e46a8755443a649aa6234533876669c3,,IBIP15_history_random_bank,540,145530,26,13688,540,0,0,1,1,1,1,1,1,0,1,0,,,undefinedInjective,6844,72765,0.0940562083419,,,undefinedInjective,True,False,0,1,0,1:540
Watermelon_PC9_osimertinib,Watermelon,pairedReplicate,F013:Watermelon_PC9_osimertinib:Watermelon:pairedReplicate:H037_stable_k1:persistent_component_k1,H037_stable_k1,persistent_component_k1,IBIP15:H037:k1:P4_twelveProjectionState,IBIP-15,persistentHistory,RNA,H0_3_7,540,540,True,True,True,True,exactFrozenMaps,0c003699a86a80262194d763b48abc2cec89e132d91f104f54220d84c7460ecf,,IBIP15_history_random_bank,540,145530,26,13688,540,0,0,1,1,1,1,1,1,0,1,0,,,undefinedInjective,6844,72765,0.0940562083419,,,undefinedInjective,True,False,0,1,0,1:540
Watermelon_PC9_osimertinib,Watermelon,pairedReplicate,F013:Watermelon_PC9_osimertinib:Watermelon:pairedReplicate:H037_stable_k1:persistent_component_k1,H037_stable_k1,persistent_component_k1,IBIP15:H037:k1:P5_twelveProjectionDistribution,IBIP-15,persistentHistory,RNA,H0_3_7,540,540,True,True,True,True,exactFrozenMaps,8304412dd6f6154ef3112f342086bfb5972779568c1bb1c906400fa4a1c85807,,IBIP15_history_random_bank,540,145530,26,13688,540,0,0,1,1,1,1,1,1,0,1,0,,,undefinedInjective,6844,72765,0.0940562083419,,,undefinedInjective,True,False,0,1,0,1:540
Watermelon_PC9_osimertinib,Watermelon,pairedReplicate,F014:Watermelon_PC9_osimertinib:Watermelon:pairedReplicate:H037_stable_k15:persistent_component_k15,H037_stable_k15,persistent_component_k15,IBIP15:H037:k15:P2_eightProjectionState,IBIP-15,persistentHistory,RNA,H0_3_7,314,314,True,True,True,True,exactFrozenMaps,0ab745cc0a5965082edfc818e4c8dc0967248724edc27513613cf11dd86df96a,,IBIP15_history_random_bank,314,49141,3,625,314,0,0,1,1,1,1,1,1,0,1,0,,,undefinedInjective,625,49141,0.0127185038969,,,undefinedInjective,True,False,0,1,0,1:314
Watermelon_PC9_osimertinib,Watermelon,pairedReplicate,F014:Watermelon_PC9_osimertinib:Watermelon:pairedReplicate:H037_stable_k15:persistent_component_k15,H037_stable_k15,persistent_component_k15,IBIP15:H037:k15:P4_twelveProjectionState,IBIP-15,persistentHistory,RNA,H0_3_7,314,314,True,True,True,True,exactFrozenMaps,53e785c2f60d40abe7d906a6394a94476438c35b4a0b0656becb09c9f1d6bc55,,IBIP15_history_random_bank,314,49141,3,625,314,0,0,1,1,1,1,1,1,0,1,0,,,undefinedInjective,625,49141,0.0127185038969,,,undefinedInjective,True,False,0,1,0,1:314
Watermelon_PC9_osimertinib,Watermelon,pairedReplicate,F014:Watermelon_PC9_osimertinib:Watermelon:pairedReplicate:H037_stable_k15:persistent_component_k15,H037_stable_k15,persistent_component_k15,IBIP15:H037:k15:P5_twelveProjectionDistribution,IBIP-15,persistentHistory,RNA,H0_3_7,314,314,True,True,True,True,exactFrozenMaps,19ac1a1004aabeb7353ac51501993f048c98b64f5a2897d0e4b8d7724cad53d1,,IBIP15_history_random_bank,314,49141,3,625,314,0,0,1,1,1,1,1,1,0,1,0,,,undefinedInjective,625,49141,0.0127185038969,,,undefinedInjective,True,False,0,1,0,1:314
Watermelon_PC9_osimertinib,Watermelon,pairedReplicate,F015:Watermelon_PC9_osimertinib:Watermelon:pairedReplicate:H037_stable_k17:persistent_component_k17,H037_stable_k17,persistent_component_k17,IBIP15:H037:k17:P2_eightProjectionState,IBIP-15,persistentHistory,RNA,H0_3_7,307,307,True,True,True,True,exactFrozenMaps,3e27291222812e8091b64435aae2a39afef2fa012c590e12a0f7a0593f3b228c,,IBIP15_history_random_bank,307,46971,3,611,307,0,0,1,1,1,1,1,1,0,1,0,,,undefinedInjective,611,46971,0.0130080262289,,,undefinedInjective,True,False,0,1,0,1:307
Watermelon_PC9_osimertinib,Watermelon,pairedReplicate,F015:Watermelon_PC9_osimertinib:Watermelon:pairedReplicate:H037_stable_k17:persistent_component_k17,H037_stable_k17,persistent_component_k17,IBIP15:H037:k17:P4_twelveProjectionState,IBIP-15,persistentHistory,RNA,H0_3_7,307,307,True,True,True,True,exactFrozenMaps,43d71839890027e157e3f4d367897d0fba399e6612e04695248c137f797c4165,,IBIP15_history_random_bank,307,46971,3,611,307,0,0,1,1,1,1,1,1,0,1,0,,,undefinedInjective,611,46971,0.0130080262289,,,undefinedInjective,True,False,0,1,0,1:307
Watermelon_PC9_osimertinib,Watermelon,pairedReplicate,F015:Watermelon_PC9_osimertinib:Watermelon:pairedReplicate:H037_stable_k17:persistent_component_k17,H037_stable_k17,persistent_component_k17,IBIP15:H037:k17:P5_twelveProjectionDistribution,IBIP-15,persistentHistory,RNA,H0_3_7,307,307,True,True,True,True,exactFrozenMaps,ba1a9bb13d324426d58b73270fad6f33c103ce59c62931f2611f3271ffad9064,,IBIP15_history_random_bank,307,46971,3,611,307,0,0,1,1,1,1,1,1,0,1,0,,,undefinedInjective,611,46971,0.0130080262289,,,undefinedInjective,True,False,0,1,0,1:307
Watermelon_PC9_osimertinib,Watermelon,pairedReplicate,F016:Watermelon_PC9_osimertinib:Watermelon:pairedReplicate:H037_stable_k36:persistent_component_k36,H037_stable_k36,persistent_component_k36,IBIP15:H037:k36:P2_eightProjectionState,IBIP-15,persistentHistory,RNA,H0_3_7,290,290,True,True,True,True,exactFrozenMaps,b4ab925503f0f164b4a581db0b256d3b1879f699c8a1335d691178b032373f00,,IBIP15_history_random_bank,290,41905,3,577,290,0,0,1,1,1,1,1,1,0,1,0,,,undefinedInjective,577,41905,0.0137692399475,,,undefinedInjective,True,False,0,1,0,1:290
Watermelon_PC9_osimertinib,Watermelon,pairedReplicate,F016:Watermelon_PC9_osimertinib:Watermelon:pairedReplicate:H037_stable_k36:persistent_component_k36,H037_stable_k36,persistent_component_k36,IBIP15:H037:k36:P4_twelveProjectionState,IBIP-15,persistentHistory,RNA,H0_3_7,290,290,True,True,True,True,exactFrozenMaps,b26fbf6658519f8aa495bcb9072564a347a577cd2cfda7ba2124f9d1f055cdc7,,IBIP15_history_random_bank,290,41905,3,577,290,0,0,1,1,1,1,1,1,0,1,0,,,undefinedInjective,577,41905,0.0137692399475,,,undefinedInjective,True,False,0,1,0,1:290
Watermelon_PC9_osimertinib,Watermelon,pairedReplicate,F016:Watermelon_PC9_osimertinib:Watermelon:pairedReplicate:H037_stable_k36:persistent_component_k36,H037_stable_k36,persistent_component_k36,IBIP15:H037:k36:P5_twelveProjectionDistribution,IBIP-15,persistentHistory,RNA,H0_3_7,290,290,True,True,True,True,exactFrozenMaps,a02c64806c96ee43d8a2abfcb83e782d7d7883e8935186ddbbbc58c7eb7b6ef2,,IBIP15_history_random_bank,290,41905,3,577,290,0,0,1,1,1,1,1,1,0,1,0,,,undefinedInjective,577,41905,0.0137692399475,,,undefinedInjective,True,False,0,1,0,1:290
Watermelon_PC9_osimertinib,Watermelon,pairedReplicate,F017:Watermelon_PC9_osimertinib:Watermelon:pairedReplicate:H037_stable_k38:persistent_component_k38,H037_stable_k38,persistent_component_k38,IBIP15:H037:k38:P2_eightProjectionState,IBIP-15,persistentHistory,RNA,H0_3_7,270,270,True,True,True,True,exactFrozenMaps,ea79636488a89566814fc77ae856bc26ea779c21221266cec7811dca56c85739,,IBIP15_history_random_bank,270,36315,4,804,270,0,0,1,1,1,1,1,1,0,1,0,,,undefinedInjective,268,12105,0.0221396117307,,,undefinedInjective,True,False,0,1,0,1:270
Watermelon_PC9_osimertinib,Watermelon,pairedReplicate,F017:Watermelon_PC9_osimertinib:Watermelon:pairedReplicate:H037_stable_k38:persistent_component_k38,H037_stable_k38,persistent_component_k38,IBIP15:H037:k38:P4_twelveProjectionState,IBIP-15,persistentHistory,RNA,H0_3_7,270,270,True,True,True,True,exactFrozenMaps,88c6650fbd88ba414bbfc8e348e831e66d208d667cc5112f5fa0c2033754256e,,IBIP15_history_random_bank,270,36315,4,804,270,0,0,1,1,1,1,1,1,0,1,0,,,undefinedInjective,268,12105,0.0221396117307,,,undefinedInjective,True,False,0,1,0,1:270
Watermelon_PC9_osimertinib,Watermelon,pairedReplicate,F017:Watermelon_PC9_osimertinib:Watermelon:pairedReplicate:H037_stable_k38:persistent_component_k38,H037_stable_k38,persistent_component_k38,IBIP15:H037:k38:P5_twelveProjectionDistribution,IBIP-15,persistentHistory,RNA,H0_3_7,270,270,True,True,True,True,exactFrozenMaps,3c639b7b35d37e201de913a0310831c10f18aeaed98328bf93ed1383bfe9f23b,,IBIP15_history_random_bank,270,36315,4,804,270,0,0,1,1,1,1,1,1,0,1,0,,,undefinedInjective,268,12105,0.0221396117307,,,undefinedInjective,True,False,0,1,0,1:270
Watermelon_PC9_osimertinib,Watermelon,pairedReplicate,F018:Watermelon_PC9_osimertinib:Watermelon:pairedReplicate:H037_stable_k62:persistent_component_k62,H037_stable_k62,persistent_component_k62,IBIP15:H037:k62:P2_eightProjectionState,IBIP-15,persistentHistory,RNA,H0_3_7,240,240,True,True,True,True,exactFrozenMaps,a045c0c0249c046fb27d76b1a81c7fa36c0573c903a0b03aaa6a2da7f1fa24e6,,IBIP15_history_random_bank,240,28680,5,1416,240,0,0,1,1,1,1,1,1,0,1,0,,,undefinedInjective,59,1195,0.0493723849372,,,undefinedInjective,True,False,0,1,0,1:240
Watermelon_PC9_osimertinib,Watermelon,pairedReplicate,F018:Watermelon_PC9_osimertinib:Watermelon:pairedReplicate:H037_stable_k62:persistent_component_k62,H037_stable_k62,persistent_component_k62,IBIP15:H037:k62:P4_twelveProjectionState,IBIP-15,persistentHistory,RNA,H0_3_7,240,240,True,True,True,True,exactFrozenMaps,11fecb1371a387e18edc2079bea4000d1a84a351fd42496cf054691e9ad4dafa,,IBIP15_history_random_bank,240,28680,5,1416,240,0,0,1,1,1,1,1,1,0,1,0,,,undefinedInjective,59,1195,0.0493723849372,,,undefinedInjective,True,False,0,1,0,1:240
Watermelon_PC9_osimertinib,Watermelon,pairedReplicate,F018:Watermelon_PC9_osimertinib:Watermelon:pairedReplicate:H037_stable_k62:persistent_component_k62,H037_stable_k62,persistent_component_k62,IBIP15:H037:k62:P5_twelveProjectionDistribution,IBIP-15,persistentHistory,RNA,H0_3_7,240,240,True,True,True,True,exactFrozenMaps,f6247ddc80b4b47ac66ec9bb1f997f21463db3ddcd269e49a9ca6300c035fc59,,IBIP15_history_random_bank,240,28680,5,1416,240,0,0,1,1,1,1,1,1,0,1,0,,,undefinedInjective,59,1195,0.0493723849372,,,undefinedInjective,True,False,0,1,0,1:240
Watermelon_PC9_osimertinib,Watermelon,pairedReplicate,F019:Watermelon_PC9_osimertinib:Watermelon:pairedReplicate:H037_stable_k111:persistent_component_k111,H037_stable_k111,persistent_component_k111,IBIP15:H037:k111:P2_eightProjectionState,IBIP-15,persistentHistory,RNA,H0_3_7,215,215,True,True,True,True,exactFrozenMaps,1082a16823b802aaae7616878a0503dd13cb424a0dadb08cbddc6e4cf09fc22f,,IBIP15_history_random_bank,215,23005,6,8154,215,0,0,1,1,1,1,1,1,0,1,0,,,undefinedInjective,8154,23005,0.354444685938,,,undefinedInjective,True,False,0,1,0,1:215
Watermelon_PC9_osimertinib,Watermelon,pairedReplicate,F019:Watermelon_PC9_osimertinib:Watermelon:pairedReplicate:H037_stable_k111:persistent_component_k111,H037_stable_k111,persistent_component_k111,IBIP15:H037:k111:P4_twelveProjectionState,IBIP-15,persistentHistory,RNA,H0_3_7,215,215,True,True,True,True,exactFrozenMaps,7a2cb8e2beb5c38cc52107a402a62bfa039f20d630768b20ab4721b64fec4bca,,IBIP15_history_random_bank,215,23005,6,8154,215,0,0,1,1,1,1,1,1,0,1,0,,,undefinedInjective,8154,23005,0.354444685938,,,undefinedInjective,True,False,0,1,0,1:215
Watermelon_PC9_osimertinib,Watermelon,pairedReplicate,F019:Watermelon_PC9_osimertinib:Watermelon:pairedReplicate:H037_stable_k111:persistent_component_k111,H037_stable_k111,persistent_component_k111,IBIP15:H037:k111:P5_twelveProjectionDistribution,IBIP-15,persistentHistory,RNA,H0_3_7,215,215,True,True,True,True,exactFrozenMaps,b5251ca1de3621a5625d2b3dfb9d031243f60c76b16cfab64c923a981d2abf64,,IBIP15_history_random_bank,215,23005,6,8154,215,0,0,1,1,1,1,1,1,0,1,0,,,undefinedInjective,8154,23005,0.354444685938,,,undefinedInjective,True,False,0,1,0,1:215
CellTag_LSK_hematopoiesis,CellTag_LSK,parallelArms,F020:CellTag_LSK_hematopoiesis:CellTag_LSK:parallelArms:IBIP18_finePooled:finePooled,IBIP18_finePooled,finePooled,IBIP18:finePooled:P0,IBIP-18,RNAState,RNA,day2.5,1453,1,False,False,True,True,exactFrozenMaps,e99451a22a6fa813719570b67a098d812b285b928a2c4d45783c5df5a7cab84f,,IBIP18_random_gene_bank,1453,1054878,671,1003605,1,1054878,1003605,0,1,0,0,1,0,0,1,0,334535,351626,0.951394379255,334535,351626,0.951394379255,1,1,1,False,False,1,1,1,1453:1
CellTag_LSK_hematopoiesis,CellTag_LSK,parallelArms,F020:CellTag_LSK_hematopoiesis:CellTag_LSK:parallelArms:IBIP18_finePooled:finePooled,IBIP18_finePooled,finePooled,IBIP18:finePooled:P1,IBIP-18,RNAState,RNA,day2.5,1453,16,False,False,True,True,exactFrozenMaps,fff380c761b5a38cc4fb4fe862f5b065a002721215d98ce4c525e35a0496183e,,IBIP18_random_gene_bank,1453,1054878,671,1003605,16,165290,158941,444794,527439,0.843308894488,844664,1003605,0.841629924124,-296248958,176446805865,-0.00167897036474,158941,165290,0.961588722851,334535,351626,0.951394379255,27943894033,27647645075,1.01071516063,False,False,1,1,1,13:1;14:1;16:1;28:1;38:1;41:1;47:1;49:1;55:2;67:1;85:1;113:1;174:1;178:1;480:1
CellTag_LSK_hematopoiesis,CellTag_LSK,parallelArms,F020:CellTag_LSK_hematopoiesis:CellTag_LSK:parallelArms:IBIP18_finePooled:finePooled,IBIP18_finePooled,finePooled,IBIP18:finePooled:P2,IBIP-18,RNAState,RNA,day2.5,1453,216,False,False,True,True,exactFrozenMaps,6a1d866c8b38032c607f12b9ba14b84dcd9f093037e60f8c92b0e29ae84fc24e,,IBIP18_random_gene_bank,1453,1054878,671,1003605,216,22877,22111,1032001,1054878,0.978313131945,981494,1003605,0.977968423832,-121645291,352893611730,-0.000344708113031,22111,22877,0.966516588714,334535,351626,0.951394379255,7774802486,7653157195,1.01589478537,False,False,1419,1453,0.976600137646,1:34;2:37;3:30;4:28;5:11;6:11;7:12;8:9;9:7;10:3;11:4;12:7;13:4;14:2;15:3;17:2;18:1;21:1;23:2;24:1;25:1;28:1;30:1;38:1;40:1;42:1;174:1
CellTag_LSK_hematopoiesis,CellTag_LSK,parallelArms,F020:CellTag_LSK_hematopoiesis:CellTag_LSK:parallelArms:IBIP18_finePooled:finePooled,IBIP18_finePooled,finePooled,IBIP18:finePooled:P4,IBIP-18,RNAState,RNA,day2.5,1453,869,False,False,True,True,exactFrozenMaps,201f753366021585a35a5c0ee103f683d9e0db90708d8ef3145f0f490b941b16,,IBIP18_random_gene_bank,1453,1054878,671,1003605,869,7083,6899,349265,351626,0.993285479458,996706,1003605,0.993125781557,-56356369,352893611730,-0.000159697900803,6899,7083,0.974022306932,334535,351626,0.951394379255,2425867774,2369511405,1.02378396191,False,False,819,1453,0.563661390227,1:634;2:140;3:51;4:16;5:8;6:4;7:5;8:3;9:2;11:1;13:1;14:1;16:1;19:1;108:1
CellTag_LSK_hematopoiesis,CellTag_LSK,parallelArms,F020:CellTag_LSK_hematopoiesis:CellTag_LSK:parallelArms:IBIP18_finePooled:finePooled,IBIP18_finePooled,finePooled,IBIP18:finePooled:P5,IBIP-18,RNAState,RNA,day2.5,1453,1065,False,False,True,True,exactFrozenMaps,87db585a92de8f90941cf38b25b143e246a3a9cdcd7274bc1a3ef0df6f2504ea,,IBIP18_random_gene_bank,1453,1054878,671,1003605,1065,2637,2564,350747,351626,0.997500184855,1001041,1003605,0.997445210018,-19400269,352893611730,-5.49748376144e-05,2564,2637,0.972317026925,334535,351626,0.951394379255,901569064,882168795,1.02199156115,False,False,562,1453,0.386785960083,1:891;2:107;3:34;4:11;5:11;6:4;7:1;8:1;9:1;10:1;12:1;15:1;62:1
CellTag_LSK_hematopoiesis,CellTag_LSK,parallelArms,F021:CellTag_LSK_hematopoiesis:CellTag_LSK:parallelArms:IBIP18_sourceGroupedPooled:sourceGroupedPooled,IBIP18_sourceGroupedPooled,sourceGroupedPooled,IBIP18:sourceGroupedPooled:P0,IBIP-18,RNAState,RNA,day2.5,1453,1,False,False,True,True,exactFrozenMaps,e99451a22a6fa813719570b67a098d812b285b928a2c4d45783c5df5a7cab84f,,IBIP18_random_gene_bank,1453,1054878,498,994091,1,1054878,994091,0,1,0,0,1,0,0,1,0,994091,1054878,0.942375326815,994091,1054878,0.942375326815,1,1,1,False,False,1,1,1,1453:1
CellTag_LSK_hematopoiesis,CellTag_LSK,parallelArms,F021:CellTag_LSK_hematopoiesis:CellTag_LSK:parallelArms:IBIP18_sourceGroupedPooled:sourceGroupedPooled,IBIP18_sourceGroupedPooled,sourceGroupedPooled,IBIP18:sourceGroupedPooled:P1,IBIP-18,RNAState,RNA,day2.5,1453,16,False,False,True,True,exactFrozenMaps,fff380c761b5a38cc4fb4fe862f5b065a002721215d98ce4c525e35a0496183e,,IBIP18_random_gene_bank,1453,1054878,498,994091,16,165290,157302,444794,527439,0.843308894488,836789,994091,0.841762977434,-810558883,524322362949,-0.00154591705462,78651,82645,0.951672817472,994091,1054878,0.942375326815,82967209578,82156650695,1.00986601664,False,False,1,1,1,13:1;14:1;16:1;28:1;38:1;41:1;47:1;49:1;55:2;67:1;85:1;113:1;174:1;178:1;480:1
CellTag_LSK_hematopoiesis,CellTag_LSK,parallelArms,F021:CellTag_LSK_hematopoiesis:CellTag_LSK:parallelArms:IBIP18_sourceGroupedPooled:sourceGroupedPooled,IBIP18_sourceGroupedPooled,sourceGroupedPooled,IBIP18:sourceGroupedPooled:P2,IBIP-18,RNAState,RNA,day2.5,1453,216,False,False,True,True,exactFrozenMaps,6a1d866c8b38032c607f12b9ba14b84dcd9f093037e60f8c92b0e29ae84fc24e,,IBIP18_random_gene_bank,1453,1054878,498,994091,216,22877,21845,1032001,1054878,0.978313131945,972246,994091,0.978025150615,-301990103,1048644725898,-0.000287981330132,21845,22877,0.954889190016,994091,1054878,0.942375326815,23043809910,22741819807,1.01327906498,False,False,1419,1453,0.976600137646,1:34;2:37;3:30;4:28;5:11;6:11;7:12;8:9;9:7;10:3;11:4;12:7;13:4;14:2;15:3;17:2;18:1;21:1;23:2;24:1;25:1;28:1;30:1;38:1;40:1;42:1;174:1
CellTag_LSK_hematopoiesis,CellTag_LSK,parallelArms,F021:CellTag_LSK_hematopoiesis:CellTag_LSK:parallelArms:IBIP18_sourceGroupedPooled:sourceGroupedPooled,IBIP18_sourceGroupedPooled,sourceGroupedPooled,IBIP18:sourceGroupedPooled:P4,IBIP-18,RNAState,RNA,day2.5,1453,869,False,False,True,True,exactFrozenMaps,201f753366021585a35a5c0ee103f683d9e0db90708d8ef3145f0f490b941b16,,IBIP18_random_gene_bank,1453,1054878,498,994091,869,7083,6817,349265,351626,0.993285479458,987274,994091,0.993142478908,-49985591,349548241966,-0.000143000550421,6817,7083,0.962445291543,994091,1054878,0.942375326815,2397034442,2347048851,1.02129720946,False,False,819,1453,0.563661390227,1:634;2:140;3:51;4:16;5:8;6:4;7:5;8:3;9:2;11:1;13:1;14:1;16:1;19:1;108:1
CellTag_LSK_hematopoiesis,CellTag_LSK,parallelArms,F021:CellTag_LSK_hematopoiesis:CellTag_LSK:parallelArms:IBIP18_sourceGroupedPooled:sourceGroupedPooled,IBIP18_sourceGroupedPooled,sourceGroupedPooled,IBIP18:sourceGroupedPooled:P5,IBIP-18,RNAState,RNA,day2.5,1453,1065,False,False,True,True,exactFrozenMaps,87db585a92de8f90941cf38b25b143e246a3a9cdcd7274bc1a3ef0df6f2504ea,,IBIP18_random_gene_bank,1453,1054878,498,994091,1065,2637,2509,350747,351626,0.997500184855,991582,994091,0.997476086193,-8423645,349548241966,-2.40986621836e-05,2509,2637,0.951459992416,994091,1054878,0.942375326815,882229634,873805989,1.00964017769,False,False,562,1453,0.386785960083,1:891;2:107;3:34;4:11;5:11;6:4;7:1;8:1;9:1;10:1;12:1;15:1;62:1
CellTag_LSK_hematopoiesis,CellTag_LSK,parallelArms,F022:CellTag_LSK_hematopoiesis:CellTag_LSK:parallelArms:IBIP18_majorityPooled:majorityPooled,IBIP18_majorityPooled,majorityPooled,IBIP18:majorityPooled:P0,IBIP-18,RNAState,RNA,day2.5,1453,1,False,False,True,True,exactFrozenMaps,e99451a22a6fa813719570b67a098d812b285b928a2c4d45783c5df5a7cab84f,,IBIP18_random_gene_bank,1453,1054878,7,731513,1,1054878,731513,0,1,0,0,1,0,0,1,0,731513,1054878,0.693457442472,731513,1054878,0.693457442472,1,1,1,False,False,1,1,1,1453:1
CellTag_LSK_hematopoiesis,CellTag_LSK,parallelArms,F022:CellTag_LSK_hematopoiesis:CellTag_LSK:parallelArms:IBIP18_majorityPooled:majorityPooled,IBIP18_majorityPooled,majorityPooled,IBIP18:majorityPooled:P1,IBIP-18,RNAState,RNA,day2.5,1453,16,False,False,True,True,exactFrozenMaps,fff380c761b5a38cc4fb4fe862f5b065a002721215d98ce4c525e35a0496183e,,IBIP18_random_gene_bank,1453,1054878,7,731513,16,165290,119035,444794,527439,0.843308894488,612478,731513,0.837275619162,-2327809480,385828485207,-0.00603327532634,23807,33058,0.720158509287,731513,1054878,0.693457442472,12556740273,12091178377,1.03850426166,False,False,1,1,1,13:1;14:1;16:1;28:1;38:1;41:1;47:1;49:1;55:2;67:1;85:1;113:1;174:1;178:1;480:1
CellTag_LSK_hematopoiesis,CellTag_LSK,parallelArms,F022:CellTag_LSK_hematopoiesis:CellTag_LSK:parallelArms:IBIP18_majorityPooled:majorityPooled,IBIP18_majorityPooled,majorityPooled,IBIP18:majorityPooled:P2,IBIP-18,RNAState,RNA,day2.5,1453,216,False,False,True,True,exactFrozenMaps,6a1d866c8b38032c607f12b9ba14b84dcd9f093037e60f8c92b0e29ae84fc24e,,IBIP18_random_gene_bank,1453,1054878,7,731513,216,22877,16969,1032001,1054878,0.978313131945,10064,10303,0.97680287295,-16414111,10868408034,-0.00151025899549,16969,22877,0.741749355248,731513,1054878,0.693457442472,252115842,235701731,1.06963933158,False,False,1419,1453,0.976600137646,1:34;2:37;3:30;4:28;5:11;6:11;7:12;8:9;9:7;10:3;11:4;12:7;13:4;14:2;15:3;17:2;18:1;21:1;23:2;24:1;25:1;28:1;30:1;38:1;40:1;42:1;174:1
CellTag_LSK_hematopoiesis,CellTag_LSK,parallelArms,F022:CellTag_LSK_hematopoiesis:CellTag_LSK:parallelArms:IBIP18_majorityPooled:majorityPooled,IBIP18_majorityPooled,majorityPooled,IBIP18:majorityPooled:P4,IBIP-18,RNAState,RNA,day2.5,1453,869,False,False,True,True,exactFrozenMaps,201f753366021585a35a5c0ee103f683d9e0db90708d8ef3145f0f490b941b16,,IBIP18_random_gene_bank,1453,1054878,7,731513,869,7083,5380,349265,351626,0.993285479458,726133,731513,0.992645380191,-164645687,257218990138,-0.000640099266822,5380,7083,0.759565156007,731513,1054878,0.693457442472,1891747880,1727102193,1.09533059924,False,False,819,1453,0.563661390227,1:634;2:140;3:51;4:16;5:8;6:4;7:5;8:3;9:2;11:1;13:1;14:1;16:1;19:1;108:1
CellTag_LSK_hematopoiesis,CellTag_LSK,parallelArms,F022:CellTag_LSK_hematopoiesis:CellTag_LSK:parallelArms:IBIP18_majorityPooled:majorityPooled,IBIP18_majorityPooled,majorityPooled,IBIP18:majorityPooled:P5,IBIP-18,RNAState,RNA,day2.5,1453,1065,False,False,True,True,exactFrozenMaps,87db585a92de8f90941cf38b25b143e246a3a9cdcd7274bc1a3ef0df6f2504ea,,IBIP18_random_gene_bank,1453,1054878,7,731513,1065,2637,1998,350747,351626,0.997500184855,729515,731513,0.997268674651,-59548821,257218990138,-0.000231510204468,222,293,0.757679180887,731513,1054878,0.693457442472,234182916,214333309,1.09261092964,False,False,562,1453,0.386785960083,1:891;2:107;3:34;4:11;5:11;6:4;7:1;8:1;9:1;10:1;12:1;15:1;62:1
CellTag_LSK_hematopoiesis,CellTag_LSK,parallelArms,F023:CellTag_LSK_hematopoiesis:CellTag_LSK:parallelArms:IBIP18_fateBreadth:fateBreadth,IBIP18_fateBreadth,fateBreadth,IBIP18:fateBreadth:P0,IBIP-18,RNAState,RNA,day2.5,1453,1,False,False,True,True,exactFrozenMaps,e99451a22a6fa813719570b67a098d812b285b928a2c4d45783c5df5a7cab84f,,IBIP18_random_gene_bank,1453,1054878,9,781223,1,1054878,781223,0,1,0,0,1,0,0,1,0,781223,1054878,0.740581375287,781223,1054878,0.740581375287,1,1,1,False,False,1,1,1,1453:1
CellTag_LSK_hematopoiesis,CellTag_LSK,parallelArms,F023:CellTag_LSK_hematopoiesis:CellTag_LSK:parallelArms:IBIP18_fateBreadth:fateBreadth,IBIP18_fateBreadth,fateBreadth,IBIP18:fateBreadth:P1,IBIP-18,RNAState,RNA,day2.5,1453,16,False,False,True,True,exactFrozenMaps,fff380c761b5a38cc4fb4fe862f5b065a002721215d98ce4c525e35a0496183e,,IBIP18_random_gene_bank,1453,1054878,9,781223,16,165290,122958,444794,527439,0.843308894488,658265,781223,0.842608320544,-288669727,412047477897,-0.000700573944715,61479,82645,0.743892552484,781223,1054878,0.740581375287,64852844562,64564174835,1.00447105113,False,False,1,1,1,13:1;14:1;16:1;28:1;38:1;41:1;47:1;49:1;55:2;67:1;85:1;113:1;174:1;178:1;480:1
CellTag_LSK_hematopoiesis,CellTag_LSK,parallelArms,F023:CellTag_LSK_hematopoiesis:CellTag_LSK:parallelArms:IBIP18_fateBreadth:fateBreadth,IBIP18_fateBreadth,fateBreadth,IBIP18:fateBreadth:P2,IBIP-18,RNAState,RNA,day2.5,1453,216,False,False,True,True,exactFrozenMaps,6a1d866c8b38032c607f12b9ba14b84dcd9f093037e60f8c92b0e29ae84fc24e,,IBIP18_random_gene_bank,1453,1054878,9,781223,216,22877,17011,1032001,1054878,0.978313131945,764212,781223,0.978225167462,-72491087,824094955794,-8.79644833284e-05,17011,22877,0.743585260305,781223,1054878,0.740581375287,17944529658,17872038571,1.00405611742,False,False,1419,1453,0.976600137646,1:34;2:37;3:30;4:28;5:11;6:11;7:12;8:9;9:7;10:3;11:4;12:7;13:4;14:2;15:3;17:2;18:1;21:1;23:2;24:1;25:1;28:1;30:1;38:1;40:1;42:1;174:1
CellTag_LSK_hematopoiesis,CellTag_LSK,parallelArms,F023:CellTag_LSK_hematopoiesis:CellTag_LSK:parallelArms:IBIP18_fateBreadth:fateBreadth,IBIP18_fateBreadth,fateBreadth,IBIP18:fateBreadth:P4,IBIP-18,RNAState,RNA,day2.5,1453,869,False,False,True,True,exactFrozenMaps,201f753366021585a35a5c0ee103f683d9e0db90708d8ef3145f0f490b941b16,,IBIP18_random_gene_bank,1453,1054878,9,781223,869,7083,5397,349265,351626,0.993285479458,775826,781223,0.993091601246,-53258019,274698318598,-0.000193878212549,1799,2361,0.761965268954,781223,1054878,0.740581375287,632575174,614822501,1.0288744686,False,False,819,1453,0.563661390227,1:634;2:140;3:51;4:16;5:8;6:4;7:5;8:3;9:2;11:1;13:1;14:1;16:1;19:1;108:1
CellTag_LSK_hematopoiesis,CellTag_LSK,parallelArms,F023:CellTag_LSK_hematopoiesis:CellTag_LSK:parallelArms:IBIP18_fateBreadth:fateBreadth,IBIP18_fateBreadth,fateBreadth,IBIP18:fateBreadth:P5,IBIP-18,RNAState,RNA,day2.5,1453,1065,False,False,True,True,exactFrozenMaps,87db585a92de8f90941cf38b25b143e246a3a9cdcd7274bc1a3ef0df6f2504ea,,IBIP18_random_gene_bank,1453,1054878,9,781223,1065,2637,1965,350747,351626,0.997500184855,779258,781223,0.997484713072,-4250073,274698318598,-1.54717838161e-05,655,879,0.745164960182,781223,1054878,0.740581375287,230315030,228898339,1.00618917117,False,False,562,1453,0.386785960083,1:891;2:107;3:34;4:11;5:11;6:4;7:1;8:1;9:1;10:1;12:1;15:1;62:1
CellTag_LSK_hematopoiesis,CellTag_LSK,parallelArms,F024:CellTag_LSK_hematopoiesis:CellTag_LSK:parallelArms:IBIP18_arm1Fine:arm1Fine,IBIP18_arm1Fine,arm1Fine,IBIP18:arm1Fine:P0,IBIP-18,RNAState,RNA,day2.5,1453,1,False,False,True,True,exactFrozenMaps,e99451a22a6fa813719570b67a098d812b285b928a2c4d45783c5df5a7cab84f,,IBIP18_random_gene_bank,1453,1054878,398,907751,1,1054878,907751,0,1,0,0,1,0,0,1,0,907751,1054878,0.860526999331,907751,1054878,0.860526999331,1,1,1,False,False,1,1,1,1453:1
CellTag_LSK_hematopoiesis,CellTag_LSK,parallelArms,F024:CellTag_LSK_hematopoiesis:CellTag_LSK:parallelArms:IBIP18_arm1Fine:arm1Fine,IBIP18_arm1Fine,arm1Fine,IBIP18:arm1Fine:P1,IBIP-18,RNAState,RNA,day2.5,1453,16,False,False,True,True,exactFrozenMaps,fff380c761b5a38cc4fb4fe862f5b065a002721215d98ce4c525e35a0496183e,,IBIP18_random_gene_bank,1453,1054878,398,907751,16,165290,142351,444794,527439,0.843308894488,765400,907751,0.84318276708,-60387694,478783279689,-0.000126127407873,142351,165290,0.861219674511,907751,1054878,0.860526999331,75081469089,75021081395,1.000804943,False,False,1,1,1,13:1;14:1;16:1;28:1;38:1;41:1;47:1;49:1;55:2;67:1;85:1;113:1;174:1;178:1;480:1
CellTag_LSK_hematopoiesis,CellTag_LSK,parallelArms,F024:CellTag_LSK_hematopoiesis:CellTag_LSK:parallelArms:IBIP18_arm1Fine:arm1Fine,IBIP18_arm1Fine,arm1Fine,IBIP18:arm1Fine:P2,IBIP-18,RNAState,RNA,day2.5,1453,216,False,False,True,True,exactFrozenMaps,6a1d866c8b38032c607f12b9ba14b84dcd9f093037e60f8c92b0e29ae84fc24e,,IBIP18_random_gene_bank,1453,1054878,398,907751,216,22877,19751,1032001,1054878,0.978313131945,888000,907751,0.978241830634,-68275751,957566559378,-7.13013109442e-05,19751,22877,0.863356209293,907751,1054878,0.860526999331,20834895378,20766619627,1.00328776432,False,False,1419,1453,0.976600137646,1:34;2:37;3:30;4:28;5:11;6:11;7:12;8:9;9:7;10:3;11:4;12:7;13:4;14:2;15:3;17:2;18:1;21:1;23:2;24:1;25:1;28:1;30:1;38:1;40:1;42:1;174:1
CellTag_LSK_hematopoiesis,CellTag_LSK,parallelArms,F024:CellTag_LSK_hematopoiesis:CellTag_LSK:parallelArms:IBIP18_arm1Fine:arm1Fine,IBIP18_arm1Fine,arm1Fine,IBIP18:arm1Fine:P4,IBIP-18,RNAState,RNA,day2.5,1453,869,False,False,True,True,exactFrozenMaps,201f753366021585a35a5c0ee103f683d9e0db90708d8ef3145f0f490b941b16,,IBIP18_random_gene_bank,1453,1054878,398,907751,869,7083,6273,349265,351626,0.993285479458,901478,907751,0.993089514636,-62549787,319188853126,-0.000195964822667,697,787,0.885641677255,907751,1054878,0.860526999331,735249966,714400037,1.02918522945,False,False,819,1453,0.563661390227,1:634;2:140;3:51;4:16;5:8;6:4;7:5;8:3;9:2;11:1;13:1;14:1;16:1;19:1;108:1
CellTag_LSK_hematopoiesis,CellTag_LSK,parallelArms,F024:CellTag_LSK_hematopoiesis:CellTag_LSK:parallelArms:IBIP18_arm1Fine:arm1Fine,IBIP18_arm1Fine,arm1Fine,IBIP18:arm1Fine:P5,IBIP-18,RNAState,RNA,day2.5,1453,1065,False,False,True,True,exactFrozenMaps,87db585a92de8f90941cf38b25b143e246a3a9cdcd7274bc1a3ef0df6f2504ea,,IBIP18_random_gene_bank,1453,1054878,398,907751,1065,2637,2385,350747,351626,0.997500184855,905366,907751,0.997372627516,-40714881,319188853126,-0.000127557339804,265,293,0.904436860068,907751,1054878,0.860526999331,279542670,265971043,1.05102670895,False,False,562,1453,0.386785960083,1:891;2:107;3:34;4:11;5:11;6:4;7:1;8:1;9:1;10:1;12:1;15:1;62:1
CellTag_LSK_hematopoiesis,CellTag_LSK,parallelArms,F025:CellTag_LSK_hematopoiesis:CellTag_LSK:parallelArms:IBIP18_arm2Fine:arm2Fine,IBIP18_arm2Fine,arm2Fine,IBIP18:arm2Fine:P0,IBIP-18,RNAState,RNA,day2.5,1453,1,False,False,True,True,exactFrozenMaps,e99451a22a6fa813719570b67a098d812b285b928a2c4d45783c5df5a7cab84f,,IBIP18_random_gene_bank,1453,1054878,424,922197,1,1054878,922197,0,1,0,0,1,0,0,1,0,307399,351626,0.874221473952,307399,351626,0.874221473952,1,1,1,False,False,1,1,1,1453:1
CellTag_LSK_hematopoiesis,CellTag_LSK,parallelArms,F025:CellTag_LSK_hematopoiesis:CellTag_LSK:parallelArms:IBIP18_arm2Fine:arm2Fine,IBIP18_arm2Fine,arm2Fine,IBIP18:arm2Fine:P1,IBIP-18,RNAState,RNA,day2.5,1453,16,False,False,True,True,exactFrozenMaps,fff380c761b5a38cc4fb4fe862f5b065a002721215d98ce4c525e35a0496183e,,IBIP18_random_gene_bank,1453,1054878,424,922197,16,165290,145952,444794,527439,0.843308894488,776245,922197,0.841734466714,-255268621,162134221161,-0.00157442777454,72976,82645,0.883005626475,307399,351626,0.874221473952,25660258976,25404990355,1.01004797158,False,False,1,1,1,13:1;14:1;16:1;28:1;38:1;41:1;47:1;49:1;55:2;67:1;85:1;113:1;174:1;178:1;480:1
CellTag_LSK_hematopoiesis,CellTag_LSK,parallelArms,F025:CellTag_LSK_hematopoiesis:CellTag_LSK:parallelArms:IBIP18_arm2Fine:arm2Fine,IBIP18_arm2Fine,arm2Fine,IBIP18:arm2Fine:P2,IBIP-18,RNAState,RNA,day2.5,1453,216,False,False,True,True,exactFrozenMaps,6a1d866c8b38032c607f12b9ba14b84dcd9f093037e60f8c92b0e29ae84fc24e,,IBIP18_random_gene_bank,1453,1054878,424,922197,216,22877,20450,1032001,1054878,0.978313131945,901747,922197,0.977824694724,-158384777,324268442322,-0.000488437221537,20450,22877,0.893910914893,307399,351626,0.874221473952,7190751700,7032366923,1.02252225726,False,False,1419,1453,0.976600137646,1:34;2:37;3:30;4:28;5:11;6:11;7:12;8:9;9:7;10:3;11:4;12:7;13:4;14:2;15:3;17:2;18:1;21:1;23:2;24:1;25:1;28:1;30:1;38:1;40:1;42:1;174:1
CellTag_LSK_hematopoiesis,CellTag_LSK,parallelArms,F025:CellTag_LSK_hematopoiesis:CellTag_LSK:parallelArms:IBIP18_arm2Fine:arm2Fine,IBIP18_arm2Fine,arm2Fine,IBIP18:arm2Fine:P4,IBIP-18,RNAState,RNA,day2.5,1453,869,False,False,True,True,exactFrozenMaps,201f753366021585a35a5c0ee103f683d9e0db90708d8ef3145f0f490b941b16,,IBIP18_random_gene_bank,1453,1054878,424,922197,869,7083,6368,349265,351626,0.993285479458,915829,922197,0.993094750905,-61847251,324268442322,-0.000190728553655,6368,7083,0.899054073133,307399,351626,0.874221473952,2239154368,2177307117,1.02840538687,False,False,819,1453,0.563661390227,1:634;2:140;3:51;4:16;5:8;6:4;7:5;8:3;9:2;11:1;13:1;14:1;16:1;19:1;108:1
CellTag_LSK_hematopoiesis,CellTag_LSK,parallelArms,F025:CellTag_LSK_hematopoiesis:CellTag_LSK:parallelArms:IBIP18_arm2Fine:arm2Fine,IBIP18_arm2Fine,arm2Fine,IBIP18:arm2Fine:P5,IBIP-18,RNAState,RNA,day2.5,1453,1065,False,False,True,True,exactFrozenMaps,87db585a92de8f90941cf38b25b143e246a3a9cdcd7274bc1a3ef0df6f2504ea,,IBIP18_random_gene_bank,1453,1054878,424,922197,1065,2637,2230,350747,351626,0.997500184855,919967,922197,0.997581861576,26485183,324268442322,8.16767207143e-05,2230,2637,0.845657944634,307399,351626,0.874221473952,784125980,810611163,0.967326895793,False,False,562,1453,0.386785960083,1:891;2:107;3:34;4:11;5:11;6:4;7:1;8:1;9:1;10:1;12:1;15:1;62:1
CellTag_LSK_hematopoiesis,CellTag_LSK,multimodal,F026:CellTag_LSK_hematopoiesis:CellTag_LSK:multimodal:IBIP19_finePooled:finePooled,IBIP19_finePooled,finePooled,IBIP19:finePooled:RNA:P0,IBIP-19,RNAState,RNA,day2.5,201,1,False,False,True,True,exactFrozenMaps,644d8b9eb40d317d70dce683c8bfd35c68b50ed0400e4970cc40af25584c3d93,,IBIP19_random_RNA,201,20100,127,19003,1,20100,19003,0,1,0,0,1,0,0,1,0,19003,20100,0.945422885572,19003,20100,0.945422885572,1,1,1,False,False,1,1,1,201:1
CellTag_LSK_hematopoiesis,CellTag_LSK,multimodal,F026:CellTag_LSK_hematopoiesis:CellTag_LSK:multimodal:IBIP19_finePooled:finePooled,IBIP19_finePooled,finePooled,IBIP19:finePooled:RNA:P1,IBIP-19,RNAState,RNA,day2.5,201,16,False,False,True,True,exactFrozenMaps,23760513b96581b67cf501a69b4c9fce674b81f49c6af8fbf4e02b7d56b0fb25,,IBIP19_random_RNA,201,20100,127,19003,16,3495,3327,1107,1340,0.826119402985,15676,19003,0.824922380677,-30481,25464020,-0.00119702230834,1109,1165,0.951931330472,19003,20100,0.945422885572,4458180,4427699,1.00688416263,False,False,200,201,0.995024875622,1:1;2:2;3:1;4:1;5:2;6:1;8:2;9:1;10:1;18:1;22:1;25:1;73:1
CellTag_LSK_hematopoiesis,CellTag_LSK,multimodal,F026:CellTag_LSK_hematopoiesis:CellTag_LSK:multimodal:IBIP19_finePooled:finePooled,IBIP19_finePooled,finePooled,IBIP19:finePooled:RNA:P2,IBIP-19,RNAState,RNA,day2.5,201,102,False,False,True,True,exactFrozenMaps,59557bd3e6f27b3838e5b97c606e911c3ddfe553b52e6af9f842ff7f3e186fad,,IBIP19_random_RNA,201,20100,127,19003,102,481,452,19619,20100,0.976069651741,18551,19003,0.976214281955,55243,381960300,0.000144630214187,452,481,0.939708939709,19003,20100,0.945422885572,9085200,9140443,0.993956201029,False,False,130,201,0.646766169154,1:71;2:12;3:9;4:2;5:3;6:2;8:1;12:1;24:1
CellTag_LSK_hematopoiesis,CellTag_LSK,multimodal,F026:CellTag_LSK_hematopoiesis:CellTag_LSK:multimodal:IBIP19_finePooled:finePooled,IBIP19_finePooled,finePooled,IBIP19:finePooled:RNA:P4,IBIP-19,RNAState,RNA,day2.5,201,165,False,False,True,True,exactFrozenMaps,eb44ea491d9fd9146118ba2009a2b622db0cf9129c31e30ffdd8f640a2a23fbd,,IBIP19_random_RNA,201,20100,127,19003,165,119,114,19981,20100,0.99407960199,18889,19003,0.994000947219,-30043,381960300,-7.86547711896e-05,114,119,0.957983193277,19003,20100,0.945422885572,2291400,2261357,1.01328538572,False,False,56,201,0.278606965174,1:145;2:16;3:2;4:1;14:1
CellTag_LSK_hematopoiesis,CellTag_LSK,multimodal,F026:CellTag_LSK_hematopoiesis:CellTag_LSK:multimodal:IBIP19_finePooled:finePooled,IBIP19_finePooled,finePooled,IBIP19:finePooled:RNA:P5,IBIP-19,RNAState,RNA,day2.5,201,184,False,False,True,True,exactFrozenMaps,56f176230ae56198c34373606eb4458cfbcbe81cef2e8f753b5cdbbbebe10e1f,,IBIP19_random_RNA,201,20100,127,19003,184,34,32,10033,10050,0.998308457711,18971,19003,0.99831605536,1451,190980150,7.59764823726e-06,16,17,0.941176470588,19003,20100,0.945422885572,321600,323051,0.99550844913,False,False,9,67,0.134328358209,1:174;2:7;3:2;7:1
CellTag_LSK_hematopoiesis,CellTag_LSK,multimodal,F026:CellTag_LSK_hematopoiesis:CellTag_LSK:multimodal:IBIP19_finePooled:finePooled,IBIP19_finePooled,finePooled,IBIP19:finePooled:ATAC:A0,IBIP-19,ATACState,ATAC,day2.5,201,1,False,False,True,True,exactFrozenMaps,644d8b9eb40d317d70dce683c8bfd35c68b50ed0400e4970cc40af25584c3d93,IBIP19:finePooled:RNA:P0,IBIP19_random_ATAC,201,20100,127,19003,1,20100,19003,0,1,0,0,1,0,0,1,0,19003,20100,0.945422885572,19003,20100,0.945422885572,1,1,1,False,False,1,1,1,201:1
CellTag_LSK_hematopoiesis,CellTag_LSK,multimodal,F026:CellTag_LSK_hematopoiesis:CellTag_LSK:multimodal:IBIP19_finePooled:finePooled,IBIP19_finePooled,finePooled,IBIP19:finePooled:ATAC:A1,IBIP-19,ATACState,ATAC,day2.5,201,40,False,False,True,True,exactFrozenMaps,49aa0f481de11a5a303b42140ee4407e4b63ad4a9cb177b00bd330d983cee832,,IBIP19_random_ATAC,201,20100,127,19003,40,713,672,19387,20100,0.964527363184,18331,19003,0.964637162553,41939,381960300,0.000109799369201,672,713,0.942496493689,19003,20100,0.945422885572,13507200,13549139,0.996904674164,False,False,193,201,0.960199004975,1:8;2:5;3:6;4:3;5:4;6:2;7:3;8:2;9:2;11:2;14:1;15:2
CellTag_LSK_hematopoiesis,CellTag_LSK,multimodal,F026:CellTag_LSK_hematopoiesis:CellTag_LSK:multimodal:IBIP19_finePooled:finePooled,IBIP19_finePooled,finePooled,IBIP19:finePooled:ATAC:A2,IBIP-19,ATACState,ATAC,day2.5,201,173,False,False,True,True,exactFrozenMaps,fdebe0d85c3c650e98875580e01bd821f831d9c9e8ae2b136da45e416fdfad4c,,IBIP19_random_ATAC,201,20100,127,19003,173,51,47,6683,6700,0.997462686567,18956,19003,0.99752670631,8151,127320100,6.40197423659e-05,47,51,0.921568627451,19003,20100,0.945422885572,314900,323051,0.974768689773,False,False,16,67,0.238805970149,1:153;2:17;3:2;8:1
CellTag_LSK_hematopoiesis,CellTag_LSK,multimodal,F026:CellTag_LSK_hematopoiesis:CellTag_LSK:multimodal:IBIP19_finePooled:finePooled,IBIP19_finePooled,finePooled,IBIP19:finePooled:ATAC:A4,IBIP-19,ATACState,ATAC,day2.5,201,195,False,False,True,True,exactFrozenMaps,b6ba5a9cf8bcb8786be5c24ca572fc746eaf1fcd79ef80621d5ca49c229f64bd,,IBIP19_random_ATAC,201,20100,127,19003,195,12,11,1674,1675,0.999402985075,18992,19003,0.99942114403,578,31830025,1.81589552632e-05,11,12,0.916666666667,19003,20100,0.945422885572,18425,19003,0.969583749934,False,False,3,67,0.044776119403,1:192;2:2;5:1
CellTag_LSK_hematopoiesis,CellTag_LSK,multimodal,F026:CellTag_LSK_hematopoiesis:CellTag_LSK:multimodal:IBIP19_finePooled:finePooled,IBIP19_finePooled,finePooled,IBIP19:finePooled:ATAC:A5,IBIP-19,ATACState,ATAC,day2.5,201,195,False,False,True,True,exactFrozenMaps,c0514e844df47a398e92c271c58569d27f1a3af75e8b56ace7781c710433e610,,IBIP19_random_ATAC,201,20100,127,19003,195,12,11,1674,1675,0.999402985075,18992,19003,0.99942114403,578,31830025,1.81589552632e-05,11,12,0.916666666667,19003,20100,0.945422885572,18425,19003,0.969583749934,False,False,3,67,0.044776119403,1:192;2:2;5:1
CellTag_LSK_hematopoiesis,CellTag_LSK,multimodal,F026:CellTag_LSK_hematopoiesis:CellTag_LSK:multimodal:IBIP19_finePooled:finePooled,IBIP19_finePooled,finePooled,IBIP19:finePooled:JOINT:J0,IBIP-19,multimodalSnapshot,RNAxATAC,day2.5,201,1,False,False,True,True,exactFrozenMaps,aea5ba70c54a51d45bb9d4a898791b4f738bd67e97737277f766c421094f2a34,,IBIP19_sham_and_fiber,201,20100,127,19003,1,20100,19003,0,1,0,0,1,0,0,1,0,19003,20100,0.945422885572,19003,20100,0.945422885572,1,1,1,False,False,1,1,1,201:1
CellTag_LSK_hematopoiesis,CellTag_LSK,multimodal,F026:CellTag_LSK_hematopoiesis:CellTag_LSK:multimodal:IBIP19_finePooled:finePooled,IBIP19_finePooled,finePooled,IBIP19:finePooled:JOINT:J1,IBIP-19,multimodalSnapshot,RNAxATAC,day2.5,201,133,False,False,True,True,exactFrozenMaps,cbbe98c864115bed8b4a00340f41c1cb37d9364e853799f80dc5aa4be661cca1,,IBIP19_sham_and_fiber,201,20100,127,19003,133,131,123,19969,20100,0.993482587065,18880,19003,0.993527337789,17093,381960300,4.47507240936e-05,123,131,0.93893129771,19003,20100,0.945422885572,2472300,2489393,0.993133667525,False,False,104,201,0.517412935323,1:97;2:18;3:12;4:3;5:1;7:1;8:1
CellTag_LSK_hematopoiesis,CellTag_LSK,multimodal,F026:CellTag_LSK_hematopoiesis:CellTag_LSK:multimodal:IBIP19_finePooled:finePooled,IBIP19_finePooled,finePooled,IBIP19:finePooled:JOINT:J2,IBIP-19,multimodalSnapshot,RNAxATAC,day2.5,201,199,False,False,True,True,exactFrozenMaps,07e389ffa721f0f03906ccecdca0a035942bcfbd0beb0b05f1c7be1f0a714636,,IBIP19_sham_and_fiber,201,20100,127,19003,199,2,1,10049,10050,0.999900497512,19002,19003,0.99994737673,8953,190980150,4.68792175522e-05,1,2,0.5,19003,20100,0.945422885572,10050,19003,0.5288638636,False,False,4,201,0.0199004975124,1:197;2:2
CellTag_LSK_hematopoiesis,CellTag_LSK,multimodal,F026:CellTag_LSK_hematopoiesis:CellTag_LSK:multimodal:IBIP19_finePooled:finePooled,IBIP19_finePooled,finePooled,IBIP19:finePooled:JOINT:J4,IBIP-19,multimodalSnapshot,RNAxATAC,day2.5,201,200,False,False,True,True,exactFrozenMaps,3a598a88a45cbc98057a1330f4807a175f1db80ee4ea91e5825238164f6c23b6,,IBIP19_sham_and_fiber,201,20100,127,19003,200,1,1,20099,20100,0.999950248756,19002,19003,0.99994737673,-1097,381960300,-2.8720262289e-06,1,1,1,19003,20100,0.945422885572,20100,19003,1.0577277272,False,False,2,201,0.00995024875622,1:199;2:1
CellTag_LSK_hematopoiesis,CellTag_LSK,multimodal,F026:CellTag_LSK_hematopoiesis:CellTag_LSK:multimodal:IBIP19_finePooled:finePooled,IBIP19_finePooled,finePooled,IBIP19:finePooled:JOINT:J5,IBIP-19,multimodalSnapshot,RNAxATAC,day2.5,201,201,True,True,True,True,exactFrozenMaps,e208195b20f9232559f26d1f29808d153e471576afeb6a218882e2d90422007f,,IBIP19_sham_and_fiber,201,20100,127,19003,201,0,0,1,1,1,1,1,1,0,1,0,,,undefinedInjective,19003,20100,0.945422885572,,,undefinedInjective,True,False,0,1,0,1:201
CellTag_LSK_hematopoiesis,CellTag_LSK,multimodal,F027:CellTag_LSK_hematopoiesis:CellTag_LSK:multimodal:IBIP19_sourceGroupedPooled:sourceGroupedPooled,IBIP19_sourceGroupedPooled,sourceGroupedPooled,IBIP19:sourceGroupedPooled:RNA:P0,IBIP-19,RNAState,RNA,day2.5,201,1,False,False,True,True,exactFrozenMaps,644d8b9eb40d317d70dce683c8bfd35c68b50ed0400e4970cc40af25584c3d93,,IBIP19_random_RNA,201,20100,113,18925,1,20100,18925,0,1,0,0,1,0,0,1,0,757,804,0.941542288557,757,804,0.941542288557,1,1,1,False,False,1,1,1,201:1
CellTag_LSK_hematopoiesis,CellTag_LSK,multimodal,F027:CellTag_LSK_hematopoiesis:CellTag_LSK:multimodal:IBIP19_sourceGroupedPooled:sourceGroupedPooled,IBIP19_sourceGroupedPooled,sourceGroupedPooled,IBIP19:sourceGroupedPooled:RNA:P1,IBIP-19,RNAState,RNA,day2.5,201,16,False,False,True,True,exactFrozenMaps,23760513b96581b67cf501a69b4c9fce674b81f49c6af8fbf4e02b7d56b0fb25,,IBIP19_random_RNA,201,20100,113,18925,16,3495,3320,1107,1340,0.826119402985,3121,3785,0.824570673712,-1571,1014380,-0.00154872927305,664,699,0.949928469242,757,804,0.941542288557,177952,176381,1.00890685505,False,False,200,201,0.995024875622,1:1;2:2;3:1;4:1;5:2;6:1;8:2;9:1;10:1;18:1;22:1;25:1;73:1
CellTag_LSK_hematopoiesis,CellTag_LSK,multimodal,F027:CellTag_LSK_hematopoiesis:CellTag_LSK:multimodal:IBIP19_sourceGroupedPooled:sourceGroupedPooled,IBIP19_sourceGroupedPooled,sourceGroupedPooled,IBIP19:sourceGroupedPooled:RNA:P2,IBIP-19,RNAState,RNA,day2.5,201,102,False,False,True,True,exactFrozenMaps,59557bd3e6f27b3838e5b97c606e911c3ddfe553b52e6af9f842ff7f3e186fad,,IBIP19_random_RNA,201,20100,113,18925,102,481,452,19619,20100,0.976069651741,18473,18925,0.976116248349,709,15215700,4.65966074515e-05,452,481,0.939708939709,757,804,0.941542288557,363408,364117,0.99805282368,False,False,130,201,0.646766169154,1:71;2:12;3:9;4:2;5:3;6:2;8:1;12:1;24:1
CellTag_LSK_hematopoiesis,CellTag_LSK,multimodal,F027:CellTag_LSK_hematopoiesis:CellTag_LSK:multimodal:IBIP19_sourceGroupedPooled:sourceGroupedPooled,IBIP19_sourceGroupedPooled,sourceGroupedPooled,IBIP19:sourceGroupedPooled:RNA:P4,IBIP-19,RNAState,RNA,day2.5,201,165,False,False,True,True,exactFrozenMaps,eb44ea491d9fd9146118ba2009a2b622db0cf9129c31e30ffdd8f640a2a23fbd,,IBIP19_random_RNA,201,20100,113,18925,165,119,114,19981,20100,0.99407960199,18811,18925,0.993976221929,-1573,15215700,-0.000103380061384,114,119,0.957983193277,757,804,0.941542288557,91656,90083,1.01746167423,False,False,56,201,0.278606965174,1:145;2:16;3:2;4:1;14:1
CellTag_LSK_hematopoiesis,CellTag_LSK,multimodal,F027:CellTag_LSK_hematopoiesis:CellTag_LSK:multimodal:IBIP19_sourceGroupedPooled:sourceGroupedPooled,IBIP19_sourceGroupedPooled,sourceGroupedPooled,IBIP19:sourceGroupedPooled:RNA:P5,IBIP-19,RNAState,RNA,day2.5,201,184,False,False,True,True,exactFrozenMaps,56f176230ae56198c34373606eb4458cfbcbe81cef2e8f753b5cdbbbebe10e1f,,IBIP19_random_RNA,201,20100,113,18925,184,34,32,10033,10050,0.998308457711,18893,18925,0.998309114927,1,1521570,6.57215901996e-07,16,17,0.941176470588,757,804,0.941542288557,12864,12869,0.999611469423,False,False,9,67,0.134328358209,1:174;2:7;3:2;7:1
CellTag_LSK_hematopoiesis,CellTag_LSK,multimodal,F027:CellTag_LSK_hematopoiesis:CellTag_LSK:multimodal:IBIP19_sourceGroupedPooled:sourceGroupedPooled,IBIP19_sourceGroupedPooled,sourceGroupedPooled,IBIP19:sourceGroupedPooled:ATAC:A0,IBIP-19,ATACState,ATAC,day2.5,201,1,False,False,True,True,exactFrozenMaps,644d8b9eb40d317d70dce683c8bfd35c68b50ed0400e4970cc40af25584c3d93,IBIP19:sourceGroupedPooled:RNA:P0,IBIP19_random_ATAC,201,20100,113,18925,1,20100,18925,0,1,0,0,1,0,0,1,0,757,804,0.941542288557,757,804,0.941542288557,1,1,1,False,False,1,1,1,201:1
CellTag_LSK_hematopoiesis,CellTag_LSK,multimodal,F027:CellTag_LSK_hematopoiesis:CellTag_LSK:multimodal:IBIP19_sourceGroupedPooled:sourceGroupedPooled,IBIP19_sourceGroupedPooled,sourceGroupedPooled,IBIP19:sourceGroupedPooled:ATAC:A1,IBIP-19,ATACState,ATAC,day2.5,201,40,False,False,True,True,exactFrozenMaps,49aa0f481de11a5a303b42140ee4407e4b63ad4a9cb177b00bd330d983cee832,,IBIP19_random_ATAC,201,20100,113,18925,40,713,667,19387,20100,0.964527363184,18258,18925,0.964755614267,3473,15215700,0.000228251082763,29,31,0.935483870968,757,804,0.941542288557,23316,23467,0.993565432309,False,False,193,201,0.960199004975,1:8;2:5;3:6;4:3;5:4;6:2;7:3;8:2;9:2;11:2;14:1;15:2
CellTag_LSK_hematopoiesis,CellTag_LSK,multimodal,F027:CellTag_LSK_hematopoiesis:CellTag_LSK:multimodal:IBIP19_sourceGroupedPooled:sourceGroupedPooled,IBIP19_sourceGroupedPooled,sourceGroupedPooled,IBIP19:sourceGroupedPooled:ATAC:A2,IBIP-19,ATACState,ATAC,day2.5,201,173,False,False,True,True,exactFrozenMaps,fdebe0d85c3c650e98875580e01bd821f831d9c9e8ae2b136da45e416fdfad4c,,IBIP19_random_ATAC,201,20100,113,18925,173,51,45,6683,6700,0.997462686567,3776,3785,0.997622192867,809,5071900,0.000159506299414,15,17,0.882352941176,757,804,0.941542288557,12060,12869,0.937135752584,False,False,16,67,0.238805970149,1:153;2:17;3:2;8:1
CellTag_LSK_hematopoiesis,CellTag_LSK,multimodal,F027:CellTag_LSK_hematopoiesis:CellTag_LSK:multimodal:IBIP19_sourceGroupedPooled:sourceGroupedPooled,IBIP19_sourceGroupedPooled,sourceGroupedPooled,IBIP19:sourceGroupedPooled:ATAC:A4,IBIP-19,ATACState,ATAC,day2.5,201,195,False,False,True,True,exactFrozenMaps,b6ba5a9cf8bcb8786be5c24ca572fc746eaf1fcd79ef80621d5ca49c229f64bd,,IBIP19_random_ATAC,201,20100,113,18925,195,12,11,1674,1675,0.999402985075,18914,18925,0.999418758256,4,253595,1.57731816479e-05,11,12,0.916666666667,757,804,0.941542288557,737,757,0.97357992074,False,False,3,67,0.044776119403,1:192;2:2;5:1
CellTag_LSK_hematopoiesis,CellTag_LSK,multimodal,F027:CellTag_LSK_hematopoiesis:CellTag_LSK:multimodal:IBIP19_sourceGroupedPooled:sourceGroupedPooled,IBIP19_sourceGroupedPooled,sourceGroupedPooled,IBIP19:sourceGroupedPooled:ATAC:A5,IBIP-19,ATACState,ATAC,day2.5,201,195,False,False,True,True,exactFrozenMaps,c0514e844df47a398e92c271c58569d27f1a3af75e8b56ace7781c710433e610,,IBIP19_random_ATAC,201,20100,113,18925,195,12,11,1674,1675,0.999402985075,18914,18925,0.999418758256,4,253595,1.57731816479e-05,11,12,0.916666666667,757,804,0.941542288557,737,757,0.97357992074,False,False,3,67,0.044776119403,1:192;2:2;5:1
CellTag_LSK_hematopoiesis,CellTag_LSK,multimodal,F027:CellTag_LSK_hematopoiesis:CellTag_LSK:multimodal:IBIP19_sourceGroupedPooled:sourceGroupedPooled,IBIP19_sourceGroupedPooled,sourceGroupedPooled,IBIP19:sourceGroupedPooled:JOINT:J0,IBIP-19,multimodalSnapshot,RNAxATAC,day2.5,201,1,False,False,True,True,exactFrozenMaps,aea5ba70c54a51d45bb9d4a898791b4f738bd67e97737277f766c421094f2a34,,IBIP19_sham_and_fiber,201,20100,113,18925,1,20100,18925,0,1,0,0,1,0,0,1,0,757,804,0.941542288557,757,804,0.941542288557,1,1,1,False,False,1,1,1,201:1
CellTag_LSK_hematopoiesis,CellTag_LSK,multimodal,F027:CellTag_LSK_hematopoiesis:CellTag_LSK:multimodal:IBIP19_sourceGroupedPooled:sourceGroupedPooled,IBIP19_sourceGroupedPooled,sourceGroupedPooled,IBIP19:sourceGroupedPooled:JOINT:J1,IBIP-19,multimodalSnapshot,RNAxATAC,day2.5,201,133,False,False,True,True,exactFrozenMaps,cbbe98c864115bed8b4a00340f41c1cb37d9364e853799f80dc5aa4be661cca1,,IBIP19_sham_and_fiber,201,20100,113,18925,133,131,121,19969,20100,0.993482587065,18804,18925,0.993606340819,1883,15215700,0.000123753754346,121,131,0.923664122137,757,804,0.941542288557,97284,99167,0.981011828532,False,False,104,201,0.517412935323,1:97;2:18;3:12;4:3;5:1;7:1;8:1
CellTag_LSK_hematopoiesis,CellTag_LSK,multimodal,F027:CellTag_LSK_hematopoiesis:CellTag_LSK:multimodal:IBIP19_sourceGroupedPooled:sourceGroupedPooled,IBIP19_sourceGroupedPooled,sourceGroupedPooled,IBIP19:sourceGroupedPooled:JOINT:J2,IBIP-19,multimodalSnapshot,RNAxATAC,day2.5,201,199,False,False,True,True,exactFrozenMaps,07e389ffa721f0f03906ccecdca0a035942bcfbd0beb0b05f1c7be1f0a714636,,IBIP19_sham_and_fiber,201,20100,113,18925,199,2,1,10049,10050,0.999900497512,18924,18925,0.999947159841,71,1521570,4.66623290417e-05,1,2,0.5,757,804,0.941542288557,402,757,0.531043593131,False,False,4,201,0.0199004975124,1:197;2:2
CellTag_LSK_hematopoiesis,CellTag_LSK,multimodal,F027:CellTag_LSK_hematopoiesis:CellTag_LSK:multimodal:IBIP19_sourceGroupedPooled:sourceGroupedPooled,IBIP19_sourceGroupedPooled,sourceGroupedPooled,IBIP19:sourceGroupedPooled:JOINT:J4,IBIP-19,multimodalSnapshot,RNAxATAC,day2.5,201,200,False,False,True,True,exactFrozenMaps,3a598a88a45cbc98057a1330f4807a175f1db80ee4ea91e5825238164f6c23b6,,IBIP19_sham_and_fiber,201,20100,113,18925,200,1,1,20099,20100,0.999950248756,18924,18925,0.999947159841,-47,15215700,-3.08891473938e-06,1,1,1,757,804,0.941542288557,804,757,1.06208718626,False,False,2,201,0.00995024875622,1:199;2:1
CellTag_LSK_hematopoiesis,CellTag_LSK,multimodal,F027:CellTag_LSK_hematopoiesis:CellTag_LSK:multimodal:IBIP19_sourceGroupedPooled:sourceGroupedPooled,IBIP19_sourceGroupedPooled,sourceGroupedPooled,IBIP19:sourceGroupedPooled:JOINT:J5,IBIP-19,multimodalSnapshot,RNAxATAC,day2.5,201,201,True,True,True,True,exactFrozenMaps,e208195b20f9232559f26d1f29808d153e471576afeb6a218882e2d90422007f,,IBIP19_sham_and_fiber,201,20100,113,18925,201,0,0,1,1,1,1,1,1,0,1,0,,,undefinedInjective,757,804,0.941542288557,,,undefinedInjective,True,False,0,1,0,1:201
CellTag_LSK_hematopoiesis,CellTag_LSK,multimodal,F028:CellTag_LSK_hematopoiesis:CellTag_LSK:multimodal:IBIP19_majorityPooled:majorityPooled,IBIP19_majorityPooled,majorityPooled,IBIP19:majorityPooled:RNA:P0,IBIP-19,RNAState,RNA,day2.5,201,1,False,False,True,True,exactFrozenMaps,644d8b9eb40d317d70dce683c8bfd35c68b50ed0400e4970cc40af25584c3d93,,IBIP19_random_RNA,201,20100,7,12449,1,20100,12449,0,1,0,0,1,0,0,1,0,12449,20100,0.619353233831,12449,20100,0.619353233831,1,1,1,False,False,1,1,1,201:1
CellTag_LSK_hematopoiesis,CellTag_LSK,multimodal,F028:CellTag_LSK_hematopoiesis:CellTag_LSK:multimodal:IBIP19_majorityPooled:majorityPooled,IBIP19_majorityPooled,majorityPooled,IBIP19:majorityPooled:RNA:P1,IBIP-19,RNAState,RNA,day2.5,201,16,False,False,True,True,exactFrozenMaps,23760513b96581b67cf501a69b4c9fce674b81f49c6af8fbf4e02b7d56b0fb25,,IBIP19_random_RNA,201,20100,7,12449,16,3495,2306,1107,1340,0.826119402985,10143,12449,0.814764238091,-189423,16681660,-0.0113551648937,2306,3495,0.659799713877,12449,20100,0.619353233831,3090040,2900617,1.06530438179,False,False,200,201,0.995024875622,1:1;2:2;3:1;4:1;5:2;6:1;8:2;9:1;10:1;18:1;22:1;25:1;73:1
CellTag_LSK_hematopoiesis,CellTag_LSK,multimodal,F028:CellTag_LSK_hematopoiesis:CellTag_LSK:multimodal:IBIP19_majorityPooled:majorityPooled,IBIP19_majorityPooled,majorityPooled,IBIP19:majorityPooled:RNA:P2,IBIP-19,RNAState,RNA,day2.5,201,102,False,False,True,True,exactFrozenMaps,59557bd3e6f27b3838e5b97c606e911c3ddfe553b52e6af9f842ff7f3e186fad,,IBIP19_random_RNA,201,20100,7,12449,102,481,307,19619,20100,0.976069651741,12142,12449,0.97533938469,-182731,250224900,-0.00073026705176,307,481,0.638253638254,12449,20100,0.619353233831,6170700,5987969,1.03051635705,False,False,130,201,0.646766169154,1:71;2:12;3:9;4:2;5:3;6:2;8:1;12:1;24:1
CellTag_LSK_hematopoiesis,CellTag_LSK,multimodal,F028:CellTag_LSK_hematopoiesis:CellTag_LSK:multimodal:IBIP19_majorityPooled:majorityPooled,IBIP19_majorityPooled,majorityPooled,IBIP19:majorityPooled:RNA:P4,IBIP-19,RNAState,RNA,day2.5,201,165,False,False,True,True,exactFrozenMaps,eb44ea491d9fd9146118ba2009a2b622db0cf9129c31e30ffdd8f640a2a23fbd,,IBIP19_random_RNA,201,20100,7,12449,165,119,80,19981,20100,0.99407960199,12369,12449,0.993573781027,-126569,250224900,-0.000505820963461,80,119,0.672268907563,12449,20100,0.619353233831,1608000,1481431,1.08543698627,False,False,56,201,0.278606965174,1:145;2:16;3:2;4:1;14:1
CellTag_LSK_hematopoiesis,CellTag_LSK,multimodal,F028:CellTag_LSK_hematopoiesis:CellTag_LSK:multimodal:IBIP19_majorityPooled:majorityPooled,IBIP19_majorityPooled,majorityPooled,IBIP19:majorityPooled:RNA:P5,IBIP-19,RNAState,RNA,day2.5,201,184,False,False,True,True,exactFrozenMaps,56f176230ae56198c34373606eb4458cfbcbe81cef2e8f753b5cdbbbebe10e1f,,IBIP19_random_RNA,201,20100,7,12449,184,34,24,10033,10050,0.998308457711,12425,12449,0.998072134308,-29567,125112450,-0.000236323403466,12,17,0.705882352941,12449,20100,0.619353233831,241200,211633,1.13970883558,False,False,9,67,0.134328358209,1:174;2:7;3:2;7:1
CellTag_LSK_hematopoiesis,CellTag_LSK,multimodal,F028:CellTag_LSK_hematopoiesis:CellTag_LSK:multimodal:IBIP19_majorityPooled:majorityPooled,IBIP19_majorityPooled,majorityPooled,IBIP19:majorityPooled:ATAC:A0,IBIP-19,ATACState,ATAC,day2.5,201,1,False,False,True,True,exactFrozenMaps,644d8b9eb40d317d70dce683c8bfd35c68b50ed0400e4970cc40af25584c3d93,IBIP19:majorityPooled:RNA:P0,IBIP19_random_ATAC,201,20100,7,12449,1,20100,12449,0,1,0,0,1,0,0,1,0,12449,20100,0.619353233831,12449,20100,0.619353233831,1,1,1,False,False,1,1,1,201:1
CellTag_LSK_hematopoiesis,CellTag_LSK,multimodal,F028:CellTag_LSK_hematopoiesis:CellTag_LSK:multimodal:IBIP19_majorityPooled:majorityPooled,IBIP19_majorityPooled,majorityPooled,IBIP19:majorityPooled:ATAC:A1,IBIP-19,ATACState,ATAC,day2.5,201,40,False,False,True,True,exactFrozenMaps,49aa0f481de11a5a303b42140ee4407e4b63ad4a9cb177b00bd330d983cee832,,IBIP19_random_ATAC,201,20100,7,12449,40,713,430,19387,20100,0.964527363184,12019,12449,0.965459073018,233137,250224900,0.000931709833833,430,713,0.603085553997,12449,20100,0.619353233831,8643000,8876137,0.973734407209,False,False,193,201,0.960199004975,1:8;2:5;3:6;4:3;5:4;6:2;7:3;8:2;9:2;11:2;14:1;15:2
CellTag_LSK_hematopoiesis,CellTag_LSK,multimodal,F028:CellTag_LSK_hematopoiesis:CellTag_LSK:multimodal:IBIP19_majorityPooled:majorityPooled,IBIP19_majorityPooled,majorityPooled,IBIP19:majorityPooled:ATAC:A2,IBIP-19,ATACState,ATAC,day2.5,201,173,False,False,True,True,exactFrozenMaps,fdebe0d85c3c650e98875580e01bd821f831d9c9e8ae2b136da45e416fdfad4c,,IBIP19_random_ATAC,201,20100,7,12449,173,51,30,6683,6700,0.997462686567,12419,12449,0.997590167885,10633,83408300,0.000127481317807,10,17,0.588235294118,12449,20100,0.619353233831,201000,211633,0.949757362982,False,False,16,67,0.238805970149,1:153;2:17;3:2;8:1
CellTag_LSK_hematopoiesis,CellTag_LSK,multimodal,F028:CellTag_LSK_hematopoiesis:CellTag_LSK:multimodal:IBIP19_majorityPooled:majorityPooled,IBIP19_majorityPooled,majorityPooled,IBIP19:majorityPooled:ATAC:A4,IBIP-19,ATACState,ATAC,day2.5,201,195,False,False,True,True,exactFrozenMaps,b6ba5a9cf8bcb8786be5c24ca572fc746eaf1fcd79ef80621d5ca49c229f64bd,,IBIP19_random_ATAC,201,20100,7,12449,195,12,8,1674,1675,0.999402985075,12441,12449,0.999357378103,-951,20852075,-4.5606971968e-05,2,3,0.666666666667,12449,20100,0.619353233831,13400,12449,1.07639167805,False,False,3,67,0.044776119403,1:192;2:2;5:1
CellTag_LSK_hematopoiesis,CellTag_LSK,multimodal,F028:CellTag_LSK_hematopoiesis:CellTag_LSK:multimodal:IBIP19_majorityPooled:majorityPooled,IBIP19_majorityPooled,majorityPooled,IBIP19:majorityPooled:ATAC:A5,IBIP-19,ATACState,ATAC,day2.5,201,195,False,False,True,True,exactFrozenMaps,c0514e844df47a398e92c271c58569d27f1a3af75e8b56ace7781c710433e610,,IBIP19_random_ATAC,201,20100,7,12449,195,12,8,1674,1675,0.999402985075,12441,12449,0.999357378103,-951,20852075,-4.5606971968e-05,2,3,0.666666666667,12449,20100,0.619353233831,13400,12449,1.07639167805,False,False,3,67,0.044776119403,1:192;2:2;5:1
CellTag_LSK_hematopoiesis,CellTag_LSK,multimodal,F028:CellTag_LSK_hematopoiesis:CellTag_LSK:multimodal:IBIP19_majorityPooled:majorityPooled,IBIP19_majorityPooled,majorityPooled,IBIP19:majorityPooled:JOINT:J0,IBIP-19,multimodalSnapshot,RNAxATAC,day2.5,201,1,False,False,True,True,exactFrozenMaps,aea5ba70c54a51d45bb9d4a898791b4f738bd67e97737277f766c421094f2a34,,IBIP19_sham_and_fiber,201,20100,7,12449,1,20100,12449,0,1,0,0,1,0,0,1,0,12449,20100,0.619353233831,12449,20100,0.619353233831,1,1,1,False,False,1,1,1,201:1
CellTag_LSK_hematopoiesis,CellTag_LSK,multimodal,F028:CellTag_LSK_hematopoiesis:CellTag_LSK:multimodal:IBIP19_majorityPooled:majorityPooled,IBIP19_majorityPooled,majorityPooled,IBIP19:majorityPooled:JOINT:J1,IBIP-19,multimodalSnapshot,RNAxATAC,day2.5,201,133,False,False,True,True,exactFrozenMaps,cbbe98c864115bed8b4a00340f41c1cb37d9364e853799f80dc5aa4be661cca1,,IBIP19_sham_and_fiber,201,20100,7,12449,133,131,85,19969,20100,0.993482587065,12364,12449,0.993172142341,-77681,250224900,-0.000310444723926,85,131,0.648854961832,12449,20100,0.619353233831,1708500,1630819,1.04763312176,False,False,104,201,0.517412935323,1:97;2:18;3:12;4:3;5:1;7:1;8:1
CellTag_LSK_hematopoiesis,CellTag_LSK,multimodal,F028:CellTag_LSK_hematopoiesis:CellTag_LSK:multimodal:IBIP19_majorityPooled:majorityPooled,IBIP19_majorityPooled,majorityPooled,IBIP19:majorityPooled:JOINT:J2,IBIP-19,multimodalSnapshot,RNAxATAC,day2.5,201,199,False,True,True,True,exactFrozenMaps,07e389ffa721f0f03906ccecdca0a035942bcfbd0beb0b05f1c7be1f0a714636,,IBIP19_sham_and_fiber,201,20100,7,12449,199,2,0,10049,10050,0.999900497512,1,1,1,1,10050,9.95024875622e-05,0,1,0,12449,20100,0.619353233831,0,1,0,True,True,4,201,0.0199004975124,1:197;2:2
CellTag_LSK_hematopoiesis,CellTag_LSK,multimodal,F028:CellTag_LSK_hematopoiesis:CellTag_LSK:multimodal:IBIP19_majorityPooled:majorityPooled,IBIP19_majorityPooled,majorityPooled,IBIP19:majorityPooled:JOINT:J4,IBIP-19,multimodalSnapshot,RNAxATAC,day2.5,201,200,False,True,True,True,exactFrozenMaps,3a598a88a45cbc98057a1330f4807a175f1db80ee4ea91e5825238164f6c23b6,,IBIP19_sham_and_fiber,201,20100,7,12449,200,1,0,20099,20100,0.999950248756,1,1,1,1,20100,4.97512437811e-05,0,1,0,12449,20100,0.619353233831,0,1,0,True,True,2,201,0.00995024875622,1:199;2:1
CellTag_LSK_hematopoiesis,CellTag_LSK,multimodal,F028:CellTag_LSK_hematopoiesis:CellTag_LSK:multimodal:IBIP19_majorityPooled:majorityPooled,IBIP19_majorityPooled,majorityPooled,IBIP19:majorityPooled:JOINT:J5,IBIP-19,multimodalSnapshot,RNAxATAC,day2.5,201,201,True,True,True,True,exactFrozenMaps,e208195b20f9232559f26d1f29808d153e471576afeb6a218882e2d90422007f,,IBIP19_sham_and_fiber,201,20100,7,12449,201,0,0,1,1,1,1,1,1,0,1,0,,,undefinedInjective,12449,20100,0.619353233831,,,undefinedInjective,True,False,0,1,0,1:201
CellTag_LSK_hematopoiesis,CellTag_LSK,multimodal,F029:CellTag_LSK_hematopoiesis:CellTag_LSK:multimodal:IBIP19_fateBreadth:fateBreadth,IBIP19_fateBreadth,fateBreadth,IBIP19:fateBreadth:RNA:P0,IBIP-19,RNAState,RNA,day2.5,201,1,False,False,True,True,exactFrozenMaps,644d8b9eb40d317d70dce683c8bfd35c68b50ed0400e4970cc40af25584c3d93,,IBIP19_random_RNA,201,20100,9,15457,1,20100,15457,0,1,0,0,1,0,0,1,0,15457,20100,0.769004975124,15457,20100,0.769004975124,1,1,1,False,False,1,1,1,201:1
CellTag_LSK_hematopoiesis,CellTag_LSK,multimodal,F029:CellTag_LSK_hematopoiesis:CellTag_LSK:multimodal:IBIP19_fateBreadth:fateBreadth,IBIP19_fateBreadth,fateBreadth,IBIP19:fateBreadth:RNA:P1,IBIP-19,RNAState,RNA,day2.5,201,16,False,False,True,True,exactFrozenMaps,23760513b96581b67cf501a69b4c9fce674b81f49c6af8fbf4e02b7d56b0fb25,,IBIP19_random_RNA,201,20100,9,15457,16,3495,2703,1107,1340,0.826119402985,12754,15457,0.825127773824,-20539,20712380,-0.000991629160917,901,1165,0.77339055794,15457,20100,0.769004975124,3622020,3601481,1.00570293166,False,False,200,201,0.995024875622,1:1;2:2;3:1;4:1;5:2;6:1;8:2;9:1;10:1;18:1;22:1;25:1;73:1
CellTag_LSK_hematopoiesis,CellTag_LSK,multimodal,F029:CellTag_LSK_hematopoiesis:CellTag_LSK:multimodal:IBIP19_fateBreadth:fateBreadth,IBIP19_fateBreadth,fateBreadth,IBIP19:fateBreadth:RNA:P2,IBIP-19,RNAState,RNA,day2.5,201,102,False,False,True,True,exactFrozenMaps,59557bd3e6f27b3838e5b97c606e911c3ddfe553b52e6af9f842ff7f3e186fad,,IBIP19_random_RNA,201,20100,9,15457,102,481,345,19619,20100,0.976069651741,15112,15457,0.977680015527,500317,310685700,0.00161036378565,345,481,0.717255717256,15457,20100,0.769004975124,6934500,7434817,0.932706211868,False,False,130,201,0.646766169154,1:71;2:12;3:9;4:2;5:3;6:2;8:1;12:1;24:1
CellTag_LSK_hematopoiesis,CellTag_LSK,multimodal,F029:CellTag_LSK_hematopoiesis:CellTag_LSK:multimodal:IBIP19_fateBreadth:fateBreadth,IBIP19_fateBreadth,fateBreadth,IBIP19:fateBreadth:RNA:P4,IBIP-19,RNAState,RNA,day2.5,201,165,False,False,True,True,exactFrozenMaps,eb44ea491d9fd9146118ba2009a2b622db0cf9129c31e30ffdd8f640a2a23fbd,,IBIP19_random_RNA,201,20100,9,15457,165,119,91,19981,20100,0.99407960199,1182,1189,0.994112699748,791,23898900,3.30977576374e-05,13,17,0.764705882353,15457,20100,0.769004975124,20100,20213,0.994409538416,False,False,56,201,0.278606965174,1:145;2:16;3:2;4:1;14:1
CellTag_LSK_hematopoiesis,CellTag_LSK,multimodal,F029:CellTag_LSK_hematopoiesis:CellTag_LSK:multimodal:IBIP19_fateBreadth:fateBreadth,IBIP19_fateBreadth,fateBreadth,IBIP19:fateBreadth:RNA:P5,IBIP-19,RNAState,RNA,day2.5,201,184,False,False,True,True,exactFrozenMaps,56f176230ae56198c34373606eb4458cfbcbe81cef2e8f753b5cdbbbebe10e1f,,IBIP19_random_RNA,201,20100,9,15457,184,34,27,10033,10050,0.998308457711,15430,15457,0.998253218606,-8581,155342850,-5.52391049862e-05,27,34,0.794117647059,15457,20100,0.769004975124,271350,262769,1.03265605912,False,False,9,67,0.134328358209,1:174;2:7;3:2;7:1
CellTag_LSK_hematopoiesis,CellTag_LSK,multimodal,F029:CellTag_LSK_hematopoiesis:CellTag_LSK:multimodal:IBIP19_fateBreadth:fateBreadth,IBIP19_fateBreadth,fateBreadth,IBIP19:fateBreadth:ATAC:A0,IBIP-19,ATACState,ATAC,day2.5,201,1,False,False,True,True,exactFrozenMaps,644d8b9eb40d317d70dce683c8bfd35c68b50ed0400e4970cc40af25584c3d93,IBIP19:fateBreadth:RNA:P0,IBIP19_random_ATAC,201,20100,9,15457,1,20100,15457,0,1,0,0,1,0,0,1,0,15457,20100,0.769004975124,15457,20100,0.769004975124,1,1,1,False,False,1,1,1,201:1
CellTag_LSK_hematopoiesis,CellTag_LSK,multimodal,F029:CellTag_LSK_hematopoiesis:CellTag_LSK:multimodal:IBIP19_fateBreadth:fateBreadth,IBIP19_fateBreadth,fateBreadth,IBIP19:fateBreadth:ATAC:A1,IBIP-19,ATACState,ATAC,day2.5,201,40,False,False,True,True,exactFrozenMaps,49aa0f481de11a5a303b42140ee4407e4b63ad4a9cb177b00bd330d983cee832,,IBIP19_random_ATAC,201,20100,9,15457,40,713,518,19387,20100,0.964527363184,14939,15457,0.966487675487,609041,310685700,0.00196031230275,518,713,0.726507713885,15457,20100,0.769004975124,10411800,11020841,0.944737339011,False,False,193,201,0.960199004975,1:8;2:5;3:6;4:3;5:4;6:2;7:3;8:2;9:2;11:2;14:1;15:2
CellTag_LSK_hematopoiesis,CellTag_LSK,multimodal,F029:CellTag_LSK_hematopoiesis:CellTag_LSK:multimodal:IBIP19_fateBreadth:fateBreadth,IBIP19_fateBreadth,fateBreadth,IBIP19:fateBreadth:ATAC:A2,IBIP-19,ATACState,ATAC,day2.5,201,173,False,False,True,True,exactFrozenMaps,fdebe0d85c3c650e98875580e01bd821f831d9c9e8ae2b136da45e416fdfad4c,,IBIP19_random_ATAC,201,20100,9,15457,173,51,30,6683,6700,0.997462686567,15427,15457,0.998059131785,61769,103561900,0.000596445217788,10,17,0.588235294118,15457,20100,0.769004975124,201000,262769,0.764930414166,False,False,16,67,0.238805970149,1:153;2:17;3:2;8:1
CellTag_LSK_hematopoiesis,CellTag_LSK,multimodal,F029:CellTag_LSK_hematopoiesis:CellTag_LSK:multimodal:IBIP19_fateBreadth:fateBreadth,IBIP19_fateBreadth,fateBreadth,IBIP19:fateBreadth:ATAC:A4,IBIP-19,ATACState,ATAC,day2.5,201,195,False,False,True,True,exactFrozenMaps,b6ba5a9cf8bcb8786be5c24ca572fc746eaf1fcd79ef80621d5ca49c229f64bd,,IBIP19_random_ATAC,201,20100,9,15457,195,12,7,1674,1675,0.999402985075,15450,15457,0.99954713075,3732,25890475,0.000144145675195,7,12,0.583333333333,15457,20100,0.769004975124,11725,15457,0.758555994048,False,False,3,67,0.044776119403,1:192;2:2;5:1
CellTag_LSK_hematopoiesis,CellTag_LSK,multimodal,F029:CellTag_LSK_hematopoiesis:CellTag_LSK:multimodal:IBIP19_fateBreadth:fateBreadth,IBIP19_fateBreadth,fateBreadth,IBIP19:fateBreadth:ATAC:A5,IBIP-19,ATACState,ATAC,day2.5,201,195,False,False,True,True,exactFrozenMaps,c0514e844df47a398e92c271c58569d27f1a3af75e8b56ace7781c710433e610,,IBIP19_random_ATAC,201,20100,9,15457,195,12,7,1674,1675,0.999402985075,15450,15457,0.99954713075,3732,25890475,0.000144145675195,7,12,0.583333333333,15457,20100,0.769004975124,11725,15457,0.758555994048,False,False,3,67,0.044776119403,1:192;2:2;5:1
CellTag_LSK_hematopoiesis,CellTag_LSK,multimodal,F029:CellTag_LSK_hematopoiesis:CellTag_LSK:multimodal:IBIP19_fateBreadth:fateBreadth,IBIP19_fateBreadth,fateBreadth,IBIP19:fateBreadth:JOINT:J0,IBIP-19,multimodalSnapshot,RNAxATAC,day2.5,201,1,False,False,True,True,exactFrozenMaps,aea5ba70c54a51d45bb9d4a898791b4f738bd67e97737277f766c421094f2a34,,IBIP19_sham_and_fiber,201,20100,9,15457,1,20100,15457,0,1,0,0,1,0,0,1,0,15457,20100,0.769004975124,15457,20100,0.769004975124,1,1,1,False,False,1,1,1,201:1
CellTag_LSK_hematopoiesis,CellTag_LSK,multimodal,F029:CellTag_LSK_hematopoiesis:CellTag_LSK:multimodal:IBIP19_fateBreadth:fateBreadth,IBIP19_fateBreadth,fateBreadth,IBIP19:fateBreadth:JOINT:J1,IBIP-19,multimodalSnapshot,RNAxATAC,day2.5,201,133,False,False,True,True,exactFrozenMaps,cbbe98c864115bed8b4a00340f41c1cb37d9364e853799f80dc5aa4be661cca1,,IBIP19_sham_and_fiber,201,20100,9,15457,133,131,93,19969,20100,0.993482587065,15364,15457,0.993983308533,155567,310685700,0.000500721468674,93,131,0.709923664122,15457,20100,0.769004975124,1869300,2024867,0.923171744119,False,False,104,201,0.517412935323,1:97;2:18;3:12;4:3;5:1;7:1;8:1
CellTag_LSK_hematopoiesis,CellTag_LSK,multimodal,F029:CellTag_LSK_hematopoiesis:CellTag_LSK:multimodal:IBIP19_fateBreadth:fateBreadth,IBIP19_fateBreadth,fateBreadth,IBIP19:fateBreadth:JOINT:J2,IBIP-19,multimodalSnapshot,RNAxATAC,day2.5,201,199,False,False,True,True,exactFrozenMaps,07e389ffa721f0f03906ccecdca0a035942bcfbd0beb0b05f1c7be1f0a714636,,IBIP19_sham_and_fiber,201,20100,9,15457,199,2,1,10049,10050,0.999900497512,15456,15457,0.999935304393,5407,155342850,3.48068803939e-05,1,2,0.5,15457,20100,0.769004975124,10050,15457,0.650190852041,False,False,4,201,0.0199004975124,1:197;2:2
CellTag_LSK_hematopoiesis,CellTag_LSK,multimodal,F029:CellTag_LSK_hematopoiesis:CellTag_LSK:multimodal:IBIP19_fateBreadth:fateBreadth,IBIP19_fateBreadth,fateBreadth,IBIP19:fateBreadth:JOINT:J4,IBIP-19,multimodalSnapshot,RNAxATAC,day2.5,201,200,False,False,True,True,exactFrozenMaps,3a598a88a45cbc98057a1330f4807a175f1db80ee4ea91e5825238164f6c23b6,,IBIP19_sham_and_fiber,201,20100,9,15457,200,1,1,20099,20100,0.999950248756,15456,15457,0.999935304393,-4643,310685700,-1.49443633872e-05,1,1,1,15457,20100,0.769004975124,20100,15457,1.30038170408,False,False,2,201,0.00995024875622,1:199;2:1
CellTag_LSK_hematopoiesis,CellTag_LSK,multimodal,F029:CellTag_LSK_hematopoiesis:CellTag_LSK:multimodal:IBIP19_fateBreadth:fateBreadth,IBIP19_fateBreadth,fateBreadth,IBIP19:fateBreadth:JOINT:J5,IBIP-19,multimodalSnapshot,RNAxATAC,day2.5,201,201,True,True,True,True,exactFrozenMaps,e208195b20f9232559f26d1f29808d153e471576afeb6a218882e2d90422007f,,IBIP19_sham_and_fiber,201,20100,9,15457,201,0,0,1,1,1,1,1,1,0,1,0,,,undefinedInjective,15457,20100,0.769004975124,,,undefinedInjective,True,False,0,1,0,1:201
CellTag_LSK_hematopoiesis,CellTag_LSK,pairedArms,F030:CellTag_LSK_hematopoiesis:CellTag_LSK:pairedArms:IBIP19_armInvariant:armInvariantFate,IBIP19_armInvariant,armInvariantFate,IBIP19:armInvariant:RNA:P0,IBIP-19,multimodalSnapshot,RNA,day2.5,89,1,False,False,True,True,exactFrozenMaps,8e4a8771d1692e84916310d4d71d16fe8b6744d0a468beb292b81d9b5da9e39e,,IBIP19_arm_controls,89,3916,22,1704,1,3916,1704,0,1,0,0,1,0,0,1,0,426,979,0.435137895812,426,979,0.435137895812,1,1,1,False,False,1,1,1,89:1
CellTag_LSK_hematopoiesis,CellTag_LSK,pairedArms,F030:CellTag_LSK_hematopoiesis:CellTag_LSK:pairedArms:IBIP19_armInvariant:armInvariantFate,IBIP19_armInvariant,armInvariantFate,IBIP19:armInvariant:RNA:P1,IBIP-19,multimodalSnapshot,RNA,day2.5,89,14,False,False,True,True,exactFrozenMaps,456aaebdd814548c5ec96bd18a2b667df426e89779f281e072c88a614ed42f08,,IBIP19_arm_controls,89,3916,22,1704,14,844,331,768,979,0.784473953013,1373,1704,0.805751173709,35495,1668216,0.0212772206956,331,844,0.392180094787,426,979,0.435137895812,324049,359544,0.901277729569,False,False,87,89,0.977528089888,1:2;2:3;3:2;5:3;6:1;7:1;8:1;39:1
CellTag_LSK_hematopoiesis,CellTag_LSK,pairedArms,F030:CellTag_LSK_hematopoiesis:CellTag_LSK:pairedArms:IBIP19_armInvariant:armInvariantFate,IBIP19_armInvariant,armInvariantFate,IBIP19:armInvariant:RNA:P2,IBIP-19,multimodalSnapshot,RNA,day2.5,89,54,False,False,True,True,exactFrozenMaps,bb7b6beeaa55e760b929687c7a962e41412dec54c286bcddb75f838cefa83242,,IBIP19_arm_controls,89,3916,22,1704,54,143,34,343,356,0.963483146067,835,852,0.980046948357,314,18957,0.0165638022894,34,143,0.237762237762,426,979,0.435137895812,1513,2769,0.546406644998,False,False,49,89,0.550561797753,1:40;2:10;3:1;5:1;6:1;15:1
CellTag_LSK_hematopoiesis,CellTag_LSK,pairedArms,F030:CellTag_LSK_hematopoiesis:CellTag_LSK:pairedArms:IBIP19_armInvariant:armInvariantFate,IBIP19_armInvariant,armInvariantFate,IBIP19:armInvariant:RNA:P4,IBIP-19,multimodalSnapshot,RNA,day2.5,89,74,False,False,True,True,exactFrozenMaps,65f7402cc45cb7b1d65a8e0f9cfa2548cd8b392beb527402ccaa13dddb255b0b,,IBIP19_arm_controls,89,3916,22,1704,74,43,11,3873,3916,0.989019407559,1693,1704,0.993544600939,7549,1668216,0.00452519338023,11,43,0.255813953488,426,979,0.435137895812,10769,18318,0.587891691233,False,False,23,89,0.258426966292,1:66;2:7;9:1
CellTag_LSK_hematopoiesis,CellTag_LSK,pairedArms,F030:CellTag_LSK_hematopoiesis:CellTag_LSK:pairedArms:IBIP19_armInvariant:armInvariantFate,IBIP19_armInvariant,armInvariantFate,IBIP19:armInvariant:RNA:P5,IBIP-19,multimodalSnapshot,RNA,day2.5,89,82,False,False,True,True,exactFrozenMaps,9c5e1dc8a3214f3a9c7e43fc0b26d8ea5342b97af35b0937b39697d2adaeb43e,,IBIP19_arm_controls,89,3916,22,1704,82,17,1,3899,3916,0.995658835546,1703,1704,0.99941314554,6263,1668216,0.00375430999343,1,17,0.0588235294118,426,979,0.435137895812,979,7242,0.135183650925,False,False,10,89,0.112359550562,1:79;2:2;6:1
CellTag_LSK_hematopoiesis,CellTag_LSK,pairedArms,F030:CellTag_LSK_hematopoiesis:CellTag_LSK:pairedArms:IBIP19_armInvariant:armInvariantFate,IBIP19_armInvariant,armInvariantFate,IBIP19:armInvariant:ATAC:A0,IBIP-19,multimodalSnapshot,ATAC,day2.5,89,1,False,False,True,True,exactFrozenMaps,8e4a8771d1692e84916310d4d71d16fe8b6744d0a468beb292b81d9b5da9e39e,IBIP19:armInvariant:RNA:P0,IBIP19_arm_controls,89,3916,22,1704,1,3916,1704,0,1,0,0,1,0,0,1,0,426,979,0.435137895812,426,979,0.435137895812,1,1,1,False,False,1,1,1,89:1
CellTag_LSK_hematopoiesis,CellTag_LSK,pairedArms,F030:CellTag_LSK_hematopoiesis:CellTag_LSK:pairedArms:IBIP19_armInvariant:armInvariantFate,IBIP19_armInvariant,armInvariantFate,IBIP19:armInvariant:ATAC:A1,IBIP-19,multimodalSnapshot,ATAC,day2.5,89,35,False,False,True,True,exactFrozenMaps,17afc67001e836d5eabcefd273da96199c4a12a57945c62f4cab6b30d5fb4c10,,IBIP19_arm_controls,89,3916,22,1704,35,144,49,943,979,0.963227783453,1655,1704,0.971244131455,13373,1668216,0.0080163480029,49,144,0.340277777778,426,979,0.435137895812,47971,61344,0.781999869588,False,False,73,89,0.820224719101,1:16;2:7;3:2;4:5;5:2;6:1;7:1;10:1
CellTag_LSK_hematopoiesis,CellTag_LSK,pairedArms,F030:CellTag_LSK_hematopoiesis:CellTag_LSK:pairedArms:IBIP19_armInvariant:armInvariantFate,IBIP19_armInvariant,armInvariantFate,IBIP19:armInvariant:ATAC:A2,IBIP-19,multimodalSnapshot,ATAC,day2.5,89,86,False,True,True,True,exactFrozenMaps,abc30cda9249e6930328599c7e122f67941af96068ff9a1c4694b120ccd5d46c,,IBIP19_arm_controls,89,3916,22,1704,86,3,0,3913,3916,0.999233912155,1,1,1,3,3916,0.00076608784474,0,1,0,426,979,0.435137895812,0,1,0,True,True,6,89,0.0674157303371,1:83;2:3
CellTag_LSK_hematopoiesis,CellTag_LSK,pairedArms,F030:CellTag_LSK_hematopoiesis:CellTag_LSK:pairedArms:IBIP19_armInvariant:armInvariantFate,IBIP19_armInvariant,armInvariantFate,IBIP19:armInvariant:ATAC:A4,IBIP-19,multimodalSnapshot,ATAC,day2.5,89,89,True,True,True,True,exactFrozenMaps,f9ecf11137be1adaf5a7723f5a58a31b0ecee26d3c48920d3226fa29f45e23ac,,IBIP19_arm_controls,89,3916,22,1704,89,0,0,1,1,1,1,1,1,0,1,0,,,undefinedInjective,426,979,0.435137895812,,,undefinedInjective,True,False,0,1,0,1:89
CellTag_LSK_hematopoiesis,CellTag_LSK,pairedArms,F030:CellTag_LSK_hematopoiesis:CellTag_LSK:pairedArms:IBIP19_armInvariant:armInvariantFate,IBIP19_armInvariant,armInvariantFate,IBIP19:armInvariant:ATAC:A5,IBIP-19,multimodalSnapshot,ATAC,day2.5,89,89,True,True,True,True,exactFrozenMaps,b834a874f22653f95cde76d937dbd7b975fe8b10440f77ba68bb32b30b4a7096,,IBIP19_arm_controls,89,3916,22,1704,89,0,0,1,1,1,1,1,1,0,1,0,,,undefinedInjective,426,979,0.435137895812,,,undefinedInjective,True,False,0,1,0,1:89
CellTag_LSK_hematopoiesis,CellTag_LSK,pairedArms,F030:CellTag_LSK_hematopoiesis:CellTag_LSK:pairedArms:IBIP19_armInvariant:armInvariantFate,IBIP19_armInvariant,armInvariantFate,IBIP19:armInvariant:JOINT:J0,IBIP-19,multimodalSnapshot,RNAxATAC,day2.5,89,1,False,False,True,True,exactFrozenMaps,610a48d21cc5c246b484cb22bac1298e3e1a0268a10c46b2c5bf937f572ee955,,IBIP19_arm_controls,89,3916,22,1704,1,3916,1704,0,1,0,0,1,0,0,1,0,426,979,0.435137895812,426,979,0.435137895812,1,1,1,False,False,1,1,1,89:1
CellTag_LSK_hematopoiesis,CellTag_LSK,pairedArms,F030:CellTag_LSK_hematopoiesis:CellTag_LSK:pairedArms:IBIP19_armInvariant:armInvariantFate,IBIP19_armInvariant,armInvariantFate,IBIP19:armInvariant:JOINT:J1,IBIP-19,multimodalSnapshot,RNAxATAC,day2.5,89,70,False,False,True,True,exactFrozenMaps,88bc8907a0d30d8f1860878099a4bcb2dc894f393451bbd5c3f161958ab59e7f,,IBIP19_arm_controls,89,3916,22,1704,70,32,11,971,979,0.991828396323,1693,1704,0.993544600939,2863,1668216,0.00171620461619,11,32,0.34375,426,979,0.435137895812,10769,13632,0.789979460094,False,False,29,89,0.325842696629,1:60;2:4;3:4;4:1;5:1
CellTag_LSK_hematopoiesis,CellTag_LSK,pairedArms,F030:CellTag_LSK_hematopoiesis:CellTag_LSK:pairedArms:IBIP19_armInvariant:armInvariantFate,IBIP19_armInvariant,armInvariantFate,IBIP19:armInvariant:JOINT:J2,IBIP-19,multimodalSnapshot,RNAxATAC,day2.5,89,89,True,True,True,True,exactFrozenMaps,bf3565bdde25fd8ffc4b68e78cd82f94a533a187d33e37e99ab6e5e12038fdf3,,IBIP19_arm_controls,89,3916,22,1704,89,0,0,1,1,1,1,1,1,0,1,0,,,undefinedInjective,426,979,0.435137895812,,,undefinedInjective,True,False,0,1,0,1:89
CellTag_LSK_hematopoiesis,CellTag_LSK,pairedArms,F030:CellTag_LSK_hematopoiesis:CellTag_LSK:pairedArms:IBIP19_armInvariant:armInvariantFate,IBIP19_armInvariant,armInvariantFate,IBIP19:armInvariant:JOINT:J4,IBIP-19,multimodalSnapshot,RNAxATAC,day2.5,89,89,True,True,True,True,exactFrozenMaps,1dfb2dff2cc04840bef9563373fe4b4847a5c526339731d15f72f5d199fa5ae7,,IBIP19_arm_controls,89,3916,22,1704,89,0,0,1,1,1,1,1,1,0,1,0,,,undefinedInjective,426,979,0.435137895812,,,undefinedInjective,True,False,0,1,0,1:89
CellTag_LSK_hematopoiesis,CellTag_LSK,pairedArms,F030:CellTag_LSK_hematopoiesis:CellTag_LSK:pairedArms:IBIP19_armInvariant:armInvariantFate,IBIP19_armInvariant,armInvariantFate,IBIP19:armInvariant:JOINT:J5,IBIP-19,multimodalSnapshot,RNAxATAC,day2.5,89,89,True,True,True,True,exactFrozenMaps,cf44378e0c251990079f8b7f1912e231169fa6bd13b31e828aefbd8b3d6fadb8,,IBIP19_arm_controls,89,3916,22,1704,89,0,0,1,1,1,1,1,1,0,1,0,,,undefinedInjective,426,979,0.435137895812,,,undefinedInjective,True,False,0,1,0,1:89
CellTag_iEP_reprogramming,CellTag_iEP,r1,F031:CellTag_iEP_reprogramming:CellTag_iEP:r1:r1_RNA_3_12_21:fineDay21Fate,r1_RNA_3_12_21,fineDay21Fate,IBIP20:r1:RNA:0:snapshotDay3,IBIP-20,snapshotDay3,RNA,D3-D12,206,1,False,False,True,True,exactFrozenMaps,79031d45f510d5cce0ce419de1b0d55e7a225aaa7c9824cdecd3fe36bc1f5507,,IBIP20_temporal_random_fiber_controls,206,21115,76,19298,1,21115,19298,0,1,0,0,1,0,0,1,0,19298,21115,0.913947430736,19298,21115,0.913947430736,1,1,1,False,False,1,1,1,206:1
CellTag_iEP_reprogramming,CellTag_iEP,r1,F031:CellTag_iEP_reprogramming:CellTag_iEP:r1:r1_RNA_3_12_21:fineDay21Fate,r1_RNA_3_12_21,fineDay21Fate,IBIP20:r1:RNA:0:day12State,IBIP-20,day12State,RNA,D3-D12,206,1,False,False,True,True,exactFrozenMaps,79031d45f510d5cce0ce419de1b0d55e7a225aaa7c9824cdecd3fe36bc1f5507,IBIP20:r1:RNA:0:snapshotDay3,IBIP20_temporal_random_fiber_controls,206,21115,76,19298,1,21115,19298,0,1,0,0,1,0,0,1,0,19298,21115,0.913947430736,19298,21115,0.913947430736,1,1,1,False,False,1,1,1,206:1
CellTag_iEP_reprogramming,CellTag_iEP,r1,F031:CellTag_iEP_reprogramming:CellTag_iEP:r1:r1_RNA_3_12_21:fineDay21Fate,r1_RNA_3_12_21,fineDay21Fate,IBIP20:r1:RNA:0:orderedHistory,IBIP-20,orderedHistory,RNA,D3-D12,206,1,False,False,True,True,exactFrozenMaps,19a54e75af603ff742de3efb50c4f9580a2d979088ff6ecc6a38911228acb5bd,,IBIP20_temporal_random_fiber_controls,206,21115,76,19298,1,21115,19298,0,1,0,0,1,0,0,1,0,19298,21115,0.913947430736,19298,21115,0.913947430736,1,1,1,False,False,1,1,1,206:1
CellTag_iEP_reprogramming,CellTag_iEP,r1,F031:CellTag_iEP_reprogramming:CellTag_iEP:r1:r1_RNA_3_12_21:fineDay21Fate,r1_RNA_3_12_21,fineDay21Fate,IBIP20:r1:RNA:0:unorderedHistory,IBIP-20,unorderedHistory,RNA,D3-D12,206,1,False,False,True,True,exactFrozenMaps,19a54e75af603ff742de3efb50c4f9580a2d979088ff6ecc6a38911228acb5bd,IBIP20:r1:RNA:0:orderedHistory,IBIP20_temporal_random_fiber_controls,206,21115,76,19298,1,21115,19298,0,1,0,0,1,0,0,1,0,19298,21115,0.913947430736,19298,21115,0.913947430736,1,1,1,False,False,1,1,1,206:1
CellTag_iEP_reprogramming,CellTag_iEP,r1,F031:CellTag_iEP_reprogramming:CellTag_iEP:r1:r1_RNA_3_12_21:fineDay21Fate,r1_RNA_3_12_21,fineDay21Fate,IBIP20:r1:RNA:0:reversedHistory,IBIP-20,reversedHistory,RNA,D3-D12,206,1,False,False,True,True,exactFrozenMaps,19a54e75af603ff742de3efb50c4f9580a2d979088ff6ecc6a38911228acb5bd,IBIP20:r1:RNA:0:orderedHistory,IBIP20_temporal_random_fiber_controls,206,21115,76,19298,1,21115,19298,0,1,0,0,1,0,0,1,0,19298,21115,0.913947430736,19298,21115,0.913947430736,1,1,1,False,False,1,1,1,206:1
CellTag_iEP_reprogramming,CellTag_iEP,r1,F031:CellTag_iEP_reprogramming:CellTag_iEP:r1:r1_RNA_3_12_21:fineDay21Fate,r1_RNA_3_12_21,fineDay21Fate,IBIP20:r1:RNA:0:transitionSignature,IBIP-20,transitionSignature,RNA,D3-D12,206,1,False,False,True,True,exactFrozenMaps,79031d45f510d5cce0ce419de1b0d55e7a225aaa7c9824cdecd3fe36bc1f5507,IBIP20:r1:RNA:0:snapshotDay3,IBIP20_temporal_random_fiber_controls,206,21115,76,19298,1,21115,19298,0,1,0,0,1,0,0,1,0,19298,21115,0.913947430736,19298,21115,0.913947430736,1,1,1,False,False,1,1,1,206:1
CellTag_iEP_reprogramming,CellTag_iEP,r1,F031:CellTag_iEP_reprogramming:CellTag_iEP:r1:r1_RNA_3_12_21:fineDay21Fate,r1_RNA_3_12_21,fineDay21Fate,IBIP20:r1:RNA:1:snapshotDay3,IBIP-20,snapshotDay3,RNA,D3-D12,206,16,False,False,True,True,exactFrozenMaps,4421023ad62112944d40292ff5496cd7ec5c268ed8fe250d306b2b37e03d396d,,IBIP20_temporal_random_fiber_controls,206,21115,76,19298,16,2528,2307,18587,21115,0.880274686242,16991,19298,0.88045393305,73039,407477270,0.000179246808049,2307,2528,0.912579113924,19298,21115,0.913947430736,48712305,48785344,0.998502849544,False,False,1,1,1,2:1;3:1;4:1;5:2;7:2;8:1;11:1;12:1;13:1;14:1;17:1;18:1;23:1;57:1
CellTag_iEP_reprogramming,CellTag_iEP,r1,F031:CellTag_iEP_reprogramming:CellTag_iEP:r1:r1_RNA_3_12_21:fineDay21Fate,r1_RNA_3_12_21,fineDay21Fate,IBIP20:r1:RNA:1:day12State,IBIP-20,day12State,RNA,D3-D12,206,6,False,False,True,True,exactFrozenMaps,d06eab4e7b140847585881a80581b66c7dbf7cb7b5cecee8a623bede5790ebe4,,IBIP20_temporal_random_fiber_controls,206,21115,76,19298,6,18172,16772,2943,21115,0.139379587971,1263,9649,0.130894393201,-1728762,203738635,-0.00848519476927,599,649,0.922958397535,19298,21115,0.913947430736,12647885,12524402,1.00985939289,False,False,102,103,0.990291262136,1:2;3:2;7:1;191:1
CellTag_iEP_reprogramming,CellTag_iEP,r1,F031:CellTag_iEP_reprogramming:CellTag_iEP:r1:r1_RNA_3_12_21:fineDay21Fate,r1_RNA_3_12_21,fineDay21Fate,IBIP20:r1:RNA:1:orderedHistory,IBIP-20,orderedHistory,RNA,D3-D12,206,30,False,False,True,True,exactFrozenMaps,29065e3a5ccdab8ca66b0f76bc9b2d494d7fddf017ea7f895249891aeb70d80b,,IBIP20_temporal_random_fiber_controls,206,21115,76,19298,30,2216,2033,18899,21115,0.895050911674,17265,19298,0.894652295575,-162427,407477270,-0.000398616099494,2033,2216,0.917418772563,19298,21115,0.913947430736,42926795,42764368,1.00379818544,False,False,193,206,0.936893203883,1:13;2:3;4:3;5:2;8:1;11:2;13:2;17:2;22:1;53:1
CellTag_iEP_reprogramming,CellTag_iEP,r1,F031:CellTag_iEP_reprogramming:CellTag_iEP:r1:r1_RNA_3_12_21:fineDay21Fate,r1_RNA_3_12_21,fineDay21Fate,IBIP20:r1:RNA:1:unorderedHistory,IBIP-20,unorderedHistory,RNA,D3-D12,206,26,False,False,True,True,exactFrozenMaps,f9f883f47ca482c2844d990782ad32e7599aaa22e02cb2265085fc24b6b65d42,,IBIP20_temporal_random_fiber_controls,206,21115,76,19298,26,2253,2067,18862,21115,0.893298602889,17231,19298,0.892890454969,-166311,407477270,-0.000408147919515,689,751,0.917443408788,19298,21115,0.913947430736,14548235,14492798,1.00382514129,False,False,197,206,0.956310679612,1:9;2:3;4:2;5:2;6:1;8:1;11:1;12:1;13:2;17:1;18:1;22:1;53:1
CellTag_iEP_reprogramming,CellTag_iEP,r1,F031:CellTag_iEP_reprogramming:CellTag_iEP:r1:r1_RNA_3_12_21:fineDay21Fate,r1_RNA_3_12_21,fineDay21Fate,IBIP20:r1:RNA:1:reversedHistory,IBIP-20,reversedHistory,RNA,D3-D12,206,30,False,False,True,True,exactFrozenMaps,0bbc71f38217ad2afb429eab323c779c7438d909492891b3b5788bb41bb71d95,,IBIP20_temporal_random_fiber_controls,206,21115,76,19298,30,2216,2033,18899,21115,0.895050911674,17265,19298,0.894652295575,-162427,407477270,-0.000398616099494,2033,2216,0.917418772563,19298,21115,0.913947430736,42926795,42764368,1.00379818544,False,False,193,206,0.936893203883,1:13;2:3;4:3;5:2;8:1;11:2;13:2;17:2;22:1;53:1
CellTag_iEP_reprogramming,CellTag_iEP,r1,F031:CellTag_iEP_reprogramming:CellTag_iEP:r1:r1_RNA_3_12_21:fineDay21Fate,r1_RNA_3_12_21,fineDay21Fate,IBIP20:r1:RNA:1:transitionSignature,IBIP-20,transitionSignature,RNA,D3-D12,206,24,False,False,True,True,exactFrozenMaps,c267a2c917a4bb9ff7aec6a894cb0816ea2d041e3d7892a7810fff084e19a297,,IBIP20_temporal_random_fiber_controls,206,21115,76,19298,24,2273,2088,18842,21115,0.892351408951,8605,9649,0.891802259301,-111883,203738635,-0.000549149649501,2088,2273,0.918609766828,19298,21115,0.913947430736,22044060,21932177,1.00510131758,False,False,199,206,0.966019417476,1:7;2:3;4:1;5:4;8:1;11:1;13:1;14:2;17:2;22:1;53:1
CellTag_iEP_reprogramming,CellTag_iEP,r1,F031:CellTag_iEP_reprogramming:CellTag_iEP:r1:r1_RNA_3_12_21:fineDay21Fate,r1_RNA_3_12_21,fineDay21Fate,IBIP20:r1:RNA:2:snapshotDay3,IBIP-20,snapshotDay3,RNA,D3-D12,206,87,False,False,True,True,exactFrozenMaps,c3be43b025fe36dd0b2634b16f5d1b015263233867d36919968284d17eee9f59,,IBIP20_temporal_random_fiber_controls,206,21115,76,19298,87,671,618,20444,21115,0.968221643381,9340,9649,0.967975956058,-50056,203738635,-0.00024568732386,618,671,0.921013412817,19298,21115,0.913947430736,6524535,6474479,1.00773127845,False,False,83,103,0.805825242718,1:40;2:22;3:17;4:3;5:2;8:1;9:1;32:1
CellTag_iEP_reprogramming,CellTag_iEP,r1,F031:CellTag_iEP_reprogramming:CellTag_iEP:r1:r1_RNA_3_12_21:fineDay21Fate,r1_RNA_3_12_21,fineDay21Fate,IBIP20:r1:RNA:2:day12State,IBIP-20,day12State,RNA,D3-D12,206,14,False,False,True,True,exactFrozenMaps,4274973e5759f65fc24f0093b0f6f61f93d6cbdd64f733a3f0e8824fb75de948,,IBIP20_temporal_random_fiber_controls,206,21115,76,19298,14,13950,12996,1433,4223,0.339332228274,3151,9649,0.326562338066,-520344,40747727,-0.0127698902076,722,775,0.931612903226,19298,21115,0.913947430736,1524503,1495595,1.01932876213,False,False,100,103,0.970873786408,1:6;2:2;3:2;6:1;7:1;10:1;167:1
CellTag_iEP_reprogramming,CellTag_iEP,r1,F031:CellTag_iEP_reprogramming:CellTag_iEP:r1:r1_RNA_3_12_21:fineDay21Fate,r1_RNA_3_12_21,fineDay21Fate,IBIP20:r1:RNA:2:orderedHistory,IBIP-20,orderedHistory,RNA,D3-D12,206,116,False,False,True,True,exactFrozenMaps,a5be854030dd71d95a5acdd21d6ba2b772028afcae07ecb764facf7e1c55b055,,IBIP20_temporal_random_fiber_controls,206,21115,76,19298,116,465,437,4130,4223,0.977977740942,18861,19298,0.977355166338,-50737,81495454,-0.000622574603977,437,465,0.939784946237,19298,21115,0.913947430736,1845451,1794714,1.0282702425,False,False,129,206,0.626213592233,1:77;2:23;3:10;4:3;6:1;8:1;27:1
CellTag_iEP_reprogramming,CellTag_iEP,r1,F031:CellTag_iEP_reprogramming:CellTag_iEP:r1:r1_RNA_3_12_21:fineDay21Fate,r1_RNA_3_12_21,fineDay21Fate,IBIP20:r1:RNA:2:unorderedHistory,IBIP-20,unorderedHistory,RNA,D3-D12,206,114,False,False,True,True,exactFrozenMaps,c6785d65f9405e14392fe9f41764bc2e5dac65ff84c90d92fbf468472b69cf3b,,IBIP20_temporal_random_fiber_controls,206,21115,76,19298,114,478,448,20637,21115,0.977362064883,9425,9649,0.976785159084,-117538,203738635,-0.000576905798942,224,239,0.937238493724,19298,21115,0.913947430736,2364880,2306111,1.02548402917,False,False,131,206,0.635922330097,1:75;2:23;3:10;4:3;8:2;27:1
CellTag_iEP_reprogramming,CellTag_iEP,r1,F031:CellTag_iEP_reprogramming:CellTag_iEP:r1:r1_RNA_3_12_21:fineDay21Fate,r1_RNA_3_12_21,fineDay21Fate,IBIP20:r1:RNA:2:reversedHistory,IBIP-20,reversedHistory,RNA,D3-D12,206,116,False,False,True,True,exactFrozenMaps,e08b583b9ba8dc5d013bd8323ce957c3dc5bfae7816553568887a608c97f2da1,,IBIP20_temporal_random_fiber_controls,206,21115,76,19298,116,465,437,4130,4223,0.977977740942,18861,19298,0.977355166338,-50737,81495454,-0.000622574603977,437,465,0.939784946237,19298,21115,0.913947430736,1845451,1794714,1.0282702425,False,False,129,206,0.626213592233,1:77;2:23;3:10;4:3;6:1;8:1;27:1
CellTag_iEP_reprogramming,CellTag_iEP,r1,F031:CellTag_iEP_reprogramming:CellTag_iEP:r1:r1_RNA_3_12_21:fineDay21Fate,r1_RNA_3_12_21,fineDay21Fate,IBIP20:r1:RNA:2:transitionSignature,IBIP-20,transitionSignature,RNA,D3-D12,206,108,False,False,True,True,exactFrozenMaps,6695f5ea5568c53fdbeaa9549f31ca39a8d4b5793d58a417f66c2e192546859c,,IBIP20_temporal_random_fiber_controls,206,21115,76,19298,108,509,476,20606,21115,0.975893914279,9411,9649,0.975334231527,-114029,203738635,-0.000559682752366,476,509,0.935166994106,19298,21115,0.913947430736,5025370,4911341,1.02321748785,False,False,141,206,0.684466019417,1:65;2:26;3:10;4:4;6:1;9:1;28:1
CellTag_iEP_reprogramming,CellTag_iEP,r1,F031:CellTag_iEP_reprogramming:CellTag_iEP:r1:r1_RNA_3_12_21:fineDay21Fate,r1_RNA_3_12_21,fineDay21Fate,IBIP20:r1:RNA:4:snapshotDay3,IBIP-20,snapshotDay3,RNA,D3-D12,206,149,False,False,True,True,exactFrozenMaps,6d2a9de250ca98af1c6c7396df1afbb94391ca6f1c57a1f1ec3e76f35dcb273c,,IBIP20_temporal_random_fiber_controls,206,21115,76,19298,149,423,385,20692,21115,0.979966848212,18913,19298,0.980049746088,33779,407477270,8.2897875506e-05,385,423,0.910165484634,19298,21115,0.913947430736,8129275,8163054,0.995861965387,False,False,39,103,0.378640776699,1:128;2:14;3:3;4:2;5:1;28:1
CellTag_iEP_reprogramming,CellTag_iEP,r1,F031:CellTag_iEP_reprogramming:CellTag_iEP:r1:r1_RNA_3_12_21:fineDay21Fate,r1_RNA_3_12_21,fineDay21Fate,IBIP20:r1:RNA:4:day12State,IBIP-20,day12State,RNA,D3-D12,206,23,False,False,True,True,exactFrozenMaps,7f4cf49375df3ab1e541cc8671f57e556d0773be89d5c13a5b5c30d30643ee3a,,IBIP20_temporal_random_fiber_controls,206,21115,76,19298,23,12937,12105,8178,21115,0.387307601231,7193,19298,0.372732925692,-5938849,407477270,-0.0145746755396,12105,12937,0.935688335781,19298,21115,0.913947430736,255597075,249658226,1.02378791637,False,False,193,206,0.936893203883,1:13;2:5;4:1;5:1;6:1;7:1;161:1
CellTag_iEP_reprogramming,CellTag_iEP,r1,F031:CellTag_iEP_reprogramming:CellTag_iEP:r1:r1_RNA_3_12_21:fineDay21Fate,r1_RNA_3_12_21,fineDay21Fate,IBIP20:r1:RNA:4:orderedHistory,IBIP-20,orderedHistory,RNA,D3-D12,206,165,False,False,True,True,exactFrozenMaps,f5f6e7cdf1f532db524b868a5dc407afc220f17d2729a2234ea62f62f8fe1b92,,IBIP20_temporal_random_fiber_controls,206,21115,76,19298,165,238,227,20877,21115,0.988728392138,19071,19298,0.988237123018,-200181,407477270,-0.000491269120361,227,238,0.953781512605,19298,21115,0.913947430736,4793105,4592924,1.04358465326,False,False,57,206,0.276699029126,1:149;2:10;3:4;4:1;21:1
CellTag_iEP_reprogramming,CellTag_iEP,r1,F031:CellTag_iEP_reprogramming:CellTag_iEP:r1:r1_RNA_3_12_21:fineDay21Fate,r1_RNA_3_12_21,fineDay21Fate,IBIP20:r1:RNA:4:unorderedHistory,IBIP-20,unorderedHistory,RNA,D3-D12,206,163,False,False,True,True,exactFrozenMaps,cdf8fc5bd2cf3c5dd4e562b65cd1e28a0e5aac642c38ccb99b8331f57c640a46,,IBIP20_temporal_random_fiber_controls,206,21115,76,19298,163,243,232,20872,21115,0.988491593654,9533,9649,0.987978028811,-104633,203738635,-0.000513564842525,232,243,0.954732510288,19298,21115,0.913947430736,2449340,2344707,1.04462519197,False,False,30,103,0.291262135922,1:146;2:11;3:4;5:1;21:1
CellTag_iEP_reprogramming,CellTag_iEP,r1,F031:CellTag_iEP_reprogramming:CellTag_iEP:r1:r1_RNA_3_12_21:fineDay21Fate,r1_RNA_3_12_21,fineDay21Fate,IBIP20:r1:RNA:4:reversedHistory,IBIP-20,reversedHistory,RNA,D3-D12,206,165,False,False,True,True,exactFrozenMaps,a5bff4595d6838ef71c8ceeec44d32cc8b2a29f96828891e7ea8c2db235aa1f2,,IBIP20_temporal_random_fiber_controls,206,21115,76,19298,165,238,227,20877,21115,0.988728392138,19071,19298,0.988237123018,-200181,407477270,-0.000491269120361,227,238,0.953781512605,19298,21115,0.913947430736,4793105,4592924,1.04358465326,False,False,57,206,0.276699029126,1:149;2:10;3:4;4:1;21:1
CellTag_iEP_reprogramming,CellTag_iEP,r1,F031:CellTag_iEP_reprogramming:CellTag_iEP:r1:r1_RNA_3_12_21:fineDay21Fate,r1_RNA_3_12_21,fineDay21Fate,IBIP20:r1:RNA:4:transitionSignature,IBIP-20,transitionSignature,RNA,D3-D12,206,161,False,False,True,True,exactFrozenMaps,fbcde5bda3feec2e2b43a0826eaf05a4475b194e62293d018731d9a6b3312cc0,,IBIP20_temporal_random_fiber_controls,206,21115,76,19298,161,262,250,20853,21115,0.987591759413,9524,9649,0.987045289667,-111337,203738635,-0.000546469745417,125,131,0.954198473282,19298,21115,0.913947430736,2639375,2528038,1.0440408728,False,False,32,103,0.31067961165,1:142;2:13;3:4;4:1;22:1
CellTag_iEP_reprogramming,CellTag_iEP,r1,F031:CellTag_iEP_reprogramming:CellTag_iEP:r1:r1_RNA_3_12_21:fineDay21Fate,r1_RNA_3_12_21,fineDay21Fate,IBIP20:r1:RNA:5:snapshotDay3,IBIP-20,snapshotDay3,RNA,D3-D12,206,186,False,False,True,True,exactFrozenMaps,93a240cc7169e1aacf5b7838880b87caa645d495863aaa43501b15b0eeca7e13,,IBIP20_temporal_random_fiber_controls,206,21115,76,19298,186,47,44,21068,21115,0.997774094246,9627,9649,0.997719970981,-11027,203738635,-5.4123264348e-05,44,47,0.936170212766,19298,21115,0.913947430736,464530,453503,1.0243151644,False,False,29,206,0.140776699029,1:177;2:4;3:3;4:1;8:1
CellTag_iEP_reprogramming,CellTag_iEP,r1,F031:CellTag_iEP_reprogramming:CellTag_iEP:r1:r1_RNA_3_12_21:fineDay21Fate,r1_RNA_3_12_21,fineDay21Fate,IBIP20:r1:RNA:5:day12State,IBIP-20,day12State,RNA,D3-D12,206,116,False,False,True,True,exactFrozenMaps,2142ff33aeff158bd7107ed0e37d7f57baba40d14b28142bad09e568709909c7,,IBIP20_temporal_random_fiber_controls,206,21115,76,19298,116,2079,1720,19036,21115,0.901539190149,8789,9649,0.910871592911,1901371,203738635,0.009332402762,1720,2079,0.827320827321,19298,21115,0.913947430736,18158900,20060271,0.905217083059,False,False,51,103,0.495145631068,1:104;2:5;3:2;4:1;5:1;6:1;7:1;64:1
CellTag_iEP_reprogramming,CellTag_iEP,r1,F031:CellTag_iEP_reprogramming:CellTag_iEP:r1:r1_RNA_3_12_21:fineDay21Fate,r1_RNA_3_12_21,fineDay21Fate,IBIP20:r1:RNA:5:orderedHistory,IBIP-20,orderedHistory,RNA,D3-D12,206,201,False,False,True,True,exactFrozenMaps,a4537e363f022d5279f51ca4944471d600da63468f9cd295ad419de879174d9e,,IBIP20_temporal_random_fiber_controls,206,21115,76,19298,201,6,6,21109,21115,0.999715841819,9646,9649,0.999689086952,-5451,203738635,-2.67548665966e-05,1,1,1,19298,21115,0.913947430736,21115,19298,1.0941548347,False,False,9,206,0.0436893203883,1:197;2:3;3:1
CellTag_iEP_reprogramming,CellTag_iEP,r1,F031:CellTag_iEP_reprogramming:CellTag_iEP:r1:r1_RNA_3_12_21:fineDay21Fate,r1_RNA_3_12_21,fineDay21Fate,IBIP20:r1:RNA:5:unorderedHistory,IBIP-20,unorderedHistory,RNA,D3-D12,206,201,False,False,True,True,exactFrozenMaps,95795ac292807a595288542a86454ef1074372dc9a316730217f02276abf6138,,IBIP20_temporal_random_fiber_controls,206,21115,76,19298,201,6,6,21109,21115,0.999715841819,9646,9649,0.999689086952,-5451,203738635,-2.67548665966e-05,1,1,1,19298,21115,0.913947430736,21115,19298,1.0941548347,False,False,9,206,0.0436893203883,1:197;2:3;3:1
CellTag_iEP_reprogramming,CellTag_iEP,r1,F031:CellTag_iEP_reprogramming:CellTag_iEP:r1:r1_RNA_3_12_21:fineDay21Fate,r1_RNA_3_12_21,fineDay21Fate,IBIP20:r1:RNA:5:reversedHistory,IBIP-20,reversedHistory,RNA,D3-D12,206,201,False,False,True,True,exactFrozenMaps,f3aca00328221dc97f4e4095e133e78618b0a6b4be5b4e0a2c149c5fc1fcee8e,,IBIP20_temporal_random_fiber_controls,206,21115,76,19298,201,6,6,21109,21115,0.999715841819,9646,9649,0.999689086952,-5451,203738635,-2.67548665966e-05,1,1,1,19298,21115,0.913947430736,21115,19298,1.0941548347,False,False,9,206,0.0436893203883,1:197;2:3;3:1
CellTag_iEP_reprogramming,CellTag_iEP,r1,F031:CellTag_iEP_reprogramming:CellTag_iEP:r1:r1_RNA_3_12_21:fineDay21Fate,r1_RNA_3_12_21,fineDay21Fate,IBIP20:r1:RNA:5:transitionSignature,IBIP-20,transitionSignature,RNA,D3-D12,206,178,False,False,True,True,exactFrozenMaps,5c91d09847aa7572f7f59c2a9d416128514673f59c43b553cbb77ec6191b67c2,,IBIP20_temporal_random_fiber_controls,206,21115,76,19298,178,81,77,21034,21115,0.996163864551,19221,19298,0.996009949218,-62717,407477270,-0.000153915333731,77,81,0.950617283951,19298,21115,0.913947430736,1625855,1563138,1.04012249718,False,False,39,206,0.18932038835,1:167;2:7;3:1;6:1;8:2
CellTag_iEP_reprogramming,CellTag_iEP,r1,F032:CellTag_iEP_reprogramming:CellTag_iEP:r1:r1_RNA_3_12_21:sourceGroupedDay21Fate,r1_RNA_3_12_21,sourceGroupedDay21Fate,IBIP20:r1:RNA:0:snapshotDay3,IBIP-20,snapshotDay3,RNA,D3-D12,206,1,False,False,True,True,exactFrozenMaps,79031d45f510d5cce0ce419de1b0d55e7a225aaa7c9824cdecd3fe36bc1f5507,,IBIP20_temporal_random_fiber_controls,206,21115,46,16488,1,21115,16488,0,1,0,0,1,0,0,1,0,16488,21115,0.780866682453,16488,21115,0.780866682453,1,1,1,False,False,1,1,1,206:1
CellTag_iEP_reprogramming,CellTag_iEP,r1,F032:CellTag_iEP_reprogramming:CellTag_iEP:r1:r1_RNA_3_12_21:sourceGroupedDay21Fate,r1_RNA_3_12_21,sourceGroupedDay21Fate,IBIP20:r1:RNA:0:day12State,IBIP-20,day12State,RNA,D3-D12,206,1,False,False,True,True,exactFrozenMaps,79031d45f510d5cce0ce419de1b0d55e7a225aaa7c9824cdecd3fe36bc1f5507,IBIP20:r1:RNA:0:snapshotDay3,IBIP20_temporal_random_fiber_controls,206,21115,46,16488,1,21115,16488,0,1,0,0,1,0,0,1,0,16488,21115,0.780866682453,16488,21115,0.780866682453,1,1,1,False,False,1,1,1,206:1
CellTag_iEP_reprogramming,CellTag_iEP,r1,F032:CellTag_iEP_reprogramming:CellTag_iEP:r1:r1_RNA_3_12_21:sourceGroupedDay21Fate,r1_RNA_3_12_21,sourceGroupedDay21Fate,IBIP20:r1:RNA:0:orderedHistory,IBIP-20,orderedHistory,RNA,D3-D12,206,1,False,False,True,True,exactFrozenMaps,19a54e75af603ff742de3efb50c4f9580a2d979088ff6ecc6a38911228acb5bd,,IBIP20_temporal_random_fiber_controls,206,21115,46,16488,1,21115,16488,0,1,0,0,1,0,0,1,0,16488,21115,0.780866682453,16488,21115,0.780866682453,1,1,1,False,False,1,1,1,206:1
CellTag_iEP_reprogramming,CellTag_iEP,r1,F032:CellTag_iEP_reprogramming:CellTag_iEP:r1:r1_RNA_3_12_21:sourceGroupedDay21Fate,r1_RNA_3_12_21,sourceGroupedDay21Fate,IBIP20:r1:RNA:0:unorderedHistory,IBIP-20,unorderedHistory,RNA,D3-D12,206,1,False,False,True,True,exactFrozenMaps,19a54e75af603ff742de3efb50c4f9580a2d979088ff6ecc6a38911228acb5bd,IBIP20:r1:RNA:0:orderedHistory,IBIP20_temporal_random_fiber_controls,206,21115,46,16488,1,21115,16488,0,1,0,0,1,0,0,1,0,16488,21115,0.780866682453,16488,21115,0.780866682453,1,1,1,False,False,1,1,1,206:1
CellTag_iEP_reprogramming,CellTag_iEP,r1,F032:CellTag_iEP_reprogramming:CellTag_iEP:r1:r1_RNA_3_12_21:sourceGroupedDay21Fate,r1_RNA_3_12_21,sourceGroupedDay21Fate,IBIP20:r1:RNA:0:reversedHistory,IBIP-20,reversedHistory,RNA,D3-D12,206,1,False,False,True,True,exactFrozenMaps,19a54e75af603ff742de3efb50c4f9580a2d979088ff6ecc6a38911228acb5bd,IBIP20:r1:RNA:0:orderedHistory,IBIP20_temporal_random_fiber_controls,206,21115,46,16488,1,21115,16488,0,1,0,0,1,0,0,1,0,16488,21115,0.780866682453,16488,21115,0.780866682453,1,1,1,False,False,1,1,1,206:1
CellTag_iEP_reprogramming,CellTag_iEP,r1,F032:CellTag_iEP_reprogramming:CellTag_iEP:r1:r1_RNA_3_12_21:sourceGroupedDay21Fate,r1_RNA_3_12_21,sourceGroupedDay21Fate,IBIP20:r1:RNA:0:transitionSignature,IBIP-20,transitionSignature,RNA,D3-D12,206,1,False,False,True,True,exactFrozenMaps,79031d45f510d5cce0ce419de1b0d55e7a225aaa7c9824cdecd3fe36bc1f5507,IBIP20:r1:RNA:0:snapshotDay3,IBIP20_temporal_random_fiber_controls,206,21115,46,16488,1,21115,16488,0,1,0,0,1,0,0,1,0,16488,21115,0.780866682453,16488,21115,0.780866682453,1,1,1,False,False,1,1,1,206:1
CellTag_iEP_reprogramming,CellTag_iEP,r1,F032:CellTag_iEP_reprogramming:CellTag_iEP:r1:r1_RNA_3_12_21:sourceGroupedDay21Fate,r1_RNA_3_12_21,sourceGroupedDay21Fate,IBIP20:r1:RNA:1:snapshotDay3,IBIP-20,snapshotDay3,RNA,D3-D12,206,16,False,False,True,True,exactFrozenMaps,4421023ad62112944d40292ff5496cd7ec5c268ed8fe250d306b2b37e03d396d,,IBIP20_temporal_random_fiber_controls,206,21115,46,16488,16,2528,1882,18587,21115,0.880274686242,7303,8244,0.885856380398,971617,174072060,0.00558169415586,941,1264,0.744462025316,16488,21115,0.780866682453,19869215,20840832,0.953379164517,False,False,1,1,1,2:1;3:1;4:1;5:2;7:2;8:1;11:1;12:1;13:1;14:1;17:1;18:1;23:1;57:1
CellTag_iEP_reprogramming,CellTag_iEP,r1,F032:CellTag_iEP_reprogramming:CellTag_iEP:r1:r1_RNA_3_12_21:sourceGroupedDay21Fate,r1_RNA_3_12_21,sourceGroupedDay21Fate,IBIP20:r1:RNA:1:day12State,IBIP-20,day12State,RNA,D3-D12,206,6,False,False,True,True,exactFrozenMaps,d06eab4e7b140847585881a80581b66c7dbf7cb7b5cecee8a623bede5790ebe4,,IBIP20_temporal_random_fiber_controls,206,21115,46,16488,6,18172,14343,2943,21115,0.139379587971,715,5496,0.130094614265,-1077503,116048040,-0.00928497370572,2049,2596,0.789291217257,16488,21115,0.780866682453,14421545,14267616,1.01078869799,False,False,102,103,0.990291262136,1:2;3:2;7:1;191:1
CellTag_iEP_reprogramming,CellTag_iEP,r1,F032:CellTag_iEP_reprogramming:CellTag_iEP:r1:r1_RNA_3_12_21:sourceGroupedDay21Fate,r1_RNA_3_12_21,sourceGroupedDay21Fate,IBIP20:r1:RNA:1:orderedHistory,IBIP-20,orderedHistory,RNA,D3-D12,206,30,False,False,True,True,exactFrozenMaps,29065e3a5ccdab8ca66b0f76bc9b2d494d7fddf017ea7f895249891aeb70d80b,,IBIP20_temporal_random_fiber_controls,206,21115,46,16488,30,2216,1654,18899,21115,0.895050911674,7417,8244,0.899684619117,806599,174072060,0.00463370744277,827,1108,0.746389891697,16488,21115,0.780866682453,17462105,18268704,0.955848044831,False,False,193,206,0.936893203883,1:13;2:3;4:3;5:2;8:1;11:2;13:2;17:2;22:1;53:1
CellTag_iEP_reprogramming,CellTag_iEP,r1,F032:CellTag_iEP_reprogramming:CellTag_iEP:r1:r1_RNA_3_12_21:sourceGroupedDay21Fate,r1_RNA_3_12_21,sourceGroupedDay21Fate,IBIP20:r1:RNA:1:unorderedHistory,IBIP-20,unorderedHistory,RNA,D3-D12,206,26,False,False,True,True,exactFrozenMaps,f9f883f47ca482c2844d990782ad32e7599aaa22e02cb2265085fc24b6b65d42,,IBIP20_temporal_random_fiber_controls,206,21115,46,16488,26,2253,1687,18862,21115,0.893298602889,14801,16488,0.897683163513,1526459,348144120,0.00438456062392,1687,2253,0.748779405237,16488,21115,0.780866682453,35621005,37147464,0.95890812358,False,False,197,206,0.956310679612,1:9;2:3;4:2;5:2;6:1;8:1;11:1;12:1;13:2;17:1;18:1;22:1;53:1
CellTag_iEP_reprogramming,CellTag_iEP,r1,F032:CellTag_iEP_reprogramming:CellTag_iEP:r1:r1_RNA_3_12_21:sourceGroupedDay21Fate,r1_RNA_3_12_21,sourceGroupedDay21Fate,IBIP20:r1:RNA:1:reversedHistory,IBIP-20,reversedHistory,RNA,D3-D12,206,30,False,False,True,True,exactFrozenMaps,0bbc71f38217ad2afb429eab323c779c7438d909492891b3b5788bb41bb71d95,,IBIP20_temporal_random_fiber_controls,206,21115,46,16488,30,2216,1654,18899,21115,0.895050911674,7417,8244,0.899684619117,806599,174072060,0.00463370744277,827,1108,0.746389891697,16488,21115,0.780866682453,17462105,18268704,0.955848044831,False,False,193,206,0.936893203883,1:13;2:3;4:3;5:2;8:1;11:2;13:2;17:2;22:1;53:1
CellTag_iEP_reprogramming,CellTag_iEP,r1,F032:CellTag_iEP_reprogramming:CellTag_iEP:r1:r1_RNA_3_12_21:sourceGroupedDay21Fate,r1_RNA_3_12_21,sourceGroupedDay21Fate,IBIP20:r1:RNA:1:transitionSignature,IBIP-20,transitionSignature,RNA,D3-D12,206,24,False,False,True,True,exactFrozenMaps,c267a2c917a4bb9ff7aec6a894cb0816ea2d041e3d7892a7810fff084e19a297,,IBIP20_temporal_random_fiber_controls,206,21115,46,16488,24,2273,1700,18842,21115,0.892351408951,3697,4122,0.896894711305,395431,87036030,0.00454330235421,1700,2273,0.74791025077,16488,21115,0.780866682453,8973875,9369306,0.957795059741,False,False,199,206,0.966019417476,1:7;2:3;4:1;5:4;8:1;11:1;13:1;14:2;17:2;22:1;53:1
CellTag_iEP_reprogramming,CellTag_iEP,r1,F032:CellTag_iEP_reprogramming:CellTag_iEP:r1:r1_RNA_3_12_21:sourceGroupedDay21Fate,r1_RNA_3_12_21,sourceGroupedDay21Fate,IBIP20:r1:RNA:2:snapshotDay3,IBIP-20,snapshotDay3,RNA,D3-D12,206,87,False,False,True,True,exactFrozenMaps,c3be43b025fe36dd0b2634b16f5d1b015263233867d36919968284d17eee9f59,,IBIP20_temporal_random_fiber_controls,206,21115,46,16488,87,671,503,20444,21115,0.968221643381,15985,16488,0.96949296458,442603,348144120,0.00127132119882,503,671,0.749627421759,16488,21115,0.780866682453,10620845,11063448,0.959994117566,False,False,83,103,0.805825242718,1:40;2:22;3:17;4:3;5:2;8:1;9:1;32:1
CellTag_iEP_reprogramming,CellTag_iEP,r1,F032:CellTag_iEP_reprogramming:CellTag_iEP:r1:r1_RNA_3_12_21:sourceGroupedDay21Fate,r1_RNA_3_12_21,sourceGroupedDay21Fate,IBIP20:r1:RNA:2:day12State,IBIP-20,day12State,RNA,D3-D12,206,14,False,False,True,True,exactFrozenMaps,4274973e5759f65fc24f0093b0f6f61f93d6cbdd64f733a3f0e8824fb75de948,,IBIP20_temporal_random_fiber_controls,206,21115,46,16488,14,13950,11270,1433,4223,0.339332228274,2609,8244,0.316472586123,-795845,34814412,-0.0228596421505,1127,1395,0.807885304659,16488,21115,0.780866682453,4759321,4600152,1.03460081319,False,False,100,103,0.970873786408,1:6;2:2;3:2;6:1;7:1;10:1;167:1
CellTag_iEP_reprogramming,CellTag_iEP,r1,F032:CellTag_iEP_reprogramming:CellTag_iEP:r1:r1_RNA_3_12_21:sourceGroupedDay21Fate,r1_RNA_3_12_21,sourceGroupedDay21Fate,IBIP20:r1:RNA:2:orderedHistory,IBIP-20,orderedHistory,RNA,D3-D12,206,116,False,False,True,True,exactFrozenMaps,a5be854030dd71d95a5acdd21d6ba2b772028afcae07ecb764facf7e1c55b055,,IBIP20_temporal_random_fiber_controls,206,21115,46,16488,116,465,358,4130,4223,0.977977740942,8065,8244,0.978287239204,10775,34814412,0.000309498261812,358,465,0.769892473118,16488,21115,0.780866682453,755917,766692,0.985946116563,False,False,129,206,0.626213592233,1:77;2:23;3:10;4:3;6:1;8:1;27:1
CellTag_iEP_reprogramming,CellTag_iEP,r1,F032:CellTag_iEP_reprogramming:CellTag_iEP:r1:r1_RNA_3_12_21:sourceGroupedDay21Fate,r1_RNA_3_12_21,sourceGroupedDay21Fate,IBIP20:r1:RNA:2:unorderedHistory,IBIP-20,unorderedHistory,RNA,D3-D12,206,114,False,False,True,True,exactFrozenMaps,c6785d65f9405e14392fe9f41764bc2e5dac65ff84c90d92fbf468472b69cf3b,,IBIP20_temporal_random_fiber_controls,206,21115,46,16488,114,478,367,20637,21115,0.977362064883,16121,16488,0.977741387676,132059,348144120,0.000379322793101,367,478,0.767782426778,16488,21115,0.780866682453,7749205,7881264,0.98324393143,False,False,131,206,0.635922330097,1:75;2:23;3:10;4:3;8:2;27:1
CellTag_iEP_reprogramming,CellTag_iEP,r1,F032:CellTag_iEP_reprogramming:CellTag_iEP:r1:r1_RNA_3_12_21:sourceGroupedDay21Fate,r1_RNA_3_12_21,sourceGroupedDay21Fate,IBIP20:r1:RNA:2:reversedHistory,IBIP-20,reversedHistory,RNA,D3-D12,206,116,False,False,True,True,exactFrozenMaps,e08b583b9ba8dc5d013bd8323ce957c3dc5bfae7816553568887a608c97f2da1,,IBIP20_temporal_random_fiber_controls,206,21115,46,16488,116,465,358,4130,4223,0.977977740942,8065,8244,0.978287239204,10775,34814412,0.000309498261812,358,465,0.769892473118,16488,21115,0.780866682453,755917,766692,0.985946116563,False,False,129,206,0.626213592233,1:77;2:23;3:10;4:3;6:1;8:1;27:1
CellTag_iEP_reprogramming,CellTag_iEP,r1,F032:CellTag_iEP_reprogramming:CellTag_iEP:r1:r1_RNA_3_12_21:sourceGroupedDay21Fate,r1_RNA_3_12_21,sourceGroupedDay21Fate,IBIP20:r1:RNA:2:transitionSignature,IBIP-20,transitionSignature,RNA,D3-D12,206,108,False,False,True,True,exactFrozenMaps,6695f5ea5568c53fdbeaa9549f31ca39a8d4b5793d58a417f66c2e192546859c,,IBIP20_temporal_random_fiber_controls,206,21115,46,16488,108,509,384,20606,21115,0.975893914279,671,687,0.976710334789,11843,14506005,0.000816420509989,384,509,0.75442043222,16488,21115,0.780866682453,337840,349683,0.966132182577,False,False,141,206,0.684466019417,1:65;2:26;3:10;4:4;6:1;9:1;28:1
CellTag_iEP_reprogramming,CellTag_iEP,r1,F032:CellTag_iEP_reprogramming:CellTag_iEP:r1:r1_RNA_3_12_21:sourceGroupedDay21Fate,r1_RNA_3_12_21,sourceGroupedDay21Fate,IBIP20:r1:RNA:4:snapshotDay3,IBIP-20,snapshotDay3,RNA,D3-D12,206,149,False,False,True,True,exactFrozenMaps,6d2a9de250ca98af1c6c7396df1afbb94391ca6f1c57a1f1ec3e76f35dcb273c,,IBIP20_temporal_random_fiber_controls,206,21115,46,16488,149,423,338,20692,21115,0.979966848212,8075,8244,0.979500242601,-81223,174072060,-0.000466605611492,338,423,0.799054373522,16488,21115,0.780866682453,3568435,3487212,1.02329167255,False,False,39,103,0.378640776699,1:128;2:14;3:3;4:2;5:1;28:1
CellTag_iEP_reprogramming,CellTag_iEP,r1,F032:CellTag_iEP_reprogramming:CellTag_iEP:r1:r1_RNA_3_12_21:sourceGroupedDay21Fate,r1_RNA_3_12_21,sourceGroupedDay21Fate,IBIP20:r1:RNA:4:day12State,IBIP-20,day12State,RNA,D3-D12,206,23,False,False,True,True,exactFrozenMaps,7f4cf49375df3ab1e541cc8671f57e556d0773be89d5c13a5b5c30d30643ee3a,,IBIP20_temporal_random_fiber_controls,206,21115,46,16488,23,12937,10598,8178,21115,0.387307601231,2945,8244,0.357229500243,-5235757,174072060,-0.0300781009888,10598,12937,0.819200742058,16488,21115,0.780866682453,111888385,106652628,1.04909168295,False,False,193,206,0.936893203883,1:13;2:5;4:1;5:1;6:1;7:1;161:1
CellTag_iEP_reprogramming,CellTag_iEP,r1,F032:CellTag_iEP_reprogramming:CellTag_iEP:r1:r1_RNA_3_12_21:sourceGroupedDay21Fate,r1_RNA_3_12_21,sourceGroupedDay21Fate,IBIP20:r1:RNA:4:orderedHistory,IBIP-20,orderedHistory,RNA,D3-D12,206,165,False,False,True,True,exactFrozenMaps,f5f6e7cdf1f532db524b868a5dc407afc220f17d2729a2234ea62f62f8fe1b92,,IBIP20_temporal_random_fiber_controls,206,21115,46,16488,165,238,198,20877,21115,0.988728392138,905,916,0.987991266376,-14257,19341340,-0.000737125762744,99,119,0.831932773109,16488,21115,0.780866682453,232265,218008,1.06539668269,False,False,57,206,0.276699029126,1:149;2:10;3:4;4:1;21:1
CellTag_iEP_reprogramming,CellTag_iEP,r1,F032:CellTag_iEP_reprogramming:CellTag_iEP:r1:r1_RNA_3_12_21:sourceGroupedDay21Fate,r1_RNA_3_12_21,sourceGroupedDay21Fate,IBIP20:r1:RNA:4:unorderedHistory,IBIP-20,unorderedHistory,RNA,D3-D12,206,163,False,False,True,True,exactFrozenMaps,cdf8fc5bd2cf3c5dd4e562b65cd1e28a0e5aac642c38ccb99b8331f57c640a46,,IBIP20_temporal_random_fiber_controls,206,21115,46,16488,163,243,202,20872,21115,0.988491593654,8143,8244,0.987748665696,-129323,174072060,-0.000742927957537,202,243,0.831275720165,16488,21115,0.780866682453,2132615,2003292,1.06455524207,False,False,30,103,0.291262135922,1:146;2:11;3:4;5:1;21:1
CellTag_iEP_reprogramming,CellTag_iEP,r1,F032:CellTag_iEP_reprogramming:CellTag_iEP:r1:r1_RNA_3_12_21:sourceGroupedDay21Fate,r1_RNA_3_12_21,sourceGroupedDay21Fate,IBIP20:r1:RNA:4:reversedHistory,IBIP-20,reversedHistory,RNA,D3-D12,206,165,False,False,True,True,exactFrozenMaps,a5bff4595d6838ef71c8ceeec44d32cc8b2a29f96828891e7ea8c2db235aa1f2,,IBIP20_temporal_random_fiber_controls,206,21115,46,16488,165,238,198,20877,21115,0.988728392138,905,916,0.987991266376,-14257,19341340,-0.000737125762744,99,119,0.831932773109,16488,21115,0.780866682453,232265,218008,1.06539668269,False,False,57,206,0.276699029126,1:149;2:10;3:4;4:1;21:1
CellTag_iEP_reprogramming,CellTag_iEP,r1,F032:CellTag_iEP_reprogramming:CellTag_iEP:r1:r1_RNA_3_12_21:sourceGroupedDay21Fate,r1_RNA_3_12_21,sourceGroupedDay21Fate,IBIP20:r1:RNA:4:transitionSignature,IBIP-20,transitionSignature,RNA,D3-D12,206,161,False,False,True,True,exactFrozenMaps,fbcde5bda3feec2e2b43a0826eaf05a4475b194e62293d018731d9a6b3312cc0,,IBIP20_temporal_random_fiber_controls,206,21115,46,16488,161,262,214,20853,21115,0.987591759413,8137,8244,0.987020863658,-99377,174072060,-0.000570895754322,107,131,0.81679389313,16488,21115,0.780866682453,2259305,2159928,1.04600940402,False,False,32,103,0.31067961165,1:142;2:13;3:4;4:1;22:1
CellTag_iEP_reprogramming,CellTag_iEP,r1,F032:CellTag_iEP_reprogramming:CellTag_iEP:r1:r1_RNA_3_12_21:sourceGroupedDay21Fate,r1_RNA_3_12_21,sourceGroupedDay21Fate,IBIP20:r1:RNA:5:snapshotDay3,IBIP-20,snapshotDay3,RNA,D3-D12,206,186,False,False,True,True,exactFrozenMaps,93a240cc7169e1aacf5b7838880b87caa645d495863aaa43501b15b0eeca7e13,,IBIP20_temporal_random_fiber_controls,206,21115,46,16488,186,47,33,21068,21115,0.997774094246,5485,5496,0.997998544396,26047,116048040,0.000224450150127,33,47,0.702127659574,16488,21115,0.780866682453,232265,258312,0.899164576171,False,False,29,206,0.140776699029,1:177;2:4;3:3;4:1;8:1
CellTag_iEP_reprogramming,CellTag_iEP,r1,F032:CellTag_iEP_reprogramming:CellTag_iEP:r1:r1_RNA_3_12_21:sourceGroupedDay21Fate,r1_RNA_3_12_21,sourceGroupedDay21Fate,IBIP20:r1:RNA:5:day12State,IBIP-20,day12State,RNA,D3-D12,206,116,False,False,True,True,exactFrozenMaps,2142ff33aeff158bd7107ed0e37d7f57baba40d14b28142bad09e568709909c7,,IBIP20_temporal_random_fiber_controls,206,21115,46,16488,116,2079,1376,19036,21115,0.901539190149,1889,2061,0.916545366327,653039,43518015,0.0150061761778,1376,2079,0.661856661857,16488,21115,0.780866682453,3631780,4284819,0.847592395385,False,False,51,103,0.495145631068,1:104;2:5;3:2;4:1;5:1;6:1;7:1;64:1
CellTag_iEP_reprogramming,CellTag_iEP,r1,F032:CellTag_iEP_reprogramming:CellTag_iEP:r1:r1_RNA_3_12_21:sourceGroupedDay21Fate,r1_RNA_3_12_21,sourceGroupedDay21Fate,IBIP20:r1:RNA:5:orderedHistory,IBIP-20,orderedHistory,RNA,D3-D12,206,201,False,False,True,True,exactFrozenMaps,a4537e363f022d5279f51ca4944471d600da63468f9cd295ad419de879174d9e,,IBIP20_temporal_random_fiber_controls,206,21115,46,16488,201,6,2,21109,21115,0.999715841819,8243,8244,0.99987869966,28349,174072060,0.000162857841747,1,3,0.333333333333,16488,21115,0.780866682453,21115,49464,0.42687611192,False,False,9,206,0.0436893203883,1:197;2:3;3:1
CellTag_iEP_reprogramming,CellTag_iEP,r1,F032:CellTag_iEP_reprogramming:CellTag_iEP:r1:r1_RNA_3_12_21:sourceGroupedDay21Fate,r1_RNA_3_12_21,sourceGroupedDay21Fate,IBIP20:r1:RNA:5:unorderedHistory,IBIP-20,unorderedHistory,RNA,D3-D12,206,201,False,False,True,True,exactFrozenMaps,95795ac292807a595288542a86454ef1074372dc9a316730217f02276abf6138,,IBIP20_temporal_random_fiber_controls,206,21115,46,16488,201,6,2,21109,21115,0.999715841819,8243,8244,0.99987869966,28349,174072060,0.000162857841747,1,3,0.333333333333,16488,21115,0.780866682453,21115,49464,0.42687611192,False,False,9,206,0.0436893203883,1:197;2:3;3:1
CellTag_iEP_reprogramming,CellTag_iEP,r1,F032:CellTag_iEP_reprogramming:CellTag_iEP:r1:r1_RNA_3_12_21:sourceGroupedDay21Fate,r1_RNA_3_12_21,sourceGroupedDay21Fate,IBIP20:r1:RNA:5:reversedHistory,IBIP-20,reversedHistory,RNA,D3-D12,206,201,False,False,True,True,exactFrozenMaps,f3aca00328221dc97f4e4095e133e78618b0a6b4be5b4e0a2c149c5fc1fcee8e,,IBIP20_temporal_random_fiber_controls,206,21115,46,16488,201,6,2,21109,21115,0.999715841819,8243,8244,0.99987869966,28349,174072060,0.000162857841747,1,3,0.333333333333,16488,21115,0.780866682453,21115,49464,0.42687611192,False,False,9,206,0.0436893203883,1:197;2:3;3:1
CellTag_iEP_reprogramming,CellTag_iEP,r1,F032:CellTag_iEP_reprogramming:CellTag_iEP:r1:r1_RNA_3_12_21:sourceGroupedDay21Fate,r1_RNA_3_12_21,sourceGroupedDay21Fate,IBIP20:r1:RNA:5:transitionSignature,IBIP-20,transitionSignature,RNA,D3-D12,206,178,False,False,True,True,exactFrozenMaps,5c91d09847aa7572f7f59c2a9d416128514673f59c43b553cbb77ec6191b67c2,,IBIP20_temporal_random_fiber_controls,206,21115,46,16488,178,81,66,21034,21115,0.996163864551,2737,2748,0.995997088792,-9677,58024020,-0.000166775759418,22,27,0.814814814815,16488,21115,0.780866682453,232265,222588,1.04347494025,False,False,39,206,0.18932038835,1:167;2:7;3:1;6:1;8:2
CellTag_iEP_reprogramming,CellTag_iEP,r1,F033:CellTag_iEP_reprogramming:CellTag_iEP:r1:r1_RNA_3_12_21:majorityDay21Fate,r1_RNA_3_12_21,majorityDay21Fate,IBIP20:r1:RNA:0:snapshotDay3,IBIP-20,snapshotDay3,RNA,D3-D12,206,1,False,False,True,True,exactFrozenMaps,79031d45f510d5cce0ce419de1b0d55e7a225aaa7c9824cdecd3fe36bc1f5507,,IBIP20_temporal_random_fiber_controls,206,21115,3,13835,1,21115,13835,0,1,0,0,1,0,0,1,0,2767,4223,0.655221406583,2767,4223,0.655221406583,1,1,1,False,False,1,1,1,206:1
CellTag_iEP_reprogramming,CellTag_iEP,r1,F033:CellTag_iEP_reprogramming:CellTag_iEP:r1:r1_RNA_3_12_21:majorityDay21Fate,r1_RNA_3_12_21,majorityDay21Fate,IBIP20:r1:RNA:0:day12State,IBIP-20,day12State,RNA,D3-D12,206,1,False,False,True,True,exactFrozenMaps,79031d45f510d5cce0ce419de1b0d55e7a225aaa7c9824cdecd3fe36bc1f5507,IBIP20:r1:RNA:0:snapshotDay3,IBIP20_temporal_random_fiber_controls,206,21115,3,13835,1,21115,13835,0,1,0,0,1,0,0,1,0,2767,4223,0.655221406583,2767,4223,0.655221406583,1,1,1,False,False,1,1,1,206:1
CellTag_iEP_reprogramming,CellTag_iEP,r1,F033:CellTag_iEP_reprogramming:CellTag_iEP:r1:r1_RNA_3_12_21:majorityDay21Fate,r1_RNA_3_12_21,majorityDay21Fate,IBIP20:r1:RNA:0:orderedHistory,IBIP-20,orderedHistory,RNA,D3-D12,206,1,False,False,True,True,exactFrozenMaps,19a54e75af603ff742de3efb50c4f9580a2d979088ff6ecc6a38911228acb5bd,,IBIP20_temporal_random_fiber_controls,206,21115,3,13835,1,21115,13835,0,1,0,0,1,0,0,1,0,2767,4223,0.655221406583,2767,4223,0.655221406583,1,1,1,False,False,1,1,1,206:1
CellTag_iEP_reprogramming,CellTag_iEP,r1,F033:CellTag_iEP_reprogramming:CellTag_iEP:r1:r1_RNA_3_12_21:majorityDay21Fate,r1_RNA_3_12_21,majorityDay21Fate,IBIP20:r1:RNA:0:unorderedHistory,IBIP-20,unorderedHistory,RNA,D3-D12,206,1,False,False,True,True,exactFrozenMaps,19a54e75af603ff742de3efb50c4f9580a2d979088ff6ecc6a38911228acb5bd,IBIP20:r1:RNA:0:orderedHistory,IBIP20_temporal_random_fiber_controls,206,21115,3,13835,1,21115,13835,0,1,0,0,1,0,0,1,0,2767,4223,0.655221406583,2767,4223,0.655221406583,1,1,1,False,False,1,1,1,206:1
CellTag_iEP_reprogramming,CellTag_iEP,r1,F033:CellTag_iEP_reprogramming:CellTag_iEP:r1:r1_RNA_3_12_21:majorityDay21Fate,r1_RNA_3_12_21,majorityDay21Fate,IBIP20:r1:RNA:0:reversedHistory,IBIP-20,reversedHistory,RNA,D3-D12,206,1,False,False,True,True,exactFrozenMaps,19a54e75af603ff742de3efb50c4f9580a2d979088ff6ecc6a38911228acb5bd,IBIP20:r1:RNA:0:orderedHistory,IBIP20_temporal_random_fiber_controls,206,21115,3,13835,1,21115,13835,0,1,0,0,1,0,0,1,0,2767,4223,0.655221406583,2767,4223,0.655221406583,1,1,1,False,False,1,1,1,206:1
CellTag_iEP_reprogramming,CellTag_iEP,r1,F033:CellTag_iEP_reprogramming:CellTag_iEP:r1:r1_RNA_3_12_21:majorityDay21Fate,r1_RNA_3_12_21,majorityDay21Fate,IBIP20:r1:RNA:0:transitionSignature,IBIP-20,transitionSignature,RNA,D3-D12,206,1,False,False,True,True,exactFrozenMaps,79031d45f510d5cce0ce419de1b0d55e7a225aaa7c9824cdecd3fe36bc1f5507,IBIP20:r1:RNA:0:snapshotDay3,IBIP20_temporal_random_fiber_controls,206,21115,3,13835,1,21115,13835,0,1,0,0,1,0,0,1,0,2767,4223,0.655221406583,2767,4223,0.655221406583,1,1,1,False,False,1,1,1,206:1
CellTag_iEP_reprogramming,CellTag_iEP,r1,F033:CellTag_iEP_reprogramming:CellTag_iEP:r1:r1_RNA_3_12_21:majorityDay21Fate,r1_RNA_3_12_21,majorityDay21Fate,IBIP20:r1:RNA:1:snapshotDay3,IBIP-20,snapshotDay3,RNA,D3-D12,206,16,False,False,True,True,exactFrozenMaps,4421023ad62112944d40292ff5496cd7ec5c268ed8fe250d306b2b37e03d396d,,IBIP20_temporal_random_fiber_controls,206,21115,3,13835,16,2528,1650,18587,21115,0.880274686242,2437,2767,0.880737260571,27026,58425205,0.000462574329007,825,1264,0.652689873418,2767,4223,0.655221406583,3483975,3497488,0.996136369875,False,False,1,1,1,2:1;3:1;4:1;5:2;7:2;8:1;11:1;12:1;13:1;14:1;17:1;18:1;23:1;57:1
CellTag_iEP_reprogramming,CellTag_iEP,r1,F033:CellTag_iEP_reprogramming:CellTag_iEP:r1:r1_RNA_3_12_21:majorityDay21Fate,r1_RNA_3_12_21,majorityDay21Fate,IBIP20:r1:RNA:1:day12State,IBIP-20,day12State,RNA,D3-D12,206,6,False,False,True,True,exactFrozenMaps,d06eab4e7b140847585881a80581b66c7dbf7cb7b5cecee8a623bede5790ebe4,,IBIP20_temporal_random_fiber_controls,206,21115,3,13835,6,18172,11962,2943,21115,0.139379587971,1873,13835,0.135381279364,-233602,58425205,-0.0039983086067,5981,9086,0.65826546335,2767,4223,0.655221406583,25257763,25140962,1.0046458445,False,False,102,103,0.990291262136,1:2;3:2;7:1;191:1
CellTag_iEP_reprogramming,CellTag_iEP,r1,F033:CellTag_iEP_reprogramming:CellTag_iEP:r1:r1_RNA_3_12_21:majorityDay21Fate,r1_RNA_3_12_21,majorityDay21Fate,IBIP20:r1:RNA:1:orderedHistory,IBIP-20,orderedHistory,RNA,D3-D12,206,30,False,False,True,True,exactFrozenMaps,29065e3a5ccdab8ca66b0f76bc9b2d494d7fddf017ea7f895249891aeb70d80b,,IBIP20_temporal_random_fiber_controls,206,21115,3,13835,30,2216,1442,18899,21115,0.895050911674,12393,13835,0.895771593784,42106,58425205,0.000720682109716,721,1108,0.650722021661,2767,4223,0.655221406583,3044783,3065836,0.993133031252,False,False,193,206,0.936893203883,1:13;2:3;4:3;5:2;8:1;11:2;13:2;17:2;22:1;53:1
CellTag_iEP_reprogramming,CellTag_iEP,r1,F033:CellTag_iEP_reprogramming:CellTag_iEP:r1:r1_RNA_3_12_21:majorityDay21Fate,r1_RNA_3_12_21,majorityDay21Fate,IBIP20:r1:RNA:1:unorderedHistory,IBIP-20,unorderedHistory,RNA,D3-D12,206,26,False,False,True,True,exactFrozenMaps,f9f883f47ca482c2844d990782ad32e7599aaa22e02cb2265085fc24b6b65d42,,IBIP20_temporal_random_fiber_controls,206,21115,3,13835,26,2253,1470,18862,21115,0.893298602889,2473,2767,0.893747741236,26241,58425205,0.000449138347054,490,751,0.652463382157,2767,4223,0.655221406583,2069270,2078017,0.995790698536,False,False,197,206,0.956310679612,1:9;2:3;4:2;5:2;6:1;8:1;11:1;12:1;13:2;17:1;18:1;22:1;53:1
CellTag_iEP_reprogramming,CellTag_iEP,r1,F033:CellTag_iEP_reprogramming:CellTag_iEP:r1:r1_RNA_3_12_21:majorityDay21Fate,r1_RNA_3_12_21,majorityDay21Fate,IBIP20:r1:RNA:1:reversedHistory,IBIP-20,reversedHistory,RNA,D3-D12,206,30,False,False,True,True,exactFrozenMaps,0bbc71f38217ad2afb429eab323c779c7438d909492891b3b5788bb41bb71d95,,IBIP20_temporal_random_fiber_controls,206,21115,3,13835,30,2216,1442,18899,21115,0.895050911674,12393,13835,0.895771593784,42106,58425205,0.000720682109716,721,1108,0.650722021661,2767,4223,0.655221406583,3044783,3065836,0.993133031252,False,False,193,206,0.936893203883,1:13;2:3;4:3;5:2;8:1;11:2;13:2;17:2;22:1;53:1
CellTag_iEP_reprogramming,CellTag_iEP,r1,F033:CellTag_iEP_reprogramming:CellTag_iEP:r1:r1_RNA_3_12_21:majorityDay21Fate,r1_RNA_3_12_21,majorityDay21Fate,IBIP20:r1:RNA:1:transitionSignature,IBIP-20,transitionSignature,RNA,D3-D12,206,24,False,False,True,True,exactFrozenMaps,c267a2c917a4bb9ff7aec6a894cb0816ea2d041e3d7892a7810fff084e19a297,,IBIP20_temporal_random_fiber_controls,206,21115,3,13835,24,2273,1487,18842,21115,0.892351408951,12348,13835,0.892518973618,1958,11685041,0.000167564666654,1487,2273,0.654201495821,2767,4223,0.655221406583,6279601,6289391,0.998443410499,False,False,199,206,0.966019417476,1:7;2:3;4:1;5:4;8:1;11:1;13:1;14:2;17:2;22:1;53:1
CellTag_iEP_reprogramming,CellTag_iEP,r1,F033:CellTag_iEP_reprogramming:CellTag_iEP:r1:r1_RNA_3_12_21:majorityDay21Fate,r1_RNA_3_12_21,majorityDay21Fate,IBIP20:r1:RNA:2:snapshotDay3,IBIP-20,snapshotDay3,RNA,D3-D12,206,87,False,False,True,True,exactFrozenMaps,c3be43b025fe36dd0b2634b16f5d1b015263233867d36919968284d17eee9f59,,IBIP20_temporal_random_fiber_controls,206,21115,3,13835,87,671,449,20444,21115,0.968221643381,13386,13835,0.967546078786,-7894,11685041,-0.000675564595794,449,671,0.66915052161,2767,4223,0.655221406583,1896127,1856657,1.02125863851,False,False,83,103,0.805825242718,1:40;2:22;3:17;4:3;5:2;8:1;9:1;32:1
CellTag_iEP_reprogramming,CellTag_iEP,r1,F033:CellTag_iEP_reprogramming:CellTag_iEP:r1:r1_RNA_3_12_21:majorityDay21Fate,r1_RNA_3_12_21,majorityDay21Fate,IBIP20:r1:RNA:2:day12State,IBIP-20,day12State,RNA,D3-D12,206,14,False,False,True,True,exactFrozenMaps,4274973e5759f65fc24f0093b0f6f61f93d6cbdd64f733a3f0e8824fb75de948,,IBIP20_temporal_random_fiber_controls,206,21115,3,13835,14,13950,9199,1433,4223,0.339332228274,4636,13835,0.335092157571,-247727,58425205,-0.00424007070236,9199,13950,0.659426523297,2767,4223,0.655221406583,38847377,38599650,1.00641785612,False,False,100,103,0.970873786408,1:6;2:2;3:2;6:1;7:1;10:1;167:1
CellTag_iEP_reprogramming,CellTag_iEP,r1,F033:CellTag_iEP_reprogramming:CellTag_iEP:r1:r1_RNA_3_12_21:majorityDay21Fate,r1_RNA_3_12_21,majorityDay21Fate,IBIP20:r1:RNA:2:orderedHistory,IBIP-20,orderedHistory,RNA,D3-D12,206,116,False,False,True,True,exactFrozenMaps,a5be854030dd71d95a5acdd21d6ba2b772028afcae07ecb764facf7e1c55b055,,IBIP20_temporal_random_fiber_controls,206,21115,3,13835,116,465,314,4130,4223,0.977977740942,13521,13835,0.977303939284,-39367,58425205,-0.000673801658034,314,465,0.675268817204,2767,4223,0.655221406583,1326022,1286655,1.03059639142,False,False,129,206,0.626213592233,1:77;2:23;3:10;4:3;6:1;8:1;27:1
CellTag_iEP_reprogramming,CellTag_iEP,r1,F033:CellTag_iEP_reprogramming:CellTag_iEP:r1:r1_RNA_3_12_21:majorityDay21Fate,r1_RNA_3_12_21,majorityDay21Fate,IBIP20:r1:RNA:2:unorderedHistory,IBIP-20,unorderedHistory,RNA,D3-D12,206,114,False,False,True,True,exactFrozenMaps,c6785d65f9405e14392fe9f41764bc2e5dac65ff84c90d92fbf468472b69cf3b,,IBIP20_temporal_random_fiber_controls,206,21115,3,13835,114,478,322,20637,21115,0.977362064883,13513,13835,0.976725695699,-7436,11685041,-0.000636369183471,161,239,0.673640167364,2767,4223,0.655221406583,679903,661313,1.02811074332,False,False,131,206,0.635922330097,1:75;2:23;3:10;4:3;8:2;27:1
CellTag_iEP_reprogramming,CellTag_iEP,r1,F033:CellTag_iEP_reprogramming:CellTag_iEP:r1:r1_RNA_3_12_21:majorityDay21Fate,r1_RNA_3_12_21,majorityDay21Fate,IBIP20:r1:RNA:2:reversedHistory,IBIP-20,reversedHistory,RNA,D3-D12,206,116,False,False,True,True,exactFrozenMaps,e08b583b9ba8dc5d013bd8323ce957c3dc5bfae7816553568887a608c97f2da1,,IBIP20_temporal_random_fiber_controls,206,21115,3,13835,116,465,314,4130,4223,0.977977740942,13521,13835,0.977303939284,-39367,58425205,-0.000673801658034,314,465,0.675268817204,2767,4223,0.655221406583,1326022,1286655,1.03059639142,False,False,129,206,0.626213592233,1:77;2:23;3:10;4:3;6:1;8:1;27:1
CellTag_iEP_reprogramming,CellTag_iEP,r1,F033:CellTag_iEP_reprogramming:CellTag_iEP:r1:r1_RNA_3_12_21:majorityDay21Fate,r1_RNA_3_12_21,majorityDay21Fate,IBIP20:r1:RNA:2:transitionSignature,IBIP-20,transitionSignature,RNA,D3-D12,206,108,False,False,True,True,exactFrozenMaps,6695f5ea5568c53fdbeaa9549f31ca39a8d4b5793d58a417f66c2e192546859c,,IBIP20_temporal_random_fiber_controls,206,21115,3,13835,108,509,346,20606,21115,0.975893914279,13489,13835,0.974990964944,-10551,11685041,-0.000902949334966,346,509,0.679764243615,2767,4223,0.655221406583,1461158,1408403,1.03745731868,False,False,141,206,0.684466019417,1:65;2:26;3:10;4:4;6:1;9:1;28:1
CellTag_iEP_reprogramming,CellTag_iEP,r1,F033:CellTag_iEP_reprogramming:CellTag_iEP:r1:r1_RNA_3_12_21:majorityDay21Fate,r1_RNA_3_12_21,majorityDay21Fate,IBIP20:r1:RNA:4:snapshotDay3,IBIP-20,snapshotDay3,RNA,D3-D12,206,149,False,False,True,True,exactFrozenMaps,6d2a9de250ca98af1c6c7396df1afbb94391ca6f1c57a1f1ec3e76f35dcb273c,,IBIP20_temporal_random_fiber_controls,206,21115,3,13835,149,423,268,20692,21115,0.979966848212,13567,13835,0.980628839899,38677,58425205,0.000661991686636,268,423,0.633569739953,2767,4223,0.655221406583,1131764,1170441,0.966955190394,False,False,39,103,0.378640776699,1:128;2:14;3:3;4:2;5:1;28:1
CellTag_iEP_reprogramming,CellTag_iEP,r1,F033:CellTag_iEP_reprogramming:CellTag_iEP:r1:r1_RNA_3_12_21:majorityDay21Fate,r1_RNA_3_12_21,majorityDay21Fate,IBIP20:r1:RNA:4:day12State,IBIP-20,day12State,RNA,D3-D12,206,23,False,False,True,True,exactFrozenMaps,7f4cf49375df3ab1e541cc8671f57e556d0773be89d5c13a5b5c30d30643ee3a,,IBIP20_temporal_random_fiber_controls,206,21115,3,13835,23,12937,8522,8178,21115,0.387307601231,5313,13835,0.384026020961,-191727,58425205,-0.00328158027002,8522,12937,0.658730772204,2767,4223,0.655221406583,35988406,35796679,1.00535599964,False,False,193,206,0.936893203883,1:13;2:5;4:1;5:1;6:1;7:1;161:1
CellTag_iEP_reprogramming,CellTag_iEP,r1,F033:CellTag_iEP_reprogramming:CellTag_iEP:r1:r1_RNA_3_12_21:majorityDay21Fate,r1_RNA_3_12_21,majorityDay21Fate,IBIP20:r1:RNA:4:orderedHistory,IBIP-20,orderedHistory,RNA,D3-D12,206,165,False,False,True,True,exactFrozenMaps,f5f6e7cdf1f532db524b868a5dc407afc220f17d2729a2234ea62f62f8fe1b92,,IBIP20_temporal_random_fiber_controls,206,21115,3,13835,165,238,158,20877,21115,0.988728392138,13677,13835,0.988579689194,-8688,58425205,-0.000148702944217,79,119,0.663865546218,2767,4223,0.655221406583,333617,329273,1.01319270028,False,False,57,206,0.276699029126,1:149;2:10;3:4;4:1;21:1
CellTag_iEP_reprogramming,CellTag_iEP,r1,F033:CellTag_iEP_reprogramming:CellTag_iEP:r1:r1_RNA_3_12_21:majorityDay21Fate,r1_RNA_3_12_21,majorityDay21Fate,IBIP20:r1:RNA:4:unorderedHistory,IBIP-20,unorderedHistory,RNA,D3-D12,206,163,False,False,True,True,exactFrozenMaps,cdf8fc5bd2cf3c5dd4e562b65cd1e28a0e5aac642c38ccb99b8331f57c640a46,,IBIP20_temporal_random_fiber_controls,206,21115,3,13835,163,243,161,20872,21115,0.988491593654,13674,13835,0.98836284785,-7522,58425205,-0.000128745804144,161,243,0.662551440329,2767,4223,0.655221406583,679903,672381,1.01118710969,False,False,30,103,0.291262135922,1:146;2:11;3:4;5:1;21:1
CellTag_iEP_reprogramming,CellTag_iEP,r1,F033:CellTag_iEP_reprogramming:CellTag_iEP:r1:r1_RNA_3_12_21:majorityDay21Fate,r1_RNA_3_12_21,majorityDay21Fate,IBIP20:r1:RNA:4:reversedHistory,IBIP-20,reversedHistory,RNA,D3-D12,206,165,False,False,True,True,exactFrozenMaps,a5bff4595d6838ef71c8ceeec44d32cc8b2a29f96828891e7ea8c2db235aa1f2,,IBIP20_temporal_random_fiber_controls,206,21115,3,13835,165,238,158,20877,21115,0.988728392138,13677,13835,0.988579689194,-8688,58425205,-0.000148702944217,79,119,0.663865546218,2767,4223,0.655221406583,333617,329273,1.01319270028,False,False,57,206,0.276699029126,1:149;2:10;3:4;4:1;21:1
CellTag_iEP_reprogramming,CellTag_iEP,r1,F033:CellTag_iEP_reprogramming:CellTag_iEP:r1:r1_RNA_3_12_21:majorityDay21Fate,r1_RNA_3_12_21,majorityDay21Fate,IBIP20:r1:RNA:4:transitionSignature,IBIP-20,transitionSignature,RNA,D3-D12,206,161,False,False,True,True,exactFrozenMaps,fbcde5bda3feec2e2b43a0826eaf05a4475b194e62293d018731d9a6b3312cc0,,IBIP20_temporal_random_fiber_controls,206,21115,3,13835,161,262,177,20853,21115,0.987591759413,13658,13835,0.987206360679,-22517,58425205,-0.000385398733304,177,262,0.675572519084,2767,4223,0.655221406583,747471,724954,1.03105990173,False,False,32,103,0.31067961165,1:142;2:13;3:4;4:1;22:1
CellTag_iEP_reprogramming,CellTag_iEP,r1,F033:CellTag_iEP_reprogramming:CellTag_iEP:r1:r1_RNA_3_12_21:majorityDay21Fate,r1_RNA_3_12_21,majorityDay21Fate,IBIP20:r1:RNA:5:snapshotDay3,IBIP-20,snapshotDay3,RNA,D3-D12,206,186,False,False,True,True,exactFrozenMaps,93a240cc7169e1aacf5b7838880b87caa645d495863aaa43501b15b0eeca7e13,,IBIP20_temporal_random_fiber_controls,206,21115,3,13835,186,47,30,21068,21115,0.997774094246,2761,2767,0.997831586556,3359,58425205,5.74923100398e-05,30,47,0.63829787234,2767,4223,0.655221406583,126690,130049,0.974171273904,False,False,29,206,0.140776699029,1:177;2:4;3:3;4:1;8:1
CellTag_iEP_reprogramming,CellTag_iEP,r1,F033:CellTag_iEP_reprogramming:CellTag_iEP:r1:r1_RNA_3_12_21:majorityDay21Fate,r1_RNA_3_12_21,majorityDay21Fate,IBIP20:r1:RNA:5:day12State,IBIP-20,day12State,RNA,D3-D12,206,116,False,False,True,True,exactFrozenMaps,2142ff33aeff158bd7107ed0e37d7f57baba40d14b28142bad09e568709909c7,,IBIP20_temporal_random_fiber_controls,206,21115,3,13835,116,2079,1345,19036,21115,0.901539190149,2498,2767,0.902782797253,72658,58425205,0.00124360710416,1345,2079,0.646945646946,2767,4223,0.655221406583,5679935,5752593,0.987369521883,False,False,51,103,0.495145631068,1:104;2:5;3:2;4:1;5:1;6:1;7:1;64:1
CellTag_iEP_reprogramming,CellTag_iEP,r1,F033:CellTag_iEP_reprogramming:CellTag_iEP:r1:r1_RNA_3_12_21:majorityDay21Fate,r1_RNA_3_12_21,majorityDay21Fate,IBIP20:r1:RNA:5:orderedHistory,IBIP-20,orderedHistory,RNA,D3-D12,206,201,False,False,True,True,exactFrozenMaps,a4537e363f022d5279f51ca4944471d600da63468f9cd295ad419de879174d9e,,IBIP20_temporal_random_fiber_controls,206,21115,3,13835,201,6,4,21109,21115,0.999715841819,13831,13835,0.999710878207,-58,11685041,-4.96361116747e-06,2,3,0.666666666667,2767,4223,0.655221406583,8446,8301,1.01746777497,False,False,9,206,0.0436893203883,1:197;2:3;3:1
CellTag_iEP_reprogramming,CellTag_iEP,r1,F033:CellTag_iEP_reprogramming:CellTag_iEP:r1:r1_RNA_3_12_21:majorityDay21Fate,r1_RNA_3_12_21,majorityDay21Fate,IBIP20:r1:RNA:5:unorderedHistory,IBIP-20,unorderedHistory,RNA,D3-D12,206,201,False,False,True,True,exactFrozenMaps,95795ac292807a595288542a86454ef1074372dc9a316730217f02276abf6138,,IBIP20_temporal_random_fiber_controls,206,21115,3,13835,201,6,4,21109,21115,0.999715841819,13831,13835,0.999710878207,-58,11685041,-4.96361116747e-06,2,3,0.666666666667,2767,4223,0.655221406583,8446,8301,1.01746777497,False,False,9,206,0.0436893203883,1:197;2:3;3:1
CellTag_iEP_reprogramming,CellTag_iEP,r1,F033:CellTag_iEP_reprogramming:CellTag_iEP:r1:r1_RNA_3_12_21:majorityDay21Fate,r1_RNA_3_12_21,majorityDay21Fate,IBIP20:r1:RNA:5:reversedHistory,IBIP-20,reversedHistory,RNA,D3-D12,206,201,False,False,True,True,exactFrozenMaps,f3aca00328221dc97f4e4095e133e78618b0a6b4be5b4e0a2c149c5fc1fcee8e,,IBIP20_temporal_random_fiber_controls,206,21115,3,13835,201,6,4,21109,21115,0.999715841819,13831,13835,0.999710878207,-58,11685041,-4.96361116747e-06,2,3,0.666666666667,2767,4223,0.655221406583,8446,8301,1.01746777497,False,False,9,206,0.0436893203883,1:197;2:3;3:1
CellTag_iEP_reprogramming,CellTag_iEP,r1,F033:CellTag_iEP_reprogramming:CellTag_iEP:r1:r1_RNA_3_12_21:majorityDay21Fate,r1_RNA_3_12_21,majorityDay21Fate,IBIP20:r1:RNA:5:transitionSignature,IBIP-20,transitionSignature,RNA,D3-D12,206,178,False,False,True,True,exactFrozenMaps,5c91d09847aa7572f7f59c2a9d416128514673f59c43b553cbb77ec6191b67c2,,IBIP20_temporal_random_fiber_controls,206,21115,3,13835,178,81,57,21034,21115,0.996163864551,13778,13835,0.995880014456,-16584,58425205,-0.000283850095177,19,27,0.703703703704,2767,4223,0.655221406583,80237,74709,1.07399376247,False,False,39,206,0.18932038835,1:167;2:7;3:1;6:1;8:2
CellTag_iEP_reprogramming,CellTag_iEP,r1,F034:CellTag_iEP_reprogramming:CellTag_iEP:r1:r1_RNA_3_12_21:fateBreadth,r1_RNA_3_12_21,fateBreadth,IBIP20:r1:RNA:0:snapshotDay3,IBIP-20,snapshotDay3,RNA,D3-D12,206,1,False,False,True,True,exactFrozenMaps,79031d45f510d5cce0ce419de1b0d55e7a225aaa7c9824cdecd3fe36bc1f5507,,IBIP20_temporal_random_fiber_controls,206,21115,3,12981,1,21115,12981,0,1,0,0,1,0,0,1,0,12981,21115,0.614776225432,12981,21115,0.614776225432,1,1,1,False,False,1,1,1,206:1
CellTag_iEP_reprogramming,CellTag_iEP,r1,F034:CellTag_iEP_reprogramming:CellTag_iEP:r1:r1_RNA_3_12_21:fateBreadth,r1_RNA_3_12_21,fateBreadth,IBIP20:r1:RNA:0:day12State,IBIP-20,day12State,RNA,D3-D12,206,1,False,False,True,True,exactFrozenMaps,79031d45f510d5cce0ce419de1b0d55e7a225aaa7c9824cdecd3fe36bc1f5507,IBIP20:r1:RNA:0:snapshotDay3,IBIP20_temporal_random_fiber_controls,206,21115,3,12981,1,21115,12981,0,1,0,0,1,0,0,1,0,12981,21115,0.614776225432,12981,21115,0.614776225432,1,1,1,False,False,1,1,1,206:1
CellTag_iEP_reprogramming,CellTag_iEP,r1,F034:CellTag_iEP_reprogramming:CellTag_iEP:r1:r1_RNA_3_12_21:fateBreadth,r1_RNA_3_12_21,fateBreadth,IBIP20:r1:RNA:0:orderedHistory,IBIP-20,orderedHistory,RNA,D3-D12,206,1,False,False,True,True,exactFrozenMaps,19a54e75af603ff742de3efb50c4f9580a2d979088ff6ecc6a38911228acb5bd,,IBIP20_temporal_random_fiber_controls,206,21115,3,12981,1,21115,12981,0,1,0,0,1,0,0,1,0,12981,21115,0.614776225432,12981,21115,0.614776225432,1,1,1,False,False,1,1,1,206:1
CellTag_iEP_reprogramming,CellTag_iEP,r1,F034:CellTag_iEP_reprogramming:CellTag_iEP:r1:r1_RNA_3_12_21:fateBreadth,r1_RNA_3_12_21,fateBreadth,IBIP20:r1:RNA:0:unorderedHistory,IBIP-20,unorderedHistory,RNA,D3-D12,206,1,False,False,True,True,exactFrozenMaps,19a54e75af603ff742de3efb50c4f9580a2d979088ff6ecc6a38911228acb5bd,IBIP20:r1:RNA:0:orderedHistory,IBIP20_temporal_random_fiber_controls,206,21115,3,12981,1,21115,12981,0,1,0,0,1,0,0,1,0,12981,21115,0.614776225432,12981,21115,0.614776225432,1,1,1,False,False,1,1,1,206:1
CellTag_iEP_reprogramming,CellTag_iEP,r1,F034:CellTag_iEP_reprogramming:CellTag_iEP:r1:r1_RNA_3_12_21:fateBreadth,r1_RNA_3_12_21,fateBreadth,IBIP20:r1:RNA:0:reversedHistory,IBIP-20,reversedHistory,RNA,D3-D12,206,1,False,False,True,True,exactFrozenMaps,19a54e75af603ff742de3efb50c4f9580a2d979088ff6ecc6a38911228acb5bd,IBIP20:r1:RNA:0:orderedHistory,IBIP20_temporal_random_fiber_controls,206,21115,3,12981,1,21115,12981,0,1,0,0,1,0,0,1,0,12981,21115,0.614776225432,12981,21115,0.614776225432,1,1,1,False,False,1,1,1,206:1
CellTag_iEP_reprogramming,CellTag_iEP,r1,F034:CellTag_iEP_reprogramming:CellTag_iEP:r1:r1_RNA_3_12_21:fateBreadth,r1_RNA_3_12_21,fateBreadth,IBIP20:r1:RNA:0:transitionSignature,IBIP-20,transitionSignature,RNA,D3-D12,206,1,False,False,True,True,exactFrozenMaps,79031d45f510d5cce0ce419de1b0d55e7a225aaa7c9824cdecd3fe36bc1f5507,IBIP20:r1:RNA:0:snapshotDay3,IBIP20_temporal_random_fiber_controls,206,21115,3,12981,1,21115,12981,0,1,0,0,1,0,0,1,0,12981,21115,0.614776225432,12981,21115,0.614776225432,1,1,1,False,False,1,1,1,206:1
CellTag_iEP_reprogramming,CellTag_iEP,r1,F034:CellTag_iEP_reprogramming:CellTag_iEP:r1:r1_RNA_3_12_21:fateBreadth,r1_RNA_3_12_21,fateBreadth,IBIP20:r1:RNA:1:snapshotDay3,IBIP-20,snapshotDay3,RNA,D3-D12,206,16,False,False,True,True,exactFrozenMaps,4421023ad62112944d40292ff5496cd7ec5c268ed8fe250d306b2b37e03d396d,,IBIP20_temporal_random_fiber_controls,206,21115,3,12981,16,2528,1599,18587,21115,0.880274686242,3794,4327,0.876819967645,-315639,91364605,-0.00345471859699,1599,2528,0.632515822785,12981,21115,0.614776225432,11254295,10938656,1.02885537309,False,False,1,1,1,2:1;3:1;4:1;5:2;7:2;8:1;11:1;12:1;13:1;14:1;17:1;18:1;23:1;57:1
CellTag_iEP_reprogramming,CellTag_iEP,r1,F034:CellTag_iEP_reprogramming:CellTag_iEP:r1:r1_RNA_3_12_21:fateBreadth,r1_RNA_3_12_21,fateBreadth,IBIP20:r1:RNA:1:day12State,IBIP-20,day12State,RNA,D3-D12,206,6,False,False,True,True,exactFrozenMaps,d06eab4e7b140847585881a80581b66c7dbf7cb7b5cecee8a623bede5790ebe4,,IBIP20_temporal_random_fiber_controls,206,21115,3,12981,6,18172,11382,2943,21115,0.139379587971,533,4327,0.123180032355,-1480066,91364605,-0.0161995556157,813,1298,0.626348228043,12981,21115,0.614776225432,5722165,5616446,1.01882311341,False,False,102,103,0.990291262136,1:2;3:2;7:1;191:1
CellTag_iEP_reprogramming,CellTag_iEP,r1,F034:CellTag_iEP_reprogramming:CellTag_iEP:r1:r1_RNA_3_12_21:fateBreadth,r1_RNA_3_12_21,fateBreadth,IBIP20:r1:RNA:1:orderedHistory,IBIP-20,orderedHistory,RNA,D3-D12,206,30,False,False,True,True,exactFrozenMaps,29065e3a5ccdab8ca66b0f76bc9b2d494d7fddf017ea7f895249891aeb70d80b,,IBIP20_temporal_random_fiber_controls,206,21115,3,12981,30,2216,1427,18899,21115,0.895050911674,11554,12981,0.890070102457,-1365209,274093815,-0.00498080921673,1427,2216,0.643953068592,12981,21115,0.614776225432,30131105,28765896,1.04745928999,False,False,193,206,0.936893203883,1:13;2:3;4:3;5:2;8:1;11:2;13:2;17:2;22:1;53:1
CellTag_iEP_reprogramming,CellTag_iEP,r1,F034:CellTag_iEP_reprogramming:CellTag_iEP:r1:r1_RNA_3_12_21:fateBreadth,r1_RNA_3_12_21,fateBreadth,IBIP20:r1:RNA:1:unorderedHistory,IBIP-20,unorderedHistory,RNA,D3-D12,206,26,False,False,True,True,exactFrozenMaps,f9f883f47ca482c2844d990782ad32e7599aaa22e02cb2265085fc24b6b65d42,,IBIP20_temporal_random_fiber_controls,206,21115,3,12981,26,2253,1449,18862,21115,0.893298602889,3844,4327,0.888375317772,-449814,91364605,-0.00492328511681,483,751,0.643142476698,12981,21115,0.614776225432,3399515,3249577,1.04614077463,False,False,197,206,0.956310679612,1:9;2:3;4:2;5:2;6:1;8:1;11:1;12:1;13:2;17:1;18:1;22:1;53:1
CellTag_iEP_reprogramming,CellTag_iEP,r1,F034:CellTag_iEP_reprogramming:CellTag_iEP:r1:r1_RNA_3_12_21:fateBreadth,r1_RNA_3_12_21,fateBreadth,IBIP20:r1:RNA:1:reversedHistory,IBIP-20,reversedHistory,RNA,D3-D12,206,30,False,False,True,True,exactFrozenMaps,0bbc71f38217ad2afb429eab323c779c7438d909492891b3b5788bb41bb71d95,,IBIP20_temporal_random_fiber_controls,206,21115,3,12981,30,2216,1427,18899,21115,0.895050911674,11554,12981,0.890070102457,-1365209,274093815,-0.00498080921673,1427,2216,0.643953068592,12981,21115,0.614776225432,30131105,28765896,1.04745928999,False,False,193,206,0.936893203883,1:13;2:3;4:3;5:2;8:1;11:2;13:2;17:2;22:1;53:1
CellTag_iEP_reprogramming,CellTag_iEP,r1,F034:CellTag_iEP_reprogramming:CellTag_iEP:r1:r1_RNA_3_12_21:fateBreadth,r1_RNA_3_12_21,fateBreadth,IBIP20:r1:RNA:1:transitionSignature,IBIP-20,transitionSignature,RNA,D3-D12,206,24,False,False,True,True,exactFrozenMaps,c267a2c917a4bb9ff7aec6a894cb0816ea2d041e3d7892a7810fff084e19a297,,IBIP20_temporal_random_fiber_controls,206,21115,3,12981,24,2273,1459,18842,21115,0.892351408951,11522,12981,0.887604961097,-1300972,274093815,-0.00474644785399,1459,2273,0.641882974043,12981,21115,0.614776225432,30806785,29505813,1.04409205739,False,False,199,206,0.966019417476,1:7;2:3;4:1;5:4;8:1;11:1;13:1;14:2;17:2;22:1;53:1
CellTag_iEP_reprogramming,CellTag_iEP,r1,F034:CellTag_iEP_reprogramming:CellTag_iEP:r1:r1_RNA_3_12_21:fateBreadth,r1_RNA_3_12_21,fateBreadth,IBIP20:r1:RNA:2:snapshotDay3,IBIP-20,snapshotDay3,RNA,D3-D12,206,87,False,False,True,True,exactFrozenMaps,c3be43b025fe36dd0b2634b16f5d1b015263233867d36919968284d17eee9f59,,IBIP20_temporal_random_fiber_controls,206,21115,3,12981,87,671,420,20444,21115,0.968221643381,4187,4327,0.967645019644,-52683,91364605,-0.000576623737387,420,671,0.625931445604,12981,21115,0.614776225432,2956100,2903417,1.01814517171,False,False,83,103,0.805825242718,1:40;2:22;3:17;4:3;5:2;8:1;9:1;32:1
CellTag_iEP_reprogramming,CellTag_iEP,r1,F034:CellTag_iEP_reprogramming:CellTag_iEP:r1:r1_RNA_3_12_21:fateBreadth,r1_RNA_3_12_21,fateBreadth,IBIP20:r1:RNA:2:day12State,IBIP-20,day12State,RNA,D3-D12,206,14,False,False,True,True,exactFrozenMaps,4274973e5759f65fc24f0093b0f6f61f93d6cbdd64f733a3f0e8824fb75de948,,IBIP20_temporal_random_fiber_controls,206,21115,3,12981,14,13950,8918,1433,4223,0.339332228274,4063,12981,0.31299591711,-1443724,54818763,-0.0263363111641,4459,6975,0.639283154122,12981,21115,0.614776225432,18830357,18108495,1.03986316919,False,False,100,103,0.970873786408,1:6;2:2;3:2;6:1;7:1;10:1;167:1
CellTag_iEP_reprogramming,CellTag_iEP,r1,F034:CellTag_iEP_reprogramming:CellTag_iEP:r1:r1_RNA_3_12_21:fateBreadth,r1_RNA_3_12_21,fateBreadth,IBIP20:r1:RNA:2:orderedHistory,IBIP-20,orderedHistory,RNA,D3-D12,206,116,False,False,True,True,exactFrozenMaps,a5be854030dd71d95a5acdd21d6ba2b772028afcae07ecb764facf7e1c55b055,,IBIP20_temporal_random_fiber_controls,206,21115,3,12981,116,465,300,4130,4223,0.977977740942,4227,4327,0.976889299746,-19889,18272921,-0.00108844119668,20,31,0.645161290323,12981,21115,0.614776225432,422300,402411,1.04942459326,False,False,129,206,0.626213592233,1:77;2:23;3:10;4:3;6:1;8:1;27:1
CellTag_iEP_reprogramming,CellTag_iEP,r1,F034:CellTag_iEP_reprogramming:CellTag_iEP:r1:r1_RNA_3_12_21:fateBreadth,r1_RNA_3_12_21,fateBreadth,IBIP20:r1:RNA:2:unorderedHistory,IBIP-20,unorderedHistory,RNA,D3-D12,206,114,False,False,True,True,exactFrozenMaps,c6785d65f9405e14392fe9f41764bc2e5dac65ff84c90d92fbf468472b69cf3b,,IBIP20_temporal_random_fiber_controls,206,21115,3,12981,114,478,309,20637,21115,0.977362064883,4224,4327,0.976195978738,-106539,91364605,-0.00116608614463,309,478,0.646443514644,12981,21115,0.614776225432,2174845,2068306,1.05151026976,False,False,131,206,0.635922330097,1:75;2:23;3:10;4:3;8:2;27:1
CellTag_iEP_reprogramming,CellTag_iEP,r1,F034:CellTag_iEP_reprogramming:CellTag_iEP:r1:r1_RNA_3_12_21:fateBreadth,r1_RNA_3_12_21,fateBreadth,IBIP20:r1:RNA:2:reversedHistory,IBIP-20,reversedHistory,RNA,D3-D12,206,116,False,False,True,True,exactFrozenMaps,e08b583b9ba8dc5d013bd8323ce957c3dc5bfae7816553568887a608c97f2da1,,IBIP20_temporal_random_fiber_controls,206,21115,3,12981,116,465,300,4130,4223,0.977977740942,4227,4327,0.976889299746,-19889,18272921,-0.00108844119668,20,31,0.645161290323,12981,21115,0.614776225432,422300,402411,1.04942459326,False,False,129,206,0.626213592233,1:77;2:23;3:10;4:3;6:1;8:1;27:1
CellTag_iEP_reprogramming,CellTag_iEP,r1,F034:CellTag_iEP_reprogramming:CellTag_iEP:r1:r1_RNA_3_12_21:fateBreadth,r1_RNA_3_12_21,fateBreadth,IBIP20:r1:RNA:2:transitionSignature,IBIP-20,transitionSignature,RNA,D3-D12,206,108,False,False,True,True,exactFrozenMaps,6695f5ea5568c53fdbeaa9549f31ca39a8d4b5793d58a417f66c2e192546859c,,IBIP20_temporal_random_fiber_controls,206,21115,3,12981,108,509,326,20606,21115,0.975893914279,12655,12981,0.97488637239,-276161,274093815,-0.00100754188853,326,509,0.64047151277,12981,21115,0.614776225432,6883490,6607329,1.04179616302,False,False,141,206,0.684466019417,1:65;2:26;3:10;4:4;6:1;9:1;28:1
CellTag_iEP_reprogramming,CellTag_iEP,r1,F034:CellTag_iEP_reprogramming:CellTag_iEP:r1:r1_RNA_3_12_21:fateBreadth,r1_RNA_3_12_21,fateBreadth,IBIP20:r1:RNA:4:snapshotDay3,IBIP-20,snapshotDay3,RNA,D3-D12,206,149,False,False,True,True,exactFrozenMaps,6d2a9de250ca98af1c6c7396df1afbb94391ca6f1c57a1f1ec3e76f35dcb273c,,IBIP20_temporal_random_fiber_controls,206,21115,3,12981,149,423,282,20692,21115,0.979966848212,4233,4327,0.978275941761,-154489,91364605,-0.00169090645114,2,3,0.666666666667,12981,21115,0.614776225432,42230,38943,1.08440541304,False,False,39,103,0.378640776699,1:128;2:14;3:3;4:2;5:1;28:1
CellTag_iEP_reprogramming,CellTag_iEP,r1,F034:CellTag_iEP_reprogramming:CellTag_iEP:r1:r1_RNA_3_12_21:fateBreadth,r1_RNA_3_12_21,fateBreadth,IBIP20:r1:RNA:4:day12State,IBIP-20,day12State,RNA,D3-D12,206,23,False,False,True,True,exactFrozenMaps,7f4cf49375df3ab1e541cc8671f57e556d0773be89d5c13a5b5c30d30643ee3a,,IBIP20_temporal_random_fiber_controls,206,21115,3,12981,23,12937,8302,8178,21115,0.387307601231,4679,12981,0.360449888298,-7361533,274093815,-0.0268577129331,8302,12937,0.641725284069,12981,21115,0.614776225432,175296730,167935197,1.04383555759,False,False,193,206,0.936893203883,1:13;2:5;4:1;5:1;6:1;7:1;161:1
CellTag_iEP_reprogramming,CellTag_iEP,r1,F034:CellTag_iEP_reprogramming:CellTag_iEP:r1:r1_RNA_3_12_21:fateBreadth,r1_RNA_3_12_21,fateBreadth,IBIP20:r1:RNA:4:orderedHistory,IBIP-20,orderedHistory,RNA,D3-D12,206,165,False,False,True,True,exactFrozenMaps,f5f6e7cdf1f532db524b868a5dc407afc220f17d2729a2234ea62f62f8fe1b92,,IBIP20_temporal_random_fiber_controls,206,21115,3,12981,165,238,166,20877,21115,0.988728392138,12815,12981,0.987212079193,-415612,274093815,-0.00151631294562,83,119,0.697478991597,12981,21115,0.614776225432,1752545,1544739,1.13452499095,False,False,57,206,0.276699029126,1:149;2:10;3:4;4:1;21:1
CellTag_iEP_reprogramming,CellTag_iEP,r1,F034:CellTag_iEP_reprogramming:CellTag_iEP:r1:r1_RNA_3_12_21:fateBreadth,r1_RNA_3_12_21,fateBreadth,IBIP20:r1:RNA:4:unorderedHistory,IBIP-20,unorderedHistory,RNA,D3-D12,206,163,False,False,True,True,exactFrozenMaps,cdf8fc5bd2cf3c5dd4e562b65cd1e28a0e5aac642c38ccb99b8331f57c640a46,,IBIP20_temporal_random_fiber_controls,206,21115,3,12981,163,243,170,20872,21115,0.988491593654,12811,12981,0.986903936523,-435167,274093815,-0.00158765713119,170,243,0.699588477366,12981,21115,0.614776225432,3589550,3154383,1.13795629763,False,False,30,103,0.291262135922,1:146;2:11;3:4;5:1;21:1
CellTag_iEP_reprogramming,CellTag_iEP,r1,F034:CellTag_iEP_reprogramming:CellTag_iEP:r1:r1_RNA_3_12_21:fateBreadth,r1_RNA_3_12_21,fateBreadth,IBIP20:r1:RNA:4:reversedHistory,IBIP-20,reversedHistory,RNA,D3-D12,206,165,False,False,True,True,exactFrozenMaps,a5bff4595d6838ef71c8ceeec44d32cc8b2a29f96828891e7ea8c2db235aa1f2,,IBIP20_temporal_random_fiber_controls,206,21115,3,12981,165,238,166,20877,21115,0.988728392138,12815,12981,0.987212079193,-415612,274093815,-0.00151631294562,83,119,0.697478991597,12981,21115,0.614776225432,1752545,1544739,1.13452499095,False,False,57,206,0.276699029126,1:149;2:10;3:4;4:1;21:1
CellTag_iEP_reprogramming,CellTag_iEP,r1,F034:CellTag_iEP_reprogramming:CellTag_iEP:r1:r1_RNA_3_12_21:fateBreadth,r1_RNA_3_12_21,fateBreadth,IBIP20:r1:RNA:4:transitionSignature,IBIP-20,transitionSignature,RNA,D3-D12,206,161,False,False,True,True,exactFrozenMaps,fbcde5bda3feec2e2b43a0826eaf05a4475b194e62293d018731d9a6b3312cc0,,IBIP20_temporal_random_fiber_controls,206,21115,3,12981,161,262,181,20853,21115,0.987591759413,12800,12981,0.98605654418,-420793,274093815,-0.00153521523278,181,262,0.690839694656,12981,21115,0.614776225432,3821815,3401022,1.12372545664,False,False,32,103,0.31067961165,1:142;2:13;3:4;4:1;22:1
CellTag_iEP_reprogramming,CellTag_iEP,r1,F034:CellTag_iEP_reprogramming:CellTag_iEP:r1:r1_RNA_3_12_21:fateBreadth,r1_RNA_3_12_21,fateBreadth,IBIP20:r1:RNA:5:snapshotDay3,IBIP-20,snapshotDay3,RNA,D3-D12,206,186,False,False,True,True,exactFrozenMaps,93a240cc7169e1aacf5b7838880b87caa645d495863aaa43501b15b0eeca7e13,,IBIP20_temporal_random_fiber_controls,206,21115,3,12981,186,47,33,21068,21115,0.997774094246,4316,4327,0.997457822972,-28896,91364605,-0.000316271273761,33,47,0.702127659574,12981,21115,0.614776225432,232265,203369,1.14208655203,False,False,29,206,0.140776699029,1:177;2:4;3:3;4:1;8:1
CellTag_iEP_reprogramming,CellTag_iEP,r1,F034:CellTag_iEP_reprogramming:CellTag_iEP:r1:r1_RNA_3_12_21:fateBreadth,r1_RNA_3_12_21,fateBreadth,IBIP20:r1:RNA:5:day12State,IBIP-20,day12State,RNA,D3-D12,206,116,False,False,True,True,exactFrozenMaps,2142ff33aeff158bd7107ed0e37d7f57baba40d14b28142bad09e568709909c7,,IBIP20_temporal_random_fiber_controls,206,21115,3,12981,116,2079,977,19036,21115,0.901539190149,12004,12981,0.924736152839,6358144,274093815,0.0231969626896,977,2079,0.469937469937,12981,21115,0.614776225432,20629355,26987499,0.764404104285,False,False,51,103,0.495145631068,1:104;2:5;3:2;4:1;5:1;6:1;7:1;64:1
CellTag_iEP_reprogramming,CellTag_iEP,r1,F034:CellTag_iEP_reprogramming:CellTag_iEP:r1:r1_RNA_3_12_21:fateBreadth,r1_RNA_3_12_21,fateBreadth,IBIP20:r1:RNA:5:orderedHistory,IBIP-20,orderedHistory,RNA,D3-D12,206,201,False,False,True,True,exactFrozenMaps,a4537e363f022d5279f51ca4944471d600da63468f9cd295ad419de879174d9e,,IBIP20_temporal_random_fiber_controls,206,21115,3,12981,201,6,5,21109,21115,0.999715841819,12976,12981,0.999614821662,-27689,274093815,-0.000101020156183,5,6,0.833333333333,12981,21115,0.614776225432,105575,77886,1.3555067663,False,False,9,206,0.0436893203883,1:197;2:3;3:1
CellTag_iEP_reprogramming,CellTag_iEP,r1,F034:CellTag_iEP_reprogramming:CellTag_iEP:r1:r1_RNA_3_12_21:fateBreadth,r1_RNA_3_12_21,fateBreadth,IBIP20:r1:RNA:5:unorderedHistory,IBIP-20,unorderedHistory,RNA,D3-D12,206,201,False,False,True,True,exactFrozenMaps,95795ac292807a595288542a86454ef1074372dc9a316730217f02276abf6138,,IBIP20_temporal_random_fiber_controls,206,21115,3,12981,201,6,5,21109,21115,0.999715841819,12976,12981,0.999614821662,-27689,274093815,-0.000101020156183,5,6,0.833333333333,12981,21115,0.614776225432,105575,77886,1.3555067663,False,False,9,206,0.0436893203883,1:197;2:3;3:1
CellTag_iEP_reprogramming,CellTag_iEP,r1,F034:CellTag_iEP_reprogramming:CellTag_iEP:r1:r1_RNA_3_12_21:fateBreadth,r1_RNA_3_12_21,fateBreadth,IBIP20:r1:RNA:5:reversedHistory,IBIP-20,reversedHistory,RNA,D3-D12,206,201,False,False,True,True,exactFrozenMaps,f3aca00328221dc97f4e4095e133e78618b0a6b4be5b4e0a2c149c5fc1fcee8e,,IBIP20_temporal_random_fiber_controls,206,21115,3,12981,201,6,5,21109,21115,0.999715841819,12976,12981,0.999614821662,-27689,274093815,-0.000101020156183,5,6,0.833333333333,12981,21115,0.614776225432,105575,77886,1.3555067663,False,False,9,206,0.0436893203883,1:197;2:3;3:1
CellTag_iEP_reprogramming,CellTag_iEP,r1,F034:CellTag_iEP_reprogramming:CellTag_iEP:r1:r1_RNA_3_12_21:fateBreadth,r1_RNA_3_12_21,fateBreadth,IBIP20:r1:RNA:5:transitionSignature,IBIP-20,transitionSignature,RNA,D3-D12,206,178,False,False,True,True,exactFrozenMaps,5c91d09847aa7572f7f59c2a9d416128514673f59c43b553cbb77ec6191b67c2,,IBIP20_temporal_random_fiber_controls,206,21115,3,12981,178,81,53,21034,21115,0.996163864551,12928,12981,0.995917109622,-67634,274093815,-0.000246754929512,53,81,0.654320987654,12981,21115,0.614776225432,1119095,1051461,1.06432383132,False,False,39,206,0.18932038835,1:167;2:7;3:1;6:1;8:2
CellTag_iEP_reprogramming,CellTag_iEP,r1,F035:CellTag_iEP_reprogramming:CellTag_iEP:r1:r1_ATAC_3_12_21:fineDay21Fate,r1_ATAC_3_12_21,fineDay21Fate,IBIP20:r1:ATAC:0:snapshotDay3,IBIP-20,snapshotDay3,ATAC,D3-D12,27,1,False,False,True,True,exactFrozenMaps,d5e3fcad8ba612edb36816c81b6917e99b00f89d091805fcd7eac750b9c76230,,IBIP20_temporal_random_fiber_controls,27,351,18,335,1,351,335,0,1,0,0,1,0,0,1,0,335,351,0.954415954416,335,351,0.954415954416,1,1,1,False,False,1,1,1,27:1
CellTag_iEP_reprogramming,CellTag_iEP,r1,F035:CellTag_iEP_reprogramming:CellTag_iEP:r1:r1_ATAC_3_12_21:fineDay21Fate,r1_ATAC_3_12_21,fineDay21Fate,IBIP20:r1:ATAC:0:day12State,IBIP-20,day12State,ATAC,D3-D12,27,1,False,False,True,True,exactFrozenMaps,d5e3fcad8ba612edb36816c81b6917e99b00f89d091805fcd7eac750b9c76230,IBIP20:r1:ATAC:0:snapshotDay3,IBIP20_temporal_random_fiber_controls,27,351,18,335,1,351,335,0,1,0,0,1,0,0,1,0,335,351,0.954415954416,335,351,0.954415954416,1,1,1,False,False,1,1,1,27:1
CellTag_iEP_reprogramming,CellTag_iEP,r1,F035:CellTag_iEP_reprogramming:CellTag_iEP:r1:r1_ATAC_3_12_21:fineDay21Fate,r1_ATAC_3_12_21,fineDay21Fate,IBIP20:r1:ATAC:0:orderedHistory,IBIP-20,orderedHistory,ATAC,D3-D12,27,1,False,False,True,True,exactFrozenMaps,ed8b075616543a2ed101e41e1bc31e93d3116c10c7e84c234bd15b333e1d7cfb,,IBIP20_temporal_random_fiber_controls,27,351,18,335,1,351,335,0,1,0,0,1,0,0,1,0,335,351,0.954415954416,335,351,0.954415954416,1,1,1,False,False,1,1,1,27:1
CellTag_iEP_reprogramming,CellTag_iEP,r1,F035:CellTag_iEP_reprogramming:CellTag_iEP:r1:r1_ATAC_3_12_21:fineDay21Fate,r1_ATAC_3_12_21,fineDay21Fate,IBIP20:r1:ATAC:0:unorderedHistory,IBIP-20,unorderedHistory,ATAC,D3-D12,27,1,False,False,True,True,exactFrozenMaps,ed8b075616543a2ed101e41e1bc31e93d3116c10c7e84c234bd15b333e1d7cfb,IBIP20:r1:ATAC:0:orderedHistory,IBIP20_temporal_random_fiber_controls,27,351,18,335,1,351,335,0,1,0,0,1,0,0,1,0,335,351,0.954415954416,335,351,0.954415954416,1,1,1,False,False,1,1,1,27:1
CellTag_iEP_reprogramming,CellTag_iEP,r1,F035:CellTag_iEP_reprogramming:CellTag_iEP:r1:r1_ATAC_3_12_21:fineDay21Fate,r1_ATAC_3_12_21,fineDay21Fate,IBIP20:r1:ATAC:0:reversedHistory,IBIP-20,reversedHistory,ATAC,D3-D12,27,1,False,False,True,True,exactFrozenMaps,ed8b075616543a2ed101e41e1bc31e93d3116c10c7e84c234bd15b333e1d7cfb,IBIP20:r1:ATAC:0:orderedHistory,IBIP20_temporal_random_fiber_controls,27,351,18,335,1,351,335,0,1,0,0,1,0,0,1,0,335,351,0.954415954416,335,351,0.954415954416,1,1,1,False,False,1,1,1,27:1
CellTag_iEP_reprogramming,CellTag_iEP,r1,F035:CellTag_iEP_reprogramming:CellTag_iEP:r1:r1_ATAC_3_12_21:fineDay21Fate,r1_ATAC_3_12_21,fineDay21Fate,IBIP20:r1:ATAC:0:transitionSignature,IBIP-20,transitionSignature,ATAC,D3-D12,27,1,False,False,True,True,exactFrozenMaps,d5e3fcad8ba612edb36816c81b6917e99b00f89d091805fcd7eac750b9c76230,IBIP20:r1:ATAC:0:snapshotDay3,IBIP20_temporal_random_fiber_controls,27,351,18,335,1,351,335,0,1,0,0,1,0,0,1,0,335,351,0.954415954416,335,351,0.954415954416,1,1,1,False,False,1,1,1,27:1
CellTag_iEP_reprogramming,CellTag_iEP,r1,F035:CellTag_iEP_reprogramming:CellTag_iEP:r1:r1_ATAC_3_12_21:fineDay21Fate,r1_ATAC_3_12_21,fineDay21Fate,IBIP20:r1:ATAC:1:snapshotDay3,IBIP-20,snapshotDay3,ATAC,D3-D12,27,16,False,False,True,True,exactFrozenMaps,3f7682928ee739ded5ce6ba6cc15ea10fe745f8b1b037364b20e106f82fac91b,,IBIP20_temporal_random_fiber_controls,27,351,18,335,16,19,19,332,351,0.945868945869,316,335,0.94328358209,-304,117585,-0.00258536377939,1,1,1,335,351,0.954415954416,351,335,1.04776119403,False,False,17,27,0.62962962963,1:10;2:3;3:2;5:1
CellTag_iEP_reprogramming,CellTag_iEP,r1,F035:CellTag_iEP_reprogramming:CellTag_iEP:r1:r1_ATAC_3_12_21:fineDay21Fate,r1_ATAC_3_12_21,fineDay21Fate,IBIP20:r1:ATAC:1:day12State,IBIP-20,day12State,ATAC,D3-D12,27,13,False,False,True,True,exactFrozenMaps,676bcc2c55476ba4e0681bf6a51f5699781021f9f9a93e14b3484ce9451b7e6d,,IBIP20_temporal_random_fiber_controls,27,351,18,335,13,38,36,313,351,0.891737891738,299,335,0.892537313433,94,117585,0.000799421694944,18,19,0.947368421053,335,351,0.954415954416,6318,6365,0.992615868028,False,False,2,3,0.666666666667,1:9;2:1;4:1;5:1;7:1
CellTag_iEP_reprogramming,CellTag_iEP,r1,F035:CellTag_iEP_reprogramming:CellTag_iEP:r1:r1_ATAC_3_12_21:fineDay21Fate,r1_ATAC_3_12_21,fineDay21Fate,IBIP20:r1:ATAC:1:orderedHistory,IBIP-20,orderedHistory,ATAC,D3-D12,27,25,False,False,True,True,exactFrozenMaps,ce96d1f53acfe2c1271f1026e10f0955be78d932c088cc99de3d7e1ee6c555e5,,IBIP20_temporal_random_fiber_controls,27,351,18,335,25,2,2,349,351,0.994301994302,333,335,0.994029850746,-32,117585,-0.000272143555726,1,1,1,335,351,0.954415954416,351,335,1.04776119403,False,False,4,27,0.148148148148,1:23;2:2
CellTag_iEP_reprogramming,CellTag_iEP,r1,F035:CellTag_iEP_reprogramming:CellTag_iEP:r1:r1_ATAC_3_12_21:fineDay21Fate,r1_ATAC_3_12_21,fineDay21Fate,IBIP20:r1:ATAC:1:unorderedHistory,IBIP-20,unorderedHistory,ATAC,D3-D12,27,24,False,False,True,True,exactFrozenMaps,b97bc87b26637b7325bc268b83448ce1925878017eae325c6a90dad63495672b,,IBIP20_temporal_random_fiber_controls,27,351,18,335,24,3,3,116,117,0.991452991453,332,335,0.991044776119,-16,39195,-0.000408215333588,1,1,1,335,351,0.954415954416,351,335,1.04776119403,False,False,2,9,0.222222222222,1:21;2:3
CellTag_iEP_reprogramming,CellTag_iEP,r1,F035:CellTag_iEP_reprogramming:CellTag_iEP:r1:r1_ATAC_3_12_21:fineDay21Fate,r1_ATAC_3_12_21,fineDay21Fate,IBIP20:r1:ATAC:1:reversedHistory,IBIP-20,reversedHistory,ATAC,D3-D12,27,25,False,False,True,True,exactFrozenMaps,b875c94b34f8f3be74dcbe15052854f9e07519ee0c32e85b4603b2ead3a924fb,,IBIP20_temporal_random_fiber_controls,27,351,18,335,25,2,2,349,351,0.994301994302,333,335,0.994029850746,-32,117585,-0.000272143555726,1,1,1,335,351,0.954415954416,351,335,1.04776119403,False,False,4,27,0.148148148148,1:23;2:2
CellTag_iEP_reprogramming,CellTag_iEP,r1,F035:CellTag_iEP_reprogramming:CellTag_iEP:r1:r1_ATAC_3_12_21:fineDay21Fate,r1_ATAC_3_12_21,fineDay21Fate,IBIP20:r1:ATAC:1:transitionSignature,IBIP-20,transitionSignature,ATAC,D3-D12,27,19,False,False,True,True,exactFrozenMaps,f25667d298f067fdafd819331479f428a396b83648220ecaa506ddaff8f2015e,,IBIP20_temporal_random_fiber_controls,27,351,18,335,19,13,13,26,27,0.962962962963,322,335,0.961194029851,-16,9045,-0.00176893311222,1,1,1,335,351,0.954415954416,351,335,1.04776119403,False,False,4,9,0.444444444444,1:15;2:1;3:2;4:1
CellTag_iEP_reprogramming,CellTag_iEP,r1,F035:CellTag_iEP_reprogramming:CellTag_iEP:r1:r1_ATAC_3_12_21:fineDay21Fate,r1_ATAC_3_12_21,fineDay21Fate,IBIP20:r1:ATAC:2:snapshotDay3,IBIP-20,snapshotDay3,ATAC,D3-D12,27,24,False,False,True,True,exactFrozenMaps,4fd492e71122f16f62dbb2e527d65d392436adc0adf63537a578b251fbf072f4,,IBIP20_temporal_random_fiber_controls,27,351,18,335,24,4,4,347,351,0.988603988604,331,335,0.988059701493,-64,117585,-0.000544287111451,1,1,1,335,351,0.954415954416,351,335,1.04776119403,False,False,5,27,0.185185185185,1:22;2:1;3:1
CellTag_iEP_reprogramming,CellTag_iEP,r1,F035:CellTag_iEP_reprogramming:CellTag_iEP:r1:r1_ATAC_3_12_21:fineDay21Fate,r1_ATAC_3_12_21,fineDay21Fate,IBIP20:r1:ATAC:2:day12State,IBIP-20,day12State,ATAC,D3-D12,27,25,False,False,True,True,exactFrozenMaps,847b823a57782738f60d53034edeec69f9b90795d07918d998ce125866b8b1d2,,IBIP20_temporal_random_fiber_controls,27,351,18,335,25,3,3,116,117,0.991452991453,332,335,0.991044776119,-16,39195,-0.000408215333588,1,1,1,335,351,0.954415954416,351,335,1.04776119403,False,False,1,9,0.111111111111,1:24;3:1
CellTag_iEP_reprogramming,CellTag_iEP,r1,F035:CellTag_iEP_reprogramming:CellTag_iEP:r1:r1_ATAC_3_12_21:fineDay21Fate,r1_ATAC_3_12_21,fineDay21Fate,IBIP20:r1:ATAC:2:orderedHistory,IBIP-20,orderedHistory,ATAC,D3-D12,27,27,True,True,True,True,exactFrozenMaps,b8262b3f26c5f26e3c195ee214493b24bf714c7710af13cfe99f0e0693825c0c,,IBIP20_temporal_random_fiber_controls,27,351,18,335,27,0,0,1,1,1,1,1,1,0,1,0,,,undefinedInjective,335,351,0.954415954416,,,undefinedInjective,True,False,0,1,0,1:27
CellTag_iEP_reprogramming,CellTag_iEP,r1,F035:CellTag_iEP_reprogramming:CellTag_iEP:r1:r1_ATAC_3_12_21:fineDay21Fate,r1_ATAC_3_12_21,fineDay21Fate,IBIP20:r1:ATAC:2:unorderedHistory,IBIP-20,unorderedHistory,ATAC,D3-D12,27,27,True,True,True,True,exactFrozenMaps,b9fc22e56e94ef6740b2ab1713994abf0018095257814ead27996901f3f12356,,IBIP20_temporal_random_fiber_controls,27,351,18,335,27,0,0,1,1,1,1,1,1,0,1,0,,,undefinedInjective,335,351,0.954415954416,,,undefinedInjective,True,False,0,1,0,1:27
CellTag_iEP_reprogramming,CellTag_iEP,r1,F035:CellTag_iEP_reprogramming:CellTag_iEP:r1:r1_ATAC_3_12_21:fineDay21Fate,r1_ATAC_3_12_21,fineDay21Fate,IBIP20:r1:ATAC:2:reversedHistory,IBIP-20,reversedHistory,ATAC,D3-D12,27,27,True,True,True,True,exactFrozenMaps,0c79a06bcaa2b5508e57151d615014ade2061459bd3f69dee179b7163edc0ad9,,IBIP20_temporal_random_fiber_controls,27,351,18,335,27,0,0,1,1,1,1,1,1,0,1,0,,,undefinedInjective,335,351,0.954415954416,,,undefinedInjective,True,False,0,1,0,1:27
CellTag_iEP_reprogramming,CellTag_iEP,r1,F035:CellTag_iEP_reprogramming:CellTag_iEP:r1:r1_ATAC_3_12_21:fineDay21Fate,r1_ATAC_3_12_21,fineDay21Fate,IBIP20:r1:ATAC:2:transitionSignature,IBIP-20,transitionSignature,ATAC,D3-D12,27,26,False,False,True,True,exactFrozenMaps,b21d6801f0f5025e3b43fac66ea4ca7f3b420facda4177cf9bb056239a1043cc,,IBIP20_temporal_random_fiber_controls,27,351,18,335,26,1,1,350,351,0.997150997151,334,335,0.997014925373,-16,117585,-0.000136071777863,1,1,1,335,351,0.954415954416,351,335,1.04776119403,False,False,2,27,0.0740740740741,1:25;2:1
CellTag_iEP_reprogramming,CellTag_iEP,r1,F035:CellTag_iEP_reprogramming:CellTag_iEP:r1:r1_ATAC_3_12_21:fineDay21Fate,r1_ATAC_3_12_21,fineDay21Fate,IBIP20:r1:ATAC:4:snapshotDay3,IBIP-20,snapshotDay3,ATAC,D3-D12,27,25,False,False,True,True,exactFrozenMaps,7d70ae1ecee566fa6d44d09f852915ad228412848ebe5ee5f028df3dbd0ab4a1,,IBIP20_temporal_random_fiber_controls,27,351,18,335,25,2,2,349,351,0.994301994302,333,335,0.994029850746,-32,117585,-0.000272143555726,1,1,1,335,351,0.954415954416,351,335,1.04776119403,False,False,4,27,0.148148148148,1:23;2:2
CellTag_iEP_reprogramming,CellTag_iEP,r1,F035:CellTag_iEP_reprogramming:CellTag_iEP:r1:r1_ATAC_3_12_21:fineDay21Fate,r1_ATAC_3_12_21,fineDay21Fate,IBIP20:r1:ATAC:4:day12State,IBIP-20,day12State,ATAC,D3-D12,27,25,False,False,True,True,exactFrozenMaps,54083b702efdd95e859d9ec5225317972f01bead82fce9153d94a76913f9edba,,IBIP20_temporal_random_fiber_controls,27,351,18,335,25,3,3,116,117,0.991452991453,332,335,0.991044776119,-16,39195,-0.000408215333588,1,1,1,335,351,0.954415954416,351,335,1.04776119403,False,False,1,9,0.111111111111,1:24;3:1
CellTag_iEP_reprogramming,CellTag_iEP,r1,F035:CellTag_iEP_reprogramming:CellTag_iEP:r1:r1_ATAC_3_12_21:fineDay21Fate,r1_ATAC_3_12_21,fineDay21Fate,IBIP20:r1:ATAC:4:orderedHistory,IBIP-20,orderedHistory,ATAC,D3-D12,27,27,True,True,True,True,exactFrozenMaps,0d252b1fde685c1605eb3b81fe2dc8f4d0409d4b80e3493c927b0fcb420ba6f5,,IBIP20_temporal_random_fiber_controls,27,351,18,335,27,0,0,1,1,1,1,1,1,0,1,0,,,undefinedInjective,335,351,0.954415954416,,,undefinedInjective,True,False,0,1,0,1:27
CellTag_iEP_reprogramming,CellTag_iEP,r1,F035:CellTag_iEP_reprogramming:CellTag_iEP:r1:r1_ATAC_3_12_21:fineDay21Fate,r1_ATAC_3_12_21,fineDay21Fate,IBIP20:r1:ATAC:4:unorderedHistory,IBIP-20,unorderedHistory,ATAC,D3-D12,27,27,True,True,True,True,exactFrozenMaps,4b964c7b628d5a5e30a8f0bd01b1e8e325cdf9630ae61f4ff4adacdead59d26c,,IBIP20_temporal_random_fiber_controls,27,351,18,335,27,0,0,1,1,1,1,1,1,0,1,0,,,undefinedInjective,335,351,0.954415954416,,,undefinedInjective,True,False,0,1,0,1:27
CellTag_iEP_reprogramming,CellTag_iEP,r1,F035:CellTag_iEP_reprogramming:CellTag_iEP:r1:r1_ATAC_3_12_21:fineDay21Fate,r1_ATAC_3_12_21,fineDay21Fate,IBIP20:r1:ATAC:4:reversedHistory,IBIP-20,reversedHistory,ATAC,D3-D12,27,27,True,True,True,True,exactFrozenMaps,54fd55ca84cc9c3fa471c1b39a5d16f23c32161f41dafe997209fcab2f5d749e,,IBIP20_temporal_random_fiber_controls,27,351,18,335,27,0,0,1,1,1,1,1,1,0,1,0,,,undefinedInjective,335,351,0.954415954416,,,undefinedInjective,True,False,0,1,0,1:27
CellTag_iEP_reprogramming,CellTag_iEP,r1,F035:CellTag_iEP_reprogramming:CellTag_iEP:r1:r1_ATAC_3_12_21:fineDay21Fate,r1_ATAC_3_12_21,fineDay21Fate,IBIP20:r1:ATAC:4:transitionSignature,IBIP-20,transitionSignature,ATAC,D3-D12,27,26,False,False,True,True,exactFrozenMaps,db05de4a303cccf673ac027daa685e8d82d4bba742ef7e96ecd5a3085007254f,,IBIP20_temporal_random_fiber_controls,27,351,18,335,26,1,1,350,351,0.997150997151,334,335,0.997014925373,-16,117585,-0.000136071777863,1,1,1,335,351,0.954415954416,351,335,1.04776119403,False,False,2,27,0.0740740740741,1:25;2:1
CellTag_iEP_reprogramming,CellTag_iEP,r1,F035:CellTag_iEP_reprogramming:CellTag_iEP:r1:r1_ATAC_3_12_21:fineDay21Fate,r1_ATAC_3_12_21,fineDay21Fate,IBIP20:r1:ATAC:5:snapshotDay3,IBIP-20,snapshotDay3,ATAC,D3-D12,27,26,False,False,True,True,exactFrozenMaps,c6038208cce6da55635e3b1291c4a68f51a3f0d4138eb755f6204ebdd1e96e14,,IBIP20_temporal_random_fiber_controls,27,351,18,335,26,1,1,350,351,0.997150997151,334,335,0.997014925373,-16,117585,-0.000136071777863,1,1,1,335,351,0.954415954416,351,335,1.04776119403,False,False,2,27,0.0740740740741,1:25;2:1
CellTag_iEP_reprogramming,CellTag_iEP,r1,F035:CellTag_iEP_reprogramming:CellTag_iEP:r1:r1_ATAC_3_12_21:fineDay21Fate,r1_ATAC_3_12_21,fineDay21Fate,IBIP20:r1:ATAC:5:day12State,IBIP-20,day12State,ATAC,D3-D12,27,27,True,True,True,True,exactFrozenMaps,1abaf73242facd3e4a0a6bb95b4cfb55cd21d7c436d7e0a5a3e702fbba054a4b,,IBIP20_temporal_random_fiber_controls,27,351,18,335,27,0,0,1,1,1,1,1,1,0,1,0,,,undefinedInjective,335,351,0.954415954416,,,undefinedInjective,True,False,0,1,0,1:27
CellTag_iEP_reprogramming,CellTag_iEP,r1,F035:CellTag_iEP_reprogramming:CellTag_iEP:r1:r1_ATAC_3_12_21:fineDay21Fate,r1_ATAC_3_12_21,fineDay21Fate,IBIP20:r1:ATAC:5:orderedHistory,IBIP-20,orderedHistory,ATAC,D3-D12,27,27,True,True,True,True,exactFrozenMaps,df6b46dda5e03fa59d2d3215cce3368118b1f8bfdd722796a954f80ee90a2010,,IBIP20_temporal_random_fiber_controls,27,351,18,335,27,0,0,1,1,1,1,1,1,0,1,0,,,undefinedInjective,335,351,0.954415954416,,,undefinedInjective,True,False,0,1,0,1:27
CellTag_iEP_reprogramming,CellTag_iEP,r1,F035:CellTag_iEP_reprogramming:CellTag_iEP:r1:r1_ATAC_3_12_21:fineDay21Fate,r1_ATAC_3_12_21,fineDay21Fate,IBIP20:r1:ATAC:5:unorderedHistory,IBIP-20,unorderedHistory,ATAC,D3-D12,27,27,True,True,True,True,exactFrozenMaps,a96440279a5cf10cf4cca87db41f1cabc9b2a52b83141d06cd0ee7025e4e8ac4,,IBIP20_temporal_random_fiber_controls,27,351,18,335,27,0,0,1,1,1,1,1,1,0,1,0,,,undefinedInjective,335,351,0.954415954416,,,undefinedInjective,True,False,0,1,0,1:27
CellTag_iEP_reprogramming,CellTag_iEP,r1,F035:CellTag_iEP_reprogramming:CellTag_iEP:r1:r1_ATAC_3_12_21:fineDay21Fate,r1_ATAC_3_12_21,fineDay21Fate,IBIP20:r1:ATAC:5:reversedHistory,IBIP-20,reversedHistory,ATAC,D3-D12,27,27,True,True,True,True,exactFrozenMaps,9cbc5ab2ac54dc34a810a67364c18ea1b092d6394eea8c957829e75ec1d6a6bc,,IBIP20_temporal_random_fiber_controls,27,351,18,335,27,0,0,1,1,1,1,1,1,0,1,0,,,undefinedInjective,335,351,0.954415954416,,,undefinedInjective,True,False,0,1,0,1:27
CellTag_iEP_reprogramming,CellTag_iEP,r1,F035:CellTag_iEP_reprogramming:CellTag_iEP:r1:r1_ATAC_3_12_21:fineDay21Fate,r1_ATAC_3_12_21,fineDay21Fate,IBIP20:r1:ATAC:5:transitionSignature,IBIP-20,transitionSignature,ATAC,D3-D12,27,27,True,True,True,True,exactFrozenMaps,e90f944ff97f7b836fb011a09f0f1c93ee2df9cc173a95bf9ae5fa599106844f,,IBIP20_temporal_random_fiber_controls,27,351,18,335,27,0,0,1,1,1,1,1,1,0,1,0,,,undefinedInjective,335,351,0.954415954416,,,undefinedInjective,True,False,0,1,0,1:27
CellTag_iEP_reprogramming,CellTag_iEP,r1,F036:CellTag_iEP_reprogramming:CellTag_iEP:r1:r1_ATAC_3_12_21:sourceGroupedDay21Fate,r1_ATAC_3_12_21,sourceGroupedDay21Fate,IBIP20:r1:ATAC:0:snapshotDay3,IBIP-20,snapshotDay3,ATAC,D3-D12,27,1,False,False,True,True,exactFrozenMaps,d5e3fcad8ba612edb36816c81b6917e99b00f89d091805fcd7eac750b9c76230,,IBIP20_temporal_random_fiber_controls,27,351,12,294,1,351,294,0,1,0,0,1,0,0,1,0,98,117,0.837606837607,98,117,0.837606837607,1,1,1,False,False,1,1,1,27:1
CellTag_iEP_reprogramming,CellTag_iEP,r1,F036:CellTag_iEP_reprogramming:CellTag_iEP:r1:r1_ATAC_3_12_21:sourceGroupedDay21Fate,r1_ATAC_3_12_21,sourceGroupedDay21Fate,IBIP20:r1:ATAC:0:day12State,IBIP-20,day12State,ATAC,D3-D12,27,1,False,False,True,True,exactFrozenMaps,d5e3fcad8ba612edb36816c81b6917e99b00f89d091805fcd7eac750b9c76230,IBIP20:r1:ATAC:0:snapshotDay3,IBIP20_temporal_random_fiber_controls,27,351,12,294,1,351,294,0,1,0,0,1,0,0,1,0,98,117,0.837606837607,98,117,0.837606837607,1,1,1,False,False,1,1,1,27:1
CellTag_iEP_reprogramming,CellTag_iEP,r1,F036:CellTag_iEP_reprogramming:CellTag_iEP:r1:r1_ATAC_3_12_21:sourceGroupedDay21Fate,r1_ATAC_3_12_21,sourceGroupedDay21Fate,IBIP20:r1:ATAC:0:orderedHistory,IBIP-20,orderedHistory,ATAC,D3-D12,27,1,False,False,True,True,exactFrozenMaps,ed8b075616543a2ed101e41e1bc31e93d3116c10c7e84c234bd15b333e1d7cfb,,IBIP20_temporal_random_fiber_controls,27,351,12,294,1,351,294,0,1,0,0,1,0,0,1,0,98,117,0.837606837607,98,117,0.837606837607,1,1,1,False,False,1,1,1,27:1
CellTag_iEP_reprogramming,CellTag_iEP,r1,F036:CellTag_iEP_reprogramming:CellTag_iEP:r1:r1_ATAC_3_12_21:sourceGroupedDay21Fate,r1_ATAC_3_12_21,sourceGroupedDay21Fate,IBIP20:r1:ATAC:0:unorderedHistory,IBIP-20,unorderedHistory,ATAC,D3-D12,27,1,False,False,True,True,exactFrozenMaps,ed8b075616543a2ed101e41e1bc31e93d3116c10c7e84c234bd15b333e1d7cfb,IBIP20:r1:ATAC:0:orderedHistory,IBIP20_temporal_random_fiber_controls,27,351,12,294,1,351,294,0,1,0,0,1,0,0,1,0,98,117,0.837606837607,98,117,0.837606837607,1,1,1,False,False,1,1,1,27:1
CellTag_iEP_reprogramming,CellTag_iEP,r1,F036:CellTag_iEP_reprogramming:CellTag_iEP:r1:r1_ATAC_3_12_21:sourceGroupedDay21Fate,r1_ATAC_3_12_21,sourceGroupedDay21Fate,IBIP20:r1:ATAC:0:reversedHistory,IBIP-20,reversedHistory,ATAC,D3-D12,27,1,False,False,True,True,exactFrozenMaps,ed8b075616543a2ed101e41e1bc31e93d3116c10c7e84c234bd15b333e1d7cfb,IBIP20:r1:ATAC:0:orderedHistory,IBIP20_temporal_random_fiber_controls,27,351,12,294,1,351,294,0,1,0,0,1,0,0,1,0,98,117,0.837606837607,98,117,0.837606837607,1,1,1,False,False,1,1,1,27:1
CellTag_iEP_reprogramming,CellTag_iEP,r1,F036:CellTag_iEP_reprogramming:CellTag_iEP:r1:r1_ATAC_3_12_21:sourceGroupedDay21Fate,r1_ATAC_3_12_21,sourceGroupedDay21Fate,IBIP20:r1:ATAC:0:transitionSignature,IBIP-20,transitionSignature,ATAC,D3-D12,27,1,False,False,True,True,exactFrozenMaps,d5e3fcad8ba612edb36816c81b6917e99b00f89d091805fcd7eac750b9c76230,IBIP20:r1:ATAC:0:snapshotDay3,IBIP20_temporal_random_fiber_controls,27,351,12,294,1,351,294,0,1,0,0,1,0,0,1,0,98,117,0.837606837607,98,117,0.837606837607,1,1,1,False,False,1,1,1,27:1
CellTag_iEP_reprogramming,CellTag_iEP,r1,F036:CellTag_iEP_reprogramming:CellTag_iEP:r1:r1_ATAC_3_12_21:sourceGroupedDay21Fate,r1_ATAC_3_12_21,sourceGroupedDay21Fate,IBIP20:r1:ATAC:1:snapshotDay3,IBIP-20,snapshotDay3,ATAC,D3-D12,27,16,False,False,True,True,exactFrozenMaps,3f7682928ee739ded5ce6ba6cc15ea10fe745f8b1b037364b20e106f82fac91b,,IBIP20_temporal_random_fiber_controls,27,351,12,294,16,19,17,332,351,0.945868945869,277,294,0.942176870748,-127,34398,-0.00369207512065,17,19,0.894736842105,98,117,0.837606837607,1989,1862,1.06820622986,False,False,17,27,0.62962962963,1:10;2:3;3:2;5:1
CellTag_iEP_reprogramming,CellTag_iEP,r1,F036:CellTag_iEP_reprogramming:CellTag_iEP:r1:r1_ATAC_3_12_21:sourceGroupedDay21Fate,r1_ATAC_3_12_21,sourceGroupedDay21Fate,IBIP20:r1:ATAC:1:day12State,IBIP-20,day12State,ATAC,D3-D12,27,13,False,False,True,True,exactFrozenMaps,676bcc2c55476ba4e0681bf6a51f5699781021f9f9a93e14b3484ce9451b7e6d,,IBIP20_temporal_random_fiber_controls,27,351,12,294,13,38,32,313,351,0.891737891738,131,147,0.891156462585,-10,17199,-0.000581429152858,16,19,0.842105263158,98,117,0.837606837607,936,931,1.00537056928,False,False,2,3,0.666666666667,1:9;2:1;4:1;5:1;7:1
CellTag_iEP_reprogramming,CellTag_iEP,r1,F036:CellTag_iEP_reprogramming:CellTag_iEP:r1:r1_ATAC_3_12_21:sourceGroupedDay21Fate,r1_ATAC_3_12_21,sourceGroupedDay21Fate,IBIP20:r1:ATAC:1:orderedHistory,IBIP-20,orderedHistory,ATAC,D3-D12,27,25,False,False,True,True,exactFrozenMaps,ce96d1f53acfe2c1271f1026e10f0955be78d932c088cc99de3d7e1ee6c555e5,,IBIP20_temporal_random_fiber_controls,27,351,12,294,25,2,2,349,351,0.994301994302,146,147,0.993197278912,-19,17199,-0.00110471539043,1,1,1,98,117,0.837606837607,117,98,1.19387755102,False,False,4,27,0.148148148148,1:23;2:2
CellTag_iEP_reprogramming,CellTag_iEP,r1,F036:CellTag_iEP_reprogramming:CellTag_iEP:r1:r1_ATAC_3_12_21:sourceGroupedDay21Fate,r1_ATAC_3_12_21,sourceGroupedDay21Fate,IBIP20:r1:ATAC:1:unorderedHistory,IBIP-20,unorderedHistory,ATAC,D3-D12,27,24,False,False,True,True,exactFrozenMaps,b97bc87b26637b7325bc268b83448ce1925878017eae325c6a90dad63495672b,,IBIP20_temporal_random_fiber_controls,27,351,12,294,24,3,2,116,117,0.991452991453,146,147,0.993197278912,10,5733,0.00174428745857,2,3,0.666666666667,98,117,0.837606837607,39,49,0.795918367347,False,False,2,9,0.222222222222,1:21;2:3
CellTag_iEP_reprogramming,CellTag_iEP,r1,F036:CellTag_iEP_reprogramming:CellTag_iEP:r1:r1_ATAC_3_12_21:sourceGroupedDay21Fate,r1_ATAC_3_12_21,sourceGroupedDay21Fate,IBIP20:r1:ATAC:1:reversedHistory,IBIP-20,reversedHistory,ATAC,D3-D12,27,25,False,False,True,True,exactFrozenMaps,b875c94b34f8f3be74dcbe15052854f9e07519ee0c32e85b4603b2ead3a924fb,,IBIP20_temporal_random_fiber_controls,27,351,12,294,25,2,2,349,351,0.994301994302,146,147,0.993197278912,-19,17199,-0.00110471539043,1,1,1,98,117,0.837606837607,117,98,1.19387755102,False,False,4,27,0.148148148148,1:23;2:2
CellTag_iEP_reprogramming,CellTag_iEP,r1,F036:CellTag_iEP_reprogramming:CellTag_iEP:r1:r1_ATAC_3_12_21:sourceGroupedDay21Fate,r1_ATAC_3_12_21,sourceGroupedDay21Fate,IBIP20:r1:ATAC:1:transitionSignature,IBIP-20,transitionSignature,ATAC,D3-D12,27,19,False,False,True,True,exactFrozenMaps,f25667d298f067fdafd819331479f428a396b83648220ecaa506ddaff8f2015e,,IBIP20_temporal_random_fiber_controls,27,351,12,294,19,13,12,26,27,0.962962962963,47,49,0.959183673469,-5,1323,-0.00377928949358,12,13,0.923076923077,98,117,0.837606837607,54,49,1.10204081633,False,False,4,9,0.444444444444,1:15;2:1;3:2;4:1
CellTag_iEP_reprogramming,CellTag_iEP,r1,F036:CellTag_iEP_reprogramming:CellTag_iEP:r1:r1_ATAC_3_12_21:sourceGroupedDay21Fate,r1_ATAC_3_12_21,sourceGroupedDay21Fate,IBIP20:r1:ATAC:2:snapshotDay3,IBIP-20,snapshotDay3,ATAC,D3-D12,27,24,False,False,True,True,exactFrozenMaps,4fd492e71122f16f62dbb2e527d65d392436adc0adf63537a578b251fbf072f4,,IBIP20_temporal_random_fiber_controls,27,351,12,294,24,4,4,347,351,0.988603988604,145,147,0.986394557823,-38,17199,-0.00220943078086,1,1,1,98,117,0.837606837607,117,98,1.19387755102,False,False,5,27,0.185185185185,1:22;2:1;3:1
CellTag_iEP_reprogramming,CellTag_iEP,r1,F036:CellTag_iEP_reprogramming:CellTag_iEP:r1:r1_ATAC_3_12_21:sourceGroupedDay21Fate,r1_ATAC_3_12_21,sourceGroupedDay21Fate,IBIP20:r1:ATAC:2:day12State,IBIP-20,day12State,ATAC,D3-D12,27,25,False,False,True,True,exactFrozenMaps,847b823a57782738f60d53034edeec69f9b90795d07918d998ce125866b8b1d2,,IBIP20_temporal_random_fiber_controls,27,351,12,294,25,3,3,116,117,0.991452991453,97,98,0.989795918367,-19,11466,-0.00165707308564,1,1,1,98,117,0.837606837607,117,98,1.19387755102,False,False,1,9,0.111111111111,1:24;3:1
CellTag_iEP_reprogramming,CellTag_iEP,r1,F036:CellTag_iEP_reprogramming:CellTag_iEP:r1:r1_ATAC_3_12_21:sourceGroupedDay21Fate,r1_ATAC_3_12_21,sourceGroupedDay21Fate,IBIP20:r1:ATAC:2:orderedHistory,IBIP-20,orderedHistory,ATAC,D3-D12,27,27,True,True,True,True,exactFrozenMaps,b8262b3f26c5f26e3c195ee214493b24bf714c7710af13cfe99f0e0693825c0c,,IBIP20_temporal_random_fiber_controls,27,351,12,294,27,0,0,1,1,1,1,1,1,0,1,0,,,undefinedInjective,98,117,0.837606837607,,,undefinedInjective,True,False,0,1,0,1:27
CellTag_iEP_reprogramming,CellTag_iEP,r1,F036:CellTag_iEP_reprogramming:CellTag_iEP:r1:r1_ATAC_3_12_21:sourceGroupedDay21Fate,r1_ATAC_3_12_21,sourceGroupedDay21Fate,IBIP20:r1:ATAC:2:unorderedHistory,IBIP-20,unorderedHistory,ATAC,D3-D12,27,27,True,True,True,True,exactFrozenMaps,b9fc22e56e94ef6740b2ab1713994abf0018095257814ead27996901f3f12356,,IBIP20_temporal_random_fiber_controls,27,351,12,294,27,0,0,1,1,1,1,1,1,0,1,0,,,undefinedInjective,98,117,0.837606837607,,,undefinedInjective,True,False,0,1,0,1:27
CellTag_iEP_reprogramming,CellTag_iEP,r1,F036:CellTag_iEP_reprogramming:CellTag_iEP:r1:r1_ATAC_3_12_21:sourceGroupedDay21Fate,r1_ATAC_3_12_21,sourceGroupedDay21Fate,IBIP20:r1:ATAC:2:reversedHistory,IBIP-20,reversedHistory,ATAC,D3-D12,27,27,True,True,True,True,exactFrozenMaps,0c79a06bcaa2b5508e57151d615014ade2061459bd3f69dee179b7163edc0ad9,,IBIP20_temporal_random_fiber_controls,27,351,12,294,27,0,0,1,1,1,1,1,1,0,1,0,,,undefinedInjective,98,117,0.837606837607,,,undefinedInjective,True,False,0,1,0,1:27
CellTag_iEP_reprogramming,CellTag_iEP,r1,F036:CellTag_iEP_reprogramming:CellTag_iEP:r1:r1_ATAC_3_12_21:sourceGroupedDay21Fate,r1_ATAC_3_12_21,sourceGroupedDay21Fate,IBIP20:r1:ATAC:2:transitionSignature,IBIP-20,transitionSignature,ATAC,D3-D12,27,26,False,False,True,True,exactFrozenMaps,b21d6801f0f5025e3b43fac66ea4ca7f3b420facda4177cf9bb056239a1043cc,,IBIP20_temporal_random_fiber_controls,27,351,12,294,26,1,1,350,351,0.997150997151,293,294,0.996598639456,-19,34398,-0.000552357695215,1,1,1,98,117,0.837606837607,117,98,1.19387755102,False,False,2,27,0.0740740740741,1:25;2:1
CellTag_iEP_reprogramming,CellTag_iEP,r1,F036:CellTag_iEP_reprogramming:CellTag_iEP:r1:r1_ATAC_3_12_21:sourceGroupedDay21Fate,r1_ATAC_3_12_21,sourceGroupedDay21Fate,IBIP20:r1:ATAC:4:snapshotDay3,IBIP-20,snapshotDay3,ATAC,D3-D12,27,25,False,False,True,True,exactFrozenMaps,7d70ae1ecee566fa6d44d09f852915ad228412848ebe5ee5f028df3dbd0ab4a1,,IBIP20_temporal_random_fiber_controls,27,351,12,294,25,2,2,349,351,0.994301994302,146,147,0.993197278912,-19,17199,-0.00110471539043,1,1,1,98,117,0.837606837607,117,98,1.19387755102,False,False,4,27,0.148148148148,1:23;2:2
CellTag_iEP_reprogramming,CellTag_iEP,r1,F036:CellTag_iEP_reprogramming:CellTag_iEP:r1:r1_ATAC_3_12_21:sourceGroupedDay21Fate,r1_ATAC_3_12_21,sourceGroupedDay21Fate,IBIP20:r1:ATAC:4:day12State,IBIP-20,day12State,ATAC,D3-D12,27,25,False,False,True,True,exactFrozenMaps,54083b702efdd95e859d9ec5225317972f01bead82fce9153d94a76913f9edba,,IBIP20_temporal_random_fiber_controls,27,351,12,294,25,3,3,116,117,0.991452991453,97,98,0.989795918367,-19,11466,-0.00165707308564,1,1,1,98,117,0.837606837607,117,98,1.19387755102,False,False,1,9,0.111111111111,1:24;3:1
CellTag_iEP_reprogramming,CellTag_iEP,r1,F036:CellTag_iEP_reprogramming:CellTag_iEP:r1:r1_ATAC_3_12_21:sourceGroupedDay21Fate,r1_ATAC_3_12_21,sourceGroupedDay21Fate,IBIP20:r1:ATAC:4:orderedHistory,IBIP-20,orderedHistory,ATAC,D3-D12,27,27,True,True,True,True,exactFrozenMaps,0d252b1fde685c1605eb3b81fe2dc8f4d0409d4b80e3493c927b0fcb420ba6f5,,IBIP20_temporal_random_fiber_controls,27,351,12,294,27,0,0,1,1,1,1,1,1,0,1,0,,,undefinedInjective,98,117,0.837606837607,,,undefinedInjective,True,False,0,1,0,1:27
CellTag_iEP_reprogramming,CellTag_iEP,r1,F036:CellTag_iEP_reprogramming:CellTag_iEP:r1:r1_ATAC_3_12_21:sourceGroupedDay21Fate,r1_ATAC_3_12_21,sourceGroupedDay21Fate,IBIP20:r1:ATAC:4:unorderedHistory,IBIP-20,unorderedHistory,ATAC,D3-D12,27,27,True,True,True,True,exactFrozenMaps,4b964c7b628d5a5e30a8f0bd01b1e8e325cdf9630ae61f4ff4adacdead59d26c,,IBIP20_temporal_random_fiber_controls,27,351,12,294,27,0,0,1,1,1,1,1,1,0,1,0,,,undefinedInjective,98,117,0.837606837607,,,undefinedInjective,True,False,0,1,0,1:27
CellTag_iEP_reprogramming,CellTag_iEP,r1,F036:CellTag_iEP_reprogramming:CellTag_iEP:r1:r1_ATAC_3_12_21:sourceGroupedDay21Fate,r1_ATAC_3_12_21,sourceGroupedDay21Fate,IBIP20:r1:ATAC:4:reversedHistory,IBIP-20,reversedHistory,ATAC,D3-D12,27,27,True,True,True,True,exactFrozenMaps,54fd55ca84cc9c3fa471c1b39a5d16f23c32161f41dafe997209fcab2f5d749e,,IBIP20_temporal_random_fiber_controls,27,351,12,294,27,0,0,1,1,1,1,1,1,0,1,0,,,undefinedInjective,98,117,0.837606837607,,,undefinedInjective,True,False,0,1,0,1:27
CellTag_iEP_reprogramming,CellTag_iEP,r1,F036:CellTag_iEP_reprogramming:CellTag_iEP:r1:r1_ATAC_3_12_21:sourceGroupedDay21Fate,r1_ATAC_3_12_21,sourceGroupedDay21Fate,IBIP20:r1:ATAC:4:transitionSignature,IBIP-20,transitionSignature,ATAC,D3-D12,27,26,False,False,True,True,exactFrozenMaps,db05de4a303cccf673ac027daa685e8d82d4bba742ef7e96ecd5a3085007254f,,IBIP20_temporal_random_fiber_controls,27,351,12,294,26,1,1,350,351,0.997150997151,293,294,0.996598639456,-19,34398,-0.000552357695215,1,1,1,98,117,0.837606837607,117,98,1.19387755102,False,False,2,27,0.0740740740741,1:25;2:1
CellTag_iEP_reprogramming,CellTag_iEP,r1,F036:CellTag_iEP_reprogramming:CellTag_iEP:r1:r1_ATAC_3_12_21:sourceGroupedDay21Fate,r1_ATAC_3_12_21,sourceGroupedDay21Fate,IBIP20:r1:ATAC:5:snapshotDay3,IBIP-20,snapshotDay3,ATAC,D3-D12,27,26,False,False,True,True,exactFrozenMaps,c6038208cce6da55635e3b1291c4a68f51a3f0d4138eb755f6204ebdd1e96e14,,IBIP20_temporal_random_fiber_controls,27,351,12,294,26,1,1,350,351,0.997150997151,293,294,0.996598639456,-19,34398,-0.000552357695215,1,1,1,98,117,0.837606837607,117,98,1.19387755102,False,False,2,27,0.0740740740741,1:25;2:1
CellTag_iEP_reprogramming,CellTag_iEP,r1,F036:CellTag_iEP_reprogramming:CellTag_iEP:r1:r1_ATAC_3_12_21:sourceGroupedDay21Fate,r1_ATAC_3_12_21,sourceGroupedDay21Fate,IBIP20:r1:ATAC:5:day12State,IBIP-20,day12State,ATAC,D3-D12,27,27,True,True,True,True,exactFrozenMaps,1abaf73242facd3e4a0a6bb95b4cfb55cd21d7c436d7e0a5a3e702fbba054a4b,,IBIP20_temporal_random_fiber_controls,27,351,12,294,27,0,0,1,1,1,1,1,1,0,1,0,,,undefinedInjective,98,117,0.837606837607,,,undefinedInjective,True,False,0,1,0,1:27
CellTag_iEP_reprogramming,CellTag_iEP,r1,F036:CellTag_iEP_reprogramming:CellTag_iEP:r1:r1_ATAC_3_12_21:sourceGroupedDay21Fate,r1_ATAC_3_12_21,sourceGroupedDay21Fate,IBIP20:r1:ATAC:5:orderedHistory,IBIP-20,orderedHistory,ATAC,D3-D12,27,27,True,True,True,True,exactFrozenMaps,df6b46dda5e03fa59d2d3215cce3368118b1f8bfdd722796a954f80ee90a2010,,IBIP20_temporal_random_fiber_controls,27,351,12,294,27,0,0,1,1,1,1,1,1,0,1,0,,,undefinedInjective,98,117,0.837606837607,,,undefinedInjective,True,False,0,1,0,1:27
CellTag_iEP_reprogramming,CellTag_iEP,r1,F036:CellTag_iEP_reprogramming:CellTag_iEP:r1:r1_ATAC_3_12_21:sourceGroupedDay21Fate,r1_ATAC_3_12_21,sourceGroupedDay21Fate,IBIP20:r1:ATAC:5:unorderedHistory,IBIP-20,unorderedHistory,ATAC,D3-D12,27,27,True,True,True,True,exactFrozenMaps,a96440279a5cf10cf4cca87db41f1cabc9b2a52b83141d06cd0ee7025e4e8ac4,,IBIP20_temporal_random_fiber_controls,27,351,12,294,27,0,0,1,1,1,1,1,1,0,1,0,,,undefinedInjective,98,117,0.837606837607,,,undefinedInjective,True,False,0,1,0,1:27
CellTag_iEP_reprogramming,CellTag_iEP,r1,F036:CellTag_iEP_reprogramming:CellTag_iEP:r1:r1_ATAC_3_12_21:sourceGroupedDay21Fate,r1_ATAC_3_12_21,sourceGroupedDay21Fate,IBIP20:r1:ATAC:5:reversedHistory,IBIP-20,reversedHistory,ATAC,D3-D12,27,27,True,True,True,True,exactFrozenMaps,9cbc5ab2ac54dc34a810a67364c18ea1b092d6394eea8c957829e75ec1d6a6bc,,IBIP20_temporal_random_fiber_controls,27,351,12,294,27,0,0,1,1,1,1,1,1,0,1,0,,,undefinedInjective,98,117,0.837606837607,,,undefinedInjective,True,False,0,1,0,1:27
CellTag_iEP_reprogramming,CellTag_iEP,r1,F036:CellTag_iEP_reprogramming:CellTag_iEP:r1:r1_ATAC_3_12_21:sourceGroupedDay21Fate,r1_ATAC_3_12_21,sourceGroupedDay21Fate,IBIP20:r1:ATAC:5:transitionSignature,IBIP-20,transitionSignature,ATAC,D3-D12,27,27,True,True,True,True,exactFrozenMaps,e90f944ff97f7b836fb011a09f0f1c93ee2df9cc173a95bf9ae5fa599106844f,,IBIP20_temporal_random_fiber_controls,27,351,12,294,27,0,0,1,1,1,1,1,1,0,1,0,,,undefinedInjective,98,117,0.837606837607,,,undefinedInjective,True,False,0,1,0,1:27
CellTag_iEP_reprogramming,CellTag_iEP,r1,F037:CellTag_iEP_reprogramming:CellTag_iEP:r1:r1_ATAC_3_12_21:majorityDay21Fate,r1_ATAC_3_12_21,majorityDay21Fate,IBIP20:r1:ATAC:0:snapshotDay3,IBIP-20,snapshotDay3,ATAC,D3-D12,27,1,False,False,True,True,exactFrozenMaps,d5e3fcad8ba612edb36816c81b6917e99b00f89d091805fcd7eac750b9c76230,,IBIP20_temporal_random_fiber_controls,27,351,3,230,1,351,230,0,1,0,0,1,0,0,1,0,230,351,0.655270655271,230,351,0.655270655271,1,1,1,False,False,1,1,1,27:1
CellTag_iEP_reprogramming,CellTag_iEP,r1,F037:CellTag_iEP_reprogramming:CellTag_iEP:r1:r1_ATAC_3_12_21:majorityDay21Fate,r1_ATAC_3_12_21,majorityDay21Fate,IBIP20:r1:ATAC:0:day12State,IBIP-20,day12State,ATAC,D3-D12,27,1,False,False,True,True,exactFrozenMaps,d5e3fcad8ba612edb36816c81b6917e99b00f89d091805fcd7eac750b9c76230,IBIP20:r1:ATAC:0:snapshotDay3,IBIP20_temporal_random_fiber_controls,27,351,3,230,1,351,230,0,1,0,0,1,0,0,1,0,230,351,0.655270655271,230,351,0.655270655271,1,1,1,False,False,1,1,1,27:1
CellTag_iEP_reprogramming,CellTag_iEP,r1,F037:CellTag_iEP_reprogramming:CellTag_iEP:r1:r1_ATAC_3_12_21:majorityDay21Fate,r1_ATAC_3_12_21,majorityDay21Fate,IBIP20:r1:ATAC:0:orderedHistory,IBIP-20,orderedHistory,ATAC,D3-D12,27,1,False,False,True,True,exactFrozenMaps,ed8b075616543a2ed101e41e1bc31e93d3116c10c7e84c234bd15b333e1d7cfb,,IBIP20_temporal_random_fiber_controls,27,351,3,230,1,351,230,0,1,0,0,1,0,0,1,0,230,351,0.655270655271,230,351,0.655270655271,1,1,1,False,False,1,1,1,27:1
CellTag_iEP_reprogramming,CellTag_iEP,r1,F037:CellTag_iEP_reprogramming:CellTag_iEP:r1:r1_ATAC_3_12_21:majorityDay21Fate,r1_ATAC_3_12_21,majorityDay21Fate,IBIP20:r1:ATAC:0:unorderedHistory,IBIP-20,unorderedHistory,ATAC,D3-D12,27,1,False,False,True,True,exactFrozenMaps,ed8b075616543a2ed101e41e1bc31e93d3116c10c7e84c234bd15b333e1d7cfb,IBIP20:r1:ATAC:0:orderedHistory,IBIP20_temporal_random_fiber_controls,27,351,3,230,1,351,230,0,1,0,0,1,0,0,1,0,230,351,0.655270655271,230,351,0.655270655271,1,1,1,False,False,1,1,1,27:1
CellTag_iEP_reprogramming,CellTag_iEP,r1,F037:CellTag_iEP_reprogramming:CellTag_iEP:r1:r1_ATAC_3_12_21:majorityDay21Fate,r1_ATAC_3_12_21,majorityDay21Fate,IBIP20:r1:ATAC:0:reversedHistory,IBIP-20,reversedHistory,ATAC,D3-D12,27,1,False,False,True,True,exactFrozenMaps,ed8b075616543a2ed101e41e1bc31e93d3116c10c7e84c234bd15b333e1d7cfb,IBIP20:r1:ATAC:0:orderedHistory,IBIP20_temporal_random_fiber_controls,27,351,3,230,1,351,230,0,1,0,0,1,0,0,1,0,230,351,0.655270655271,230,351,0.655270655271,1,1,1,False,False,1,1,1,27:1
CellTag_iEP_reprogramming,CellTag_iEP,r1,F037:CellTag_iEP_reprogramming:CellTag_iEP:r1:r1_ATAC_3_12_21:majorityDay21Fate,r1_ATAC_3_12_21,majorityDay21Fate,IBIP20:r1:ATAC:0:transitionSignature,IBIP-20,transitionSignature,ATAC,D3-D12,27,1,False,False,True,True,exactFrozenMaps,d5e3fcad8ba612edb36816c81b6917e99b00f89d091805fcd7eac750b9c76230,IBIP20:r1:ATAC:0:snapshotDay3,IBIP20_temporal_random_fiber_controls,27,351,3,230,1,351,230,0,1,0,0,1,0,0,1,0,230,351,0.655270655271,230,351,0.655270655271,1,1,1,False,False,1,1,1,27:1
CellTag_iEP_reprogramming,CellTag_iEP,r1,F037:CellTag_iEP_reprogramming:CellTag_iEP:r1:r1_ATAC_3_12_21:majorityDay21Fate,r1_ATAC_3_12_21,majorityDay21Fate,IBIP20:r1:ATAC:1:snapshotDay3,IBIP-20,snapshotDay3,ATAC,D3-D12,27,16,False,False,True,True,exactFrozenMaps,3f7682928ee739ded5ce6ba6cc15ea10fe745f8b1b037364b20e106f82fac91b,,IBIP20_temporal_random_fiber_controls,27,351,3,230,16,19,12,332,351,0.945868945869,109,115,0.947826086957,79,40365,0.00195714108758,12,19,0.631578947368,230,351,0.655270655271,2106,2185,0.963844393593,False,False,17,27,0.62962962963,1:10;2:3;3:2;5:1
CellTag_iEP_reprogramming,CellTag_iEP,r1,F037:CellTag_iEP_reprogramming:CellTag_iEP:r1:r1_ATAC_3_12_21:majorityDay21Fate,r1_ATAC_3_12_21,majorityDay21Fate,IBIP20:r1:ATAC:1:day12State,IBIP-20,day12State,ATAC,D3-D12,27,13,False,False,True,True,exactFrozenMaps,676bcc2c55476ba4e0681bf6a51f5699781021f9f9a93e14b3484ce9451b7e6d,,IBIP20_temporal_random_fiber_controls,27,351,3,230,13,38,25,313,351,0.891737891738,41,46,0.891304347826,-7,16146,-0.000433543911805,25,38,0.657894736842,230,351,0.655270655271,1755,1748,1.00400457666,False,False,2,3,0.666666666667,1:9;2:1;4:1;5:1;7:1
CellTag_iEP_reprogramming,CellTag_iEP,r1,F037:CellTag_iEP_reprogramming:CellTag_iEP:r1:r1_ATAC_3_12_21:majorityDay21Fate,r1_ATAC_3_12_21,majorityDay21Fate,IBIP20:r1:ATAC:1:orderedHistory,IBIP-20,orderedHistory,ATAC,D3-D12,27,25,False,False,True,True,exactFrozenMaps,ce96d1f53acfe2c1271f1026e10f0955be78d932c088cc99de3d7e1ee6c555e5,,IBIP20_temporal_random_fiber_controls,27,351,3,230,25,2,1,349,351,0.994301994302,229,230,0.995652173913,109,80730,0.00135017961105,1,2,0.5,230,351,0.655270655271,351,460,0.763043478261,False,False,4,27,0.148148148148,1:23;2:2
CellTag_iEP_reprogramming,CellTag_iEP,r1,F037:CellTag_iEP_reprogramming:CellTag_iEP:r1:r1_ATAC_3_12_21:majorityDay21Fate,r1_ATAC_3_12_21,majorityDay21Fate,IBIP20:r1:ATAC:1:unorderedHistory,IBIP-20,unorderedHistory,ATAC,D3-D12,27,24,False,False,True,True,exactFrozenMaps,b97bc87b26637b7325bc268b83448ce1925878017eae325c6a90dad63495672b,,IBIP20_temporal_random_fiber_controls,27,351,3,230,24,3,1,116,117,0.991452991453,229,230,0.995652173913,113,26910,0.00419918246005,1,3,0.333333333333,230,351,0.655270655271,117,230,0.508695652174,False,False,2,9,0.222222222222,1:21;2:3
CellTag_iEP_reprogramming,CellTag_iEP,r1,F037:CellTag_iEP_reprogramming:CellTag_iEP:r1:r1_ATAC_3_12_21:majorityDay21Fate,r1_ATAC_3_12_21,majorityDay21Fate,IBIP20:r1:ATAC:1:reversedHistory,IBIP-20,reversedHistory,ATAC,D3-D12,27,25,False,False,True,True,exactFrozenMaps,b875c94b34f8f3be74dcbe15052854f9e07519ee0c32e85b4603b2ead3a924fb,,IBIP20_temporal_random_fiber_controls,27,351,3,230,25,2,1,349,351,0.994301994302,229,230,0.995652173913,109,80730,0.00135017961105,1,2,0.5,230,351,0.655270655271,351,460,0.763043478261,False,False,4,27,0.148148148148,1:23;2:2
CellTag_iEP_reprogramming,CellTag_iEP,r1,F037:CellTag_iEP_reprogramming:CellTag_iEP:r1:r1_ATAC_3_12_21:majorityDay21Fate,r1_ATAC_3_12_21,majorityDay21Fate,IBIP20:r1:ATAC:1:transitionSignature,IBIP-20,transitionSignature,ATAC,D3-D12,27,19,False,False,True,True,exactFrozenMaps,f25667d298f067fdafd819331479f428a396b83648220ecaa506ddaff8f2015e,,IBIP20_temporal_random_fiber_controls,27,351,3,230,19,13,8,26,27,0.962962962963,111,115,0.965217391304,7,3105,0.00225442834138,8,13,0.615384615385,230,351,0.655270655271,108,115,0.939130434783,False,False,4,9,0.444444444444,1:15;2:1;3:2;4:1
CellTag_iEP_reprogramming,CellTag_iEP,r1,F037:CellTag_iEP_reprogramming:CellTag_iEP:r1:r1_ATAC_3_12_21:majorityDay21Fate,r1_ATAC_3_12_21,majorityDay21Fate,IBIP20:r1:ATAC:2:snapshotDay3,IBIP-20,snapshotDay3,ATAC,D3-D12,27,24,False,False,True,True,exactFrozenMaps,4fd492e71122f16f62dbb2e527d65d392436adc0adf63537a578b251fbf072f4,,IBIP20_temporal_random_fiber_controls,27,351,3,230,24,4,1,347,351,0.988603988604,229,230,0.995652173913,569,80730,0.00704818530905,1,4,0.25,230,351,0.655270655271,351,920,0.38152173913,False,False,5,27,0.185185185185,1:22;2:1;3:1
CellTag_iEP_reprogramming,CellTag_iEP,r1,F037:CellTag_iEP_reprogramming:CellTag_iEP:r1:r1_ATAC_3_12_21:majorityDay21Fate,r1_ATAC_3_12_21,majorityDay21Fate,IBIP20:r1:ATAC:2:day12State,IBIP-20,day12State,ATAC,D3-D12,27,25,False,False,True,True,exactFrozenMaps,847b823a57782738f60d53034edeec69f9b90795d07918d998ce125866b8b1d2,,IBIP20_temporal_random_fiber_controls,27,351,3,230,25,3,2,116,117,0.991452991453,114,115,0.991304347826,-2,13455,-0.000148643626904,2,3,0.666666666667,230,351,0.655270655271,117,115,1.01739130435,False,False,1,9,0.111111111111,1:24;3:1
CellTag_iEP_reprogramming,CellTag_iEP,r1,F037:CellTag_iEP_reprogramming:CellTag_iEP:r1:r1_ATAC_3_12_21:majorityDay21Fate,r1_ATAC_3_12_21,majorityDay21Fate,IBIP20:r1:ATAC:2:orderedHistory,IBIP-20,orderedHistory,ATAC,D3-D12,27,27,True,True,True,True,exactFrozenMaps,b8262b3f26c5f26e3c195ee214493b24bf714c7710af13cfe99f0e0693825c0c,,IBIP20_temporal_random_fiber_controls,27,351,3,230,27,0,0,1,1,1,1,1,1,0,1,0,,,undefinedInjective,230,351,0.655270655271,,,undefinedInjective,True,False,0,1,0,1:27
CellTag_iEP_reprogramming,CellTag_iEP,r1,F037:CellTag_iEP_reprogramming:CellTag_iEP:r1:r1_ATAC_3_12_21:majorityDay21Fate,r1_ATAC_3_12_21,majorityDay21Fate,IBIP20:r1:ATAC:2:unorderedHistory,IBIP-20,unorderedHistory,ATAC,D3-D12,27,27,True,True,True,True,exactFrozenMaps,b9fc22e56e94ef6740b2ab1713994abf0018095257814ead27996901f3f12356,,IBIP20_temporal_random_fiber_controls,27,351,3,230,27,0,0,1,1,1,1,1,1,0,1,0,,,undefinedInjective,230,351,0.655270655271,,,undefinedInjective,True,False,0,1,0,1:27
CellTag_iEP_reprogramming,CellTag_iEP,r1,F037:CellTag_iEP_reprogramming:CellTag_iEP:r1:r1_ATAC_3_12_21:majorityDay21Fate,r1_ATAC_3_12_21,majorityDay21Fate,IBIP20:r1:ATAC:2:reversedHistory,IBIP-20,reversedHistory,ATAC,D3-D12,27,27,True,True,True,True,exactFrozenMaps,0c79a06bcaa2b5508e57151d615014ade2061459bd3f69dee179b7163edc0ad9,,IBIP20_temporal_random_fiber_controls,27,351,3,230,27,0,0,1,1,1,1,1,1,0,1,0,,,undefinedInjective,230,351,0.655270655271,,,undefinedInjective,True,False,0,1,0,1:27
CellTag_iEP_reprogramming,CellTag_iEP,r1,F037:CellTag_iEP_reprogramming:CellTag_iEP:r1:r1_ATAC_3_12_21:majorityDay21Fate,r1_ATAC_3_12_21,majorityDay21Fate,IBIP20:r1:ATAC:2:transitionSignature,IBIP-20,transitionSignature,ATAC,D3-D12,27,26,False,True,True,True,exactFrozenMaps,b21d6801f0f5025e3b43fac66ea4ca7f3b420facda4177cf9bb056239a1043cc,,IBIP20_temporal_random_fiber_controls,27,351,3,230,26,1,0,350,351,0.997150997151,1,1,1,1,351,0.002849002849,0,1,0,230,351,0.655270655271,0,1,0,True,True,2,27,0.0740740740741,1:25;2:1
CellTag_iEP_reprogramming,CellTag_iEP,r1,F037:CellTag_iEP_reprogramming:CellTag_iEP:r1:r1_ATAC_3_12_21:majorityDay21Fate,r1_ATAC_3_12_21,majorityDay21Fate,IBIP20:r1:ATAC:4:snapshotDay3,IBIP-20,snapshotDay3,ATAC,D3-D12,27,25,False,False,True,True,exactFrozenMaps,7d70ae1ecee566fa6d44d09f852915ad228412848ebe5ee5f028df3dbd0ab4a1,,IBIP20_temporal_random_fiber_controls,27,351,3,230,25,2,1,349,351,0.994301994302,229,230,0.995652173913,109,80730,0.00135017961105,1,2,0.5,230,351,0.655270655271,351,460,0.763043478261,False,False,4,27,0.148148148148,1:23;2:2
CellTag_iEP_reprogramming,CellTag_iEP,r1,F037:CellTag_iEP_reprogramming:CellTag_iEP:r1:r1_ATAC_3_12_21:majorityDay21Fate,r1_ATAC_3_12_21,majorityDay21Fate,IBIP20:r1:ATAC:4:day12State,IBIP-20,day12State,ATAC,D3-D12,27,25,False,False,True,True,exactFrozenMaps,54083b702efdd95e859d9ec5225317972f01bead82fce9153d94a76913f9edba,,IBIP20_temporal_random_fiber_controls,27,351,3,230,25,3,2,116,117,0.991452991453,114,115,0.991304347826,-2,13455,-0.000148643626904,2,3,0.666666666667,230,351,0.655270655271,117,115,1.01739130435,False,False,1,9,0.111111111111,1:24;3:1
CellTag_iEP_reprogramming,CellTag_iEP,r1,F037:CellTag_iEP_reprogramming:CellTag_iEP:r1:r1_ATAC_3_12_21:majorityDay21Fate,r1_ATAC_3_12_21,majorityDay21Fate,IBIP20:r1:ATAC:4:orderedHistory,IBIP-20,orderedHistory,ATAC,D3-D12,27,27,True,True,True,True,exactFrozenMaps,0d252b1fde685c1605eb3b81fe2dc8f4d0409d4b80e3493c927b0fcb420ba6f5,,IBIP20_temporal_random_fiber_controls,27,351,3,230,27,0,0,1,1,1,1,1,1,0,1,0,,,undefinedInjective,230,351,0.655270655271,,,undefinedInjective,True,False,0,1,0,1:27
CellTag_iEP_reprogramming,CellTag_iEP,r1,F037:CellTag_iEP_reprogramming:CellTag_iEP:r1:r1_ATAC_3_12_21:majorityDay21Fate,r1_ATAC_3_12_21,majorityDay21Fate,IBIP20:r1:ATAC:4:unorderedHistory,IBIP-20,unorderedHistory,ATAC,D3-D12,27,27,True,True,True,True,exactFrozenMaps,4b964c7b628d5a5e30a8f0bd01b1e8e325cdf9630ae61f4ff4adacdead59d26c,,IBIP20_temporal_random_fiber_controls,27,351,3,230,27,0,0,1,1,1,1,1,1,0,1,0,,,undefinedInjective,230,351,0.655270655271,,,undefinedInjective,True,False,0,1,0,1:27
CellTag_iEP_reprogramming,CellTag_iEP,r1,F037:CellTag_iEP_reprogramming:CellTag_iEP:r1:r1_ATAC_3_12_21:majorityDay21Fate,r1_ATAC_3_12_21,majorityDay21Fate,IBIP20:r1:ATAC:4:reversedHistory,IBIP-20,reversedHistory,ATAC,D3-D12,27,27,True,True,True,True,exactFrozenMaps,54fd55ca84cc9c3fa471c1b39a5d16f23c32161f41dafe997209fcab2f5d749e,,IBIP20_temporal_random_fiber_controls,27,351,3,230,27,0,0,1,1,1,1,1,1,0,1,0,,,undefinedInjective,230,351,0.655270655271,,,undefinedInjective,True,False,0,1,0,1:27
CellTag_iEP_reprogramming,CellTag_iEP,r1,F037:CellTag_iEP_reprogramming:CellTag_iEP:r1:r1_ATAC_3_12_21:majorityDay21Fate,r1_ATAC_3_12_21,majorityDay21Fate,IBIP20:r1:ATAC:4:transitionSignature,IBIP-20,transitionSignature,ATAC,D3-D12,27,26,False,True,True,True,exactFrozenMaps,db05de4a303cccf673ac027daa685e8d82d4bba742ef7e96ecd5a3085007254f,,IBIP20_temporal_random_fiber_controls,27,351,3,230,26,1,0,350,351,0.997150997151,1,1,1,1,351,0.002849002849,0,1,0,230,351,0.655270655271,0,1,0,True,True,2,27,0.0740740740741,1:25;2:1
CellTag_iEP_reprogramming,CellTag_iEP,r1,F037:CellTag_iEP_reprogramming:CellTag_iEP:r1:r1_ATAC_3_12_21:majorityDay21Fate,r1_ATAC_3_12_21,majorityDay21Fate,IBIP20:r1:ATAC:5:snapshotDay3,IBIP-20,snapshotDay3,ATAC,D3-D12,27,26,False,True,True,True,exactFrozenMaps,c6038208cce6da55635e3b1291c4a68f51a3f0d4138eb755f6204ebdd1e96e14,,IBIP20_temporal_random_fiber_controls,27,351,3,230,26,1,0,350,351,0.997150997151,1,1,1,1,351,0.002849002849,0,1,0,230,351,0.655270655271,0,1,0,True,True,2,27,0.0740740740741,1:25;2:1
CellTag_iEP_reprogramming,CellTag_iEP,r1,F037:CellTag_iEP_reprogramming:CellTag_iEP:r1:r1_ATAC_3_12_21:majorityDay21Fate,r1_ATAC_3_12_21,majorityDay21Fate,IBIP20:r1:ATAC:5:day12State,IBIP-20,day12State,ATAC,D3-D12,27,27,True,True,True,True,exactFrozenMaps,1abaf73242facd3e4a0a6bb95b4cfb55cd21d7c436d7e0a5a3e702fbba054a4b,,IBIP20_temporal_random_fiber_controls,27,351,3,230,27,0,0,1,1,1,1,1,1,0,1,0,,,undefinedInjective,230,351,0.655270655271,,,undefinedInjective,True,False,0,1,0,1:27
CellTag_iEP_reprogramming,CellTag_iEP,r1,F037:CellTag_iEP_reprogramming:CellTag_iEP:r1:r1_ATAC_3_12_21:majorityDay21Fate,r1_ATAC_3_12_21,majorityDay21Fate,IBIP20:r1:ATAC:5:orderedHistory,IBIP-20,orderedHistory,ATAC,D3-D12,27,27,True,True,True,True,exactFrozenMaps,df6b46dda5e03fa59d2d3215cce3368118b1f8bfdd722796a954f80ee90a2010,,IBIP20_temporal_random_fiber_controls,27,351,3,230,27,0,0,1,1,1,1,1,1,0,1,0,,,undefinedInjective,230,351,0.655270655271,,,undefinedInjective,True,False,0,1,0,1:27
CellTag_iEP_reprogramming,CellTag_iEP,r1,F037:CellTag_iEP_reprogramming:CellTag_iEP:r1:r1_ATAC_3_12_21:majorityDay21Fate,r1_ATAC_3_12_21,majorityDay21Fate,IBIP20:r1:ATAC:5:unorderedHistory,IBIP-20,unorderedHistory,ATAC,D3-D12,27,27,True,True,True,True,exactFrozenMaps,a96440279a5cf10cf4cca87db41f1cabc9b2a52b83141d06cd0ee7025e4e8ac4,,IBIP20_temporal_random_fiber_controls,27,351,3,230,27,0,0,1,1,1,1,1,1,0,1,0,,,undefinedInjective,230,351,0.655270655271,,,undefinedInjective,True,False,0,1,0,1:27
CellTag_iEP_reprogramming,CellTag_iEP,r1,F037:CellTag_iEP_reprogramming:CellTag_iEP:r1:r1_ATAC_3_12_21:majorityDay21Fate,r1_ATAC_3_12_21,majorityDay21Fate,IBIP20:r1:ATAC:5:reversedHistory,IBIP-20,reversedHistory,ATAC,D3-D12,27,27,True,True,True,True,exactFrozenMaps,9cbc5ab2ac54dc34a810a67364c18ea1b092d6394eea8c957829e75ec1d6a6bc,,IBIP20_temporal_random_fiber_controls,27,351,3,230,27,0,0,1,1,1,1,1,1,0,1,0,,,undefinedInjective,230,351,0.655270655271,,,undefinedInjective,True,False,0,1,0,1:27
CellTag_iEP_reprogramming,CellTag_iEP,r1,F037:CellTag_iEP_reprogramming:CellTag_iEP:r1:r1_ATAC_3_12_21:majorityDay21Fate,r1_ATAC_3_12_21,majorityDay21Fate,IBIP20:r1:ATAC:5:transitionSignature,IBIP-20,transitionSignature,ATAC,D3-D12,27,27,True,True,True,True,exactFrozenMaps,e90f944ff97f7b836fb011a09f0f1c93ee2df9cc173a95bf9ae5fa599106844f,,IBIP20_temporal_random_fiber_controls,27,351,3,230,27,0,0,1,1,1,1,1,1,0,1,0,,,undefinedInjective,230,351,0.655270655271,,,undefinedInjective,True,False,0,1,0,1:27
CellTag_iEP_reprogramming,CellTag_iEP,r1,F038:CellTag_iEP_reprogramming:CellTag_iEP:r1:r1_ATAC_3_12_21:fateBreadth,r1_ATAC_3_12_21,fateBreadth,IBIP20:r1:ATAC:0:snapshotDay3,IBIP-20,snapshotDay3,ATAC,D3-D12,27,1,False,False,True,True,exactFrozenMaps,d5e3fcad8ba612edb36816c81b6917e99b00f89d091805fcd7eac750b9c76230,,IBIP20_temporal_random_fiber_controls,27,351,3,230,1,351,230,0,1,0,0,1,0,0,1,0,230,351,0.655270655271,230,351,0.655270655271,1,1,1,False,False,1,1,1,27:1
CellTag_iEP_reprogramming,CellTag_iEP,r1,F038:CellTag_iEP_reprogramming:CellTag_iEP:r1:r1_ATAC_3_12_21:fateBreadth,r1_ATAC_3_12_21,fateBreadth,IBIP20:r1:ATAC:0:day12State,IBIP-20,day12State,ATAC,D3-D12,27,1,False,False,True,True,exactFrozenMaps,d5e3fcad8ba612edb36816c81b6917e99b00f89d091805fcd7eac750b9c76230,IBIP20:r1:ATAC:0:snapshotDay3,IBIP20_temporal_random_fiber_controls,27,351,3,230,1,351,230,0,1,0,0,1,0,0,1,0,230,351,0.655270655271,230,351,0.655270655271,1,1,1,False,False,1,1,1,27:1
CellTag_iEP_reprogramming,CellTag_iEP,r1,F038:CellTag_iEP_reprogramming:CellTag_iEP:r1:r1_ATAC_3_12_21:fateBreadth,r1_ATAC_3_12_21,fateBreadth,IBIP20:r1:ATAC:0:orderedHistory,IBIP-20,orderedHistory,ATAC,D3-D12,27,1,False,False,True,True,exactFrozenMaps,ed8b075616543a2ed101e41e1bc31e93d3116c10c7e84c234bd15b333e1d7cfb,,IBIP20_temporal_random_fiber_controls,27,351,3,230,1,351,230,0,1,0,0,1,0,0,1,0,230,351,0.655270655271,230,351,0.655270655271,1,1,1,False,False,1,1,1,27:1
CellTag_iEP_reprogramming,CellTag_iEP,r1,F038:CellTag_iEP_reprogramming:CellTag_iEP:r1:r1_ATAC_3_12_21:fateBreadth,r1_ATAC_3_12_21,fateBreadth,IBIP20:r1:ATAC:0:unorderedHistory,IBIP-20,unorderedHistory,ATAC,D3-D12,27,1,False,False,True,True,exactFrozenMaps,ed8b075616543a2ed101e41e1bc31e93d3116c10c7e84c234bd15b333e1d7cfb,IBIP20:r1:ATAC:0:orderedHistory,IBIP20_temporal_random_fiber_controls,27,351,3,230,1,351,230,0,1,0,0,1,0,0,1,0,230,351,0.655270655271,230,351,0.655270655271,1,1,1,False,False,1,1,1,27:1
CellTag_iEP_reprogramming,CellTag_iEP,r1,F038:CellTag_iEP_reprogramming:CellTag_iEP:r1:r1_ATAC_3_12_21:fateBreadth,r1_ATAC_3_12_21,fateBreadth,IBIP20:r1:ATAC:0:reversedHistory,IBIP-20,reversedHistory,ATAC,D3-D12,27,1,False,False,True,True,exactFrozenMaps,ed8b075616543a2ed101e41e1bc31e93d3116c10c7e84c234bd15b333e1d7cfb,IBIP20:r1:ATAC:0:orderedHistory,IBIP20_temporal_random_fiber_controls,27,351,3,230,1,351,230,0,1,0,0,1,0,0,1,0,230,351,0.655270655271,230,351,0.655270655271,1,1,1,False,False,1,1,1,27:1
CellTag_iEP_reprogramming,CellTag_iEP,r1,F038:CellTag_iEP_reprogramming:CellTag_iEP:r1:r1_ATAC_3_12_21:fateBreadth,r1_ATAC_3_12_21,fateBreadth,IBIP20:r1:ATAC:0:transitionSignature,IBIP-20,transitionSignature,ATAC,D3-D12,27,1,False,False,True,True,exactFrozenMaps,d5e3fcad8ba612edb36816c81b6917e99b00f89d091805fcd7eac750b9c76230,IBIP20:r1:ATAC:0:snapshotDay3,IBIP20_temporal_random_fiber_controls,27,351,3,230,1,351,230,0,1,0,0,1,0,0,1,0,230,351,0.655270655271,230,351,0.655270655271,1,1,1,False,False,1,1,1,27:1
CellTag_iEP_reprogramming,CellTag_iEP,r1,F038:CellTag_iEP_reprogramming:CellTag_iEP:r1:r1_ATAC_3_12_21:fateBreadth,r1_ATAC_3_12_21,fateBreadth,IBIP20:r1:ATAC:1:snapshotDay3,IBIP-20,snapshotDay3,ATAC,D3-D12,27,16,False,False,True,True,exactFrozenMaps,3f7682928ee739ded5ce6ba6cc15ea10fe745f8b1b037364b20e106f82fac91b,,IBIP20_temporal_random_fiber_controls,27,351,3,230,16,19,11,332,351,0.945868945869,219,230,0.952173913043,509,80730,0.00630496717453,11,19,0.578947368421,230,351,0.655270655271,3861,4370,0.88352402746,False,False,17,27,0.62962962963,1:10;2:3;3:2;5:1
CellTag_iEP_reprogramming,CellTag_iEP,r1,F038:CellTag_iEP_reprogramming:CellTag_iEP:r1:r1_ATAC_3_12_21:fateBreadth,r1_ATAC_3_12_21,fateBreadth,IBIP20:r1:ATAC:1:day12State,IBIP-20,day12State,ATAC,D3-D12,27,13,False,False,True,True,exactFrozenMaps,676bcc2c55476ba4e0681bf6a51f5699781021f9f9a93e14b3484ce9451b7e6d,,IBIP20_temporal_random_fiber_controls,27,351,3,230,13,38,26,313,351,0.891737891738,102,115,0.886956521739,-193,40365,-0.00478136999876,13,19,0.684210526316,230,351,0.655270655271,4563,4370,1.04416475973,False,False,2,3,0.666666666667,1:9;2:1;4:1;5:1;7:1
CellTag_iEP_reprogramming,CellTag_iEP,r1,F038:CellTag_iEP_reprogramming:CellTag_iEP:r1:r1_ATAC_3_12_21:fateBreadth,r1_ATAC_3_12_21,fateBreadth,IBIP20:r1:ATAC:1:orderedHistory,IBIP-20,orderedHistory,ATAC,D3-D12,27,25,False,True,True,True,exactFrozenMaps,ce96d1f53acfe2c1271f1026e10f0955be78d932c088cc99de3d7e1ee6c555e5,,IBIP20_temporal_random_fiber_controls,27,351,3,230,25,2,0,349,351,0.994301994302,1,1,1,2,351,0.00569800569801,0,1,0,230,351,0.655270655271,0,1,0,True,True,4,27,0.148148148148,1:23;2:2
CellTag_iEP_reprogramming,CellTag_iEP,r1,F038:CellTag_iEP_reprogramming:CellTag_iEP:r1:r1_ATAC_3_12_21:fateBreadth,r1_ATAC_3_12_21,fateBreadth,IBIP20:r1:ATAC:1:unorderedHistory,IBIP-20,unorderedHistory,ATAC,D3-D12,27,24,False,False,True,True,exactFrozenMaps,b97bc87b26637b7325bc268b83448ce1925878017eae325c6a90dad63495672b,,IBIP20_temporal_random_fiber_controls,27,351,3,230,24,3,1,116,117,0.991452991453,229,230,0.995652173913,113,26910,0.00419918246005,1,3,0.333333333333,230,351,0.655270655271,117,230,0.508695652174,False,False,2,9,0.222222222222,1:21;2:3
CellTag_iEP_reprogramming,CellTag_iEP,r1,F038:CellTag_iEP_reprogramming:CellTag_iEP:r1:r1_ATAC_3_12_21:fateBreadth,r1_ATAC_3_12_21,fateBreadth,IBIP20:r1:ATAC:1:reversedHistory,IBIP-20,reversedHistory,ATAC,D3-D12,27,25,False,True,True,True,exactFrozenMaps,b875c94b34f8f3be74dcbe15052854f9e07519ee0c32e85b4603b2ead3a924fb,,IBIP20_temporal_random_fiber_controls,27,351,3,230,25,2,0,349,351,0.994301994302,1,1,1,2,351,0.00569800569801,0,1,0,230,351,0.655270655271,0,1,0,True,True,4,27,0.148148148148,1:23;2:2
CellTag_iEP_reprogramming,CellTag_iEP,r1,F038:CellTag_iEP_reprogramming:CellTag_iEP:r1:r1_ATAC_3_12_21:fateBreadth,r1_ATAC_3_12_21,fateBreadth,IBIP20:r1:ATAC:1:transitionSignature,IBIP-20,transitionSignature,ATAC,D3-D12,27,19,False,False,True,True,exactFrozenMaps,f25667d298f067fdafd819331479f428a396b83648220ecaa506ddaff8f2015e,,IBIP20_temporal_random_fiber_controls,27,351,3,230,19,13,7,26,27,0.962962962963,223,230,0.969565217391,41,6210,0.00660225442834,7,13,0.538461538462,230,351,0.655270655271,189,230,0.821739130435,False,False,4,9,0.444444444444,1:15;2:1;3:2;4:1
CellTag_iEP_reprogramming,CellTag_iEP,r1,F038:CellTag_iEP_reprogramming:CellTag_iEP:r1:r1_ATAC_3_12_21:fateBreadth,r1_ATAC_3_12_21,fateBreadth,IBIP20:r1:ATAC:2:snapshotDay3,IBIP-20,snapshotDay3,ATAC,D3-D12,27,24,False,False,True,True,exactFrozenMaps,4fd492e71122f16f62dbb2e527d65d392436adc0adf63537a578b251fbf072f4,,IBIP20_temporal_random_fiber_controls,27,351,3,230,24,4,3,347,351,0.988603988604,227,230,0.986956521739,-133,80730,-0.00164746686486,3,4,0.75,230,351,0.655270655271,1053,920,1.14456521739,False,False,5,27,0.185185185185,1:22;2:1;3:1
CellTag_iEP_reprogramming,CellTag_iEP,r1,F038:CellTag_iEP_reprogramming:CellTag_iEP:r1:r1_ATAC_3_12_21:fateBreadth,r1_ATAC_3_12_21,fateBreadth,IBIP20:r1:ATAC:2:day12State,IBIP-20,day12State,ATAC,D3-D12,27,25,False,False,True,True,exactFrozenMaps,847b823a57782738f60d53034edeec69f9b90795d07918d998ce125866b8b1d2,,IBIP20_temporal_random_fiber_controls,27,351,3,230,25,3,2,116,117,0.991452991453,114,115,0.991304347826,-2,13455,-0.000148643626904,2,3,0.666666666667,230,351,0.655270655271,117,115,1.01739130435,False,False,1,9,0.111111111111,1:24;3:1
CellTag_iEP_reprogramming,CellTag_iEP,r1,F038:CellTag_iEP_reprogramming:CellTag_iEP:r1:r1_ATAC_3_12_21:fateBreadth,r1_ATAC_3_12_21,fateBreadth,IBIP20:r1:ATAC:2:orderedHistory,IBIP-20,orderedHistory,ATAC,D3-D12,27,27,True,True,True,True,exactFrozenMaps,b8262b3f26c5f26e3c195ee214493b24bf714c7710af13cfe99f0e0693825c0c,,IBIP20_temporal_random_fiber_controls,27,351,3,230,27,0,0,1,1,1,1,1,1,0,1,0,,,undefinedInjective,230,351,0.655270655271,,,undefinedInjective,True,False,0,1,0,1:27
CellTag_iEP_reprogramming,CellTag_iEP,r1,F038:CellTag_iEP_reprogramming:CellTag_iEP:r1:r1_ATAC_3_12_21:fateBreadth,r1_ATAC_3_12_21,fateBreadth,IBIP20:r1:ATAC:2:unorderedHistory,IBIP-20,unorderedHistory,ATAC,D3-D12,27,27,True,True,True,True,exactFrozenMaps,b9fc22e56e94ef6740b2ab1713994abf0018095257814ead27996901f3f12356,,IBIP20_temporal_random_fiber_controls,27,351,3,230,27,0,0,1,1,1,1,1,1,0,1,0,,,undefinedInjective,230,351,0.655270655271,,,undefinedInjective,True,False,0,1,0,1:27
CellTag_iEP_reprogramming,CellTag_iEP,r1,F038:CellTag_iEP_reprogramming:CellTag_iEP:r1:r1_ATAC_3_12_21:fateBreadth,r1_ATAC_3_12_21,fateBreadth,IBIP20:r1:ATAC:2:reversedHistory,IBIP-20,reversedHistory,ATAC,D3-D12,27,27,True,True,True,True,exactFrozenMaps,0c79a06bcaa2b5508e57151d615014ade2061459bd3f69dee179b7163edc0ad9,,IBIP20_temporal_random_fiber_controls,27,351,3,230,27,0,0,1,1,1,1,1,1,0,1,0,,,undefinedInjective,230,351,0.655270655271,,,undefinedInjective,True,False,0,1,0,1:27
CellTag_iEP_reprogramming,CellTag_iEP,r1,F038:CellTag_iEP_reprogramming:CellTag_iEP:r1:r1_ATAC_3_12_21:fateBreadth,r1_ATAC_3_12_21,fateBreadth,IBIP20:r1:ATAC:2:transitionSignature,IBIP-20,transitionSignature,ATAC,D3-D12,27,26,False,True,True,True,exactFrozenMaps,b21d6801f0f5025e3b43fac66ea4ca7f3b420facda4177cf9bb056239a1043cc,,IBIP20_temporal_random_fiber_controls,27,351,3,230,26,1,0,350,351,0.997150997151,1,1,1,1,351,0.002849002849,0,1,0,230,351,0.655270655271,0,1,0,True,True,2,27,0.0740740740741,1:25;2:1
CellTag_iEP_reprogramming,CellTag_iEP,r1,F038:CellTag_iEP_reprogramming:CellTag_iEP:r1:r1_ATAC_3_12_21:fateBreadth,r1_ATAC_3_12_21,fateBreadth,IBIP20:r1:ATAC:4:snapshotDay3,IBIP-20,snapshotDay3,ATAC,D3-D12,27,25,False,False,True,True,exactFrozenMaps,7d70ae1ecee566fa6d44d09f852915ad228412848ebe5ee5f028df3dbd0ab4a1,,IBIP20_temporal_random_fiber_controls,27,351,3,230,25,2,2,349,351,0.994301994302,114,115,0.991304347826,-121,40365,-0.00299764647591,1,1,1,230,351,0.655270655271,351,230,1.52608695652,False,False,4,27,0.148148148148,1:23;2:2
CellTag_iEP_reprogramming,CellTag_iEP,r1,F038:CellTag_iEP_reprogramming:CellTag_iEP:r1:r1_ATAC_3_12_21:fateBreadth,r1_ATAC_3_12_21,fateBreadth,IBIP20:r1:ATAC:4:day12State,IBIP-20,day12State,ATAC,D3-D12,27,25,False,False,True,True,exactFrozenMaps,54083b702efdd95e859d9ec5225317972f01bead82fce9153d94a76913f9edba,,IBIP20_temporal_random_fiber_controls,27,351,3,230,25,3,2,116,117,0.991452991453,114,115,0.991304347826,-2,13455,-0.000148643626904,2,3,0.666666666667,230,351,0.655270655271,117,115,1.01739130435,False,False,1,9,0.111111111111,1:24;3:1
CellTag_iEP_reprogramming,CellTag_iEP,r1,F038:CellTag_iEP_reprogramming:CellTag_iEP:r1:r1_ATAC_3_12_21:fateBreadth,r1_ATAC_3_12_21,fateBreadth,IBIP20:r1:ATAC:4:orderedHistory,IBIP-20,orderedHistory,ATAC,D3-D12,27,27,True,True,True,True,exactFrozenMaps,0d252b1fde685c1605eb3b81fe2dc8f4d0409d4b80e3493c927b0fcb420ba6f5,,IBIP20_temporal_random_fiber_controls,27,351,3,230,27,0,0,1,1,1,1,1,1,0,1,0,,,undefinedInjective,230,351,0.655270655271,,,undefinedInjective,True,False,0,1,0,1:27
CellTag_iEP_reprogramming,CellTag_iEP,r1,F038:CellTag_iEP_reprogramming:CellTag_iEP:r1:r1_ATAC_3_12_21:fateBreadth,r1_ATAC_3_12_21,fateBreadth,IBIP20:r1:ATAC:4:unorderedHistory,IBIP-20,unorderedHistory,ATAC,D3-D12,27,27,True,True,True,True,exactFrozenMaps,4b964c7b628d5a5e30a8f0bd01b1e8e325cdf9630ae61f4ff4adacdead59d26c,,IBIP20_temporal_random_fiber_controls,27,351,3,230,27,0,0,1,1,1,1,1,1,0,1,0,,,undefinedInjective,230,351,0.655270655271,,,undefinedInjective,True,False,0,1,0,1:27
CellTag_iEP_reprogramming,CellTag_iEP,r1,F038:CellTag_iEP_reprogramming:CellTag_iEP:r1:r1_ATAC_3_12_21:fateBreadth,r1_ATAC_3_12_21,fateBreadth,IBIP20:r1:ATAC:4:reversedHistory,IBIP-20,reversedHistory,ATAC,D3-D12,27,27,True,True,True,True,exactFrozenMaps,54fd55ca84cc9c3fa471c1b39a5d16f23c32161f41dafe997209fcab2f5d749e,,IBIP20_temporal_random_fiber_controls,27,351,3,230,27,0,0,1,1,1,1,1,1,0,1,0,,,undefinedInjective,230,351,0.655270655271,,,undefinedInjective,True,False,0,1,0,1:27
CellTag_iEP_reprogramming,CellTag_iEP,r1,F038:CellTag_iEP_reprogramming:CellTag_iEP:r1:r1_ATAC_3_12_21:fateBreadth,r1_ATAC_3_12_21,fateBreadth,IBIP20:r1:ATAC:4:transitionSignature,IBIP-20,transitionSignature,ATAC,D3-D12,27,26,False,True,True,True,exactFrozenMaps,db05de4a303cccf673ac027daa685e8d82d4bba742ef7e96ecd5a3085007254f,,IBIP20_temporal_random_fiber_controls,27,351,3,230,26,1,0,350,351,0.997150997151,1,1,1,1,351,0.002849002849,0,1,0,230,351,0.655270655271,0,1,0,True,True,2,27,0.0740740740741,1:25;2:1
CellTag_iEP_reprogramming,CellTag_iEP,r1,F038:CellTag_iEP_reprogramming:CellTag_iEP:r1:r1_ATAC_3_12_21:fateBreadth,r1_ATAC_3_12_21,fateBreadth,IBIP20:r1:ATAC:5:snapshotDay3,IBIP-20,snapshotDay3,ATAC,D3-D12,27,26,False,False,True,True,exactFrozenMaps,c6038208cce6da55635e3b1291c4a68f51a3f0d4138eb755f6204ebdd1e96e14,,IBIP20_temporal_random_fiber_controls,27,351,3,230,26,1,1,350,351,0.997150997151,229,230,0.995652173913,-121,80730,-0.00149882323795,1,1,1,230,351,0.655270655271,351,230,1.52608695652,False,False,2,27,0.0740740740741,1:25;2:1
CellTag_iEP_reprogramming,CellTag_iEP,r1,F038:CellTag_iEP_reprogramming:CellTag_iEP:r1:r1_ATAC_3_12_21:fateBreadth,r1_ATAC_3_12_21,fateBreadth,IBIP20:r1:ATAC:5:day12State,IBIP-20,day12State,ATAC,D3-D12,27,27,True,True,True,True,exactFrozenMaps,1abaf73242facd3e4a0a6bb95b4cfb55cd21d7c436d7e0a5a3e702fbba054a4b,,IBIP20_temporal_random_fiber_controls,27,351,3,230,27,0,0,1,1,1,1,1,1,0,1,0,,,undefinedInjective,230,351,0.655270655271,,,undefinedInjective,True,False,0,1,0,1:27
CellTag_iEP_reprogramming,CellTag_iEP,r1,F038:CellTag_iEP_reprogramming:CellTag_iEP:r1:r1_ATAC_3_12_21:fateBreadth,r1_ATAC_3_12_21,fateBreadth,IBIP20:r1:ATAC:5:orderedHistory,IBIP-20,orderedHistory,ATAC,D3-D12,27,27,True,True,True,True,exactFrozenMaps,df6b46dda5e03fa59d2d3215cce3368118b1f8bfdd722796a954f80ee90a2010,,IBIP20_temporal_random_fiber_controls,27,351,3,230,27,0,0,1,1,1,1,1,1,0,1,0,,,undefinedInjective,230,351,0.655270655271,,,undefinedInjective,True,False,0,1,0,1:27
CellTag_iEP_reprogramming,CellTag_iEP,r1,F038:CellTag_iEP_reprogramming:CellTag_iEP:r1:r1_ATAC_3_12_21:fateBreadth,r1_ATAC_3_12_21,fateBreadth,IBIP20:r1:ATAC:5:unorderedHistory,IBIP-20,unorderedHistory,ATAC,D3-D12,27,27,True,True,True,True,exactFrozenMaps,a96440279a5cf10cf4cca87db41f1cabc9b2a52b83141d06cd0ee7025e4e8ac4,,IBIP20_temporal_random_fiber_controls,27,351,3,230,27,0,0,1,1,1,1,1,1,0,1,0,,,undefinedInjective,230,351,0.655270655271,,,undefinedInjective,True,False,0,1,0,1:27
CellTag_iEP_reprogramming,CellTag_iEP,r1,F038:CellTag_iEP_reprogramming:CellTag_iEP:r1:r1_ATAC_3_12_21:fateBreadth,r1_ATAC_3_12_21,fateBreadth,IBIP20:r1:ATAC:5:reversedHistory,IBIP-20,reversedHistory,ATAC,D3-D12,27,27,True,True,True,True,exactFrozenMaps,9cbc5ab2ac54dc34a810a67364c18ea1b092d6394eea8c957829e75ec1d6a6bc,,IBIP20_temporal_random_fiber_controls,27,351,3,230,27,0,0,1,1,1,1,1,1,0,1,0,,,undefinedInjective,230,351,0.655270655271,,,undefinedInjective,True,False,0,1,0,1:27
CellTag_iEP_reprogramming,CellTag_iEP,r1,F038:CellTag_iEP_reprogramming:CellTag_iEP:r1:r1_ATAC_3_12_21:fateBreadth,r1_ATAC_3_12_21,fateBreadth,IBIP20:r1:ATAC:5:transitionSignature,IBIP-20,transitionSignature,ATAC,D3-D12,27,27,True,True,True,True,exactFrozenMaps,e90f944ff97f7b836fb011a09f0f1c93ee2df9cc173a95bf9ae5fa599106844f,,IBIP20_temporal_random_fiber_controls,27,351,3,230,27,0,0,1,1,1,1,1,1,0,1,0,,,undefinedInjective,230,351,0.655270655271,,,undefinedInjective,True,False,0,1,0,1:27
CellTag_iEP_reprogramming,CellTag_iEP,r1,F039:CellTag_iEP_reprogramming:CellTag_iEP:r1:r1_MULTI_3_12_21:fineDay21Fate,r1_MULTI_3_12_21,fineDay21Fate,IBIP20:r1:MULTI:0:snapshotDay3,IBIP-20,snapshotDay3,MULTI,D3-D12,17,1,False,False,True,True,exactFrozenMaps,f2f4018e746678020c3cca5e7908a4a10e23414dc7b524bb49d72e38d86e4670,,IBIP20_temporal_random_fiber_controls,17,136,14,132,1,136,132,0,1,0,0,1,0,0,1,0,33,34,0.970588235294,33,34,0.970588235294,1,1,1,False,False,1,1,1,17:1
CellTag_iEP_reprogramming,CellTag_iEP,r1,F039:CellTag_iEP_reprogramming:CellTag_iEP:r1:r1_MULTI_3_12_21:fineDay21Fate,r1_MULTI_3_12_21,fineDay21Fate,IBIP20:r1:MULTI:0:day12State,IBIP-20,day12State,MULTI,D3-D12,17,1,False,False,True,True,exactFrozenMaps,f2f4018e746678020c3cca5e7908a4a10e23414dc7b524bb49d72e38d86e4670,IBIP20:r1:MULTI:0:snapshotDay3,IBIP20_temporal_random_fiber_controls,17,136,14,132,1,136,132,0,1,0,0,1,0,0,1,0,33,34,0.970588235294,33,34,0.970588235294,1,1,1,False,False,1,1,1,17:1
CellTag_iEP_reprogramming,CellTag_iEP,r1,F039:CellTag_iEP_reprogramming:CellTag_iEP:r1:r1_MULTI_3_12_21:fineDay21Fate,r1_MULTI_3_12_21,fineDay21Fate,IBIP20:r1:MULTI:0:orderedHistory,IBIP-20,orderedHistory,MULTI,D3-D12,17,1,False,False,True,True,exactFrozenMaps,caf3b3a9bda3e2d1566418038d1edd71e1e692f48e731225b14edef61c08bf5f,,IBIP20_temporal_random_fiber_controls,17,136,14,132,1,136,132,0,1,0,0,1,0,0,1,0,33,34,0.970588235294,33,34,0.970588235294,1,1,1,False,False,1,1,1,17:1
CellTag_iEP_reprogramming,CellTag_iEP,r1,F039:CellTag_iEP_reprogramming:CellTag_iEP:r1:r1_MULTI_3_12_21:fineDay21Fate,r1_MULTI_3_12_21,fineDay21Fate,IBIP20:r1:MULTI:0:unorderedHistory,IBIP-20,unorderedHistory,MULTI,D3-D12,17,1,False,False,True,True,exactFrozenMaps,3c026d815b26ead615aab6566bcce4e5ede770b624addd6d1db0506115db24b4,,IBIP20_temporal_random_fiber_controls,17,136,14,132,1,136,132,0,1,0,0,1,0,0,1,0,33,34,0.970588235294,33,34,0.970588235294,1,1,1,False,False,1,1,1,17:1
CellTag_iEP_reprogramming,CellTag_iEP,r1,F039:CellTag_iEP_reprogramming:CellTag_iEP:r1:r1_MULTI_3_12_21:fineDay21Fate,r1_MULTI_3_12_21,fineDay21Fate,IBIP20:r1:MULTI:0:reversedHistory,IBIP-20,reversedHistory,MULTI,D3-D12,17,1,False,False,True,True,exactFrozenMaps,caf3b3a9bda3e2d1566418038d1edd71e1e692f48e731225b14edef61c08bf5f,IBIP20:r1:MULTI:0:orderedHistory,IBIP20_temporal_random_fiber_controls,17,136,14,132,1,136,132,0,1,0,0,1,0,0,1,0,33,34,0.970588235294,33,34,0.970588235294,1,1,1,False,False,1,1,1,17:1
CellTag_iEP_reprogramming,CellTag_iEP,r1,F039:CellTag_iEP_reprogramming:CellTag_iEP:r1:r1_MULTI_3_12_21:fineDay21Fate,r1_MULTI_3_12_21,fineDay21Fate,IBIP20:r1:MULTI:0:transitionSignature,IBIP-20,transitionSignature,MULTI,D3-D12,17,1,False,False,True,True,exactFrozenMaps,851b667373d7abf75f68a78b9e65e13550baae377d8208066cdffcd1e5fec6d7,,IBIP20_temporal_random_fiber_controls,17,136,14,132,1,136,132,0,1,0,0,1,0,0,1,0,33,34,0.970588235294,33,34,0.970588235294,1,1,1,False,False,1,1,1,17:1
CellTag_iEP_reprogramming,CellTag_iEP,r1,F039:CellTag_iEP_reprogramming:CellTag_iEP:r1:r1_MULTI_3_12_21:fineDay21Fate,r1_MULTI_3_12_21,fineDay21Fate,IBIP20:r1:MULTI:1:snapshotDay3,IBIP-20,snapshotDay3,MULTI,D3-D12,17,17,True,True,True,True,exactFrozenMaps,ba1244c89d722194dafc971d45037caa8bffb14daa005eba611a769762573dbf,,IBIP20_temporal_random_fiber_controls,17,136,14,132,17,0,0,1,1,1,1,1,1,0,1,0,,,undefinedInjective,33,34,0.970588235294,,,undefinedInjective,True,False,0,1,0,1:17
CellTag_iEP_reprogramming,CellTag_iEP,r1,F039:CellTag_iEP_reprogramming:CellTag_iEP:r1:r1_MULTI_3_12_21:fineDay21Fate,r1_MULTI_3_12_21,fineDay21Fate,IBIP20:r1:MULTI:1:day12State,IBIP-20,day12State,MULTI,D3-D12,17,9,False,False,True,True,exactFrozenMaps,81a36a87beeb1d6f50747491d8ebc2039a3540b445ef0c829ef6a5f6e40ac0c3,,IBIP20_temporal_random_fiber_controls,17,136,14,132,9,21,20,115,136,0.845588235294,28,33,0.848484848485,13,4488,0.00289661319073,20,21,0.952380952381,33,34,0.970588235294,680,693,0.981240981241,False,False,10,17,0.588235294118,1:7;4:1;6:1
CellTag_iEP_reprogramming,CellTag_iEP,r1,F039:CellTag_iEP_reprogramming:CellTag_iEP:r1:r1_MULTI_3_12_21:fineDay21Fate,r1_MULTI_3_12_21,fineDay21Fate,IBIP20:r1:MULTI:1:orderedHistory,IBIP-20,orderedHistory,MULTI,D3-D12,17,17,True,True,True,True,exactFrozenMaps,8b23437c9d5658ac29035d80a6003e6199a9d35ccd88e0b9ae8847b98823c7a3,,IBIP20_temporal_random_fiber_controls,17,136,14,132,17,0,0,1,1,1,1,1,1,0,1,0,,,undefinedInjective,33,34,0.970588235294,,,undefinedInjective,True,False,0,1,0,1:17
CellTag_iEP_reprogramming,CellTag_iEP,r1,F039:CellTag_iEP_reprogramming:CellTag_iEP:r1:r1_MULTI_3_12_21:fineDay21Fate,r1_MULTI_3_12_21,fineDay21Fate,IBIP20:r1:MULTI:1:unorderedHistory,IBIP-20,unorderedHistory,MULTI,D3-D12,17,17,True,True,True,True,exactFrozenMaps,10849417173d8cb6481a64af1892c074f3d36f3d90a2fcbcb8e81fc41ac5c5ad,,IBIP20_temporal_random_fiber_controls,17,136,14,132,17,0,0,1,1,1,1,1,1,0,1,0,,,undefinedInjective,33,34,0.970588235294,,,undefinedInjective,True,False,0,1,0,1:17
CellTag_iEP_reprogramming,CellTag_iEP,r1,F039:CellTag_iEP_reprogramming:CellTag_iEP:r1:r1_MULTI_3_12_21:fineDay21Fate,r1_MULTI_3_12_21,fineDay21Fate,IBIP20:r1:MULTI:1:reversedHistory,IBIP-20,reversedHistory,MULTI,D3-D12,17,17,True,True,True,True,exactFrozenMaps,4e63acc6b620bb312525402e70ab7f7dd51f9ca0d2c498d34dadf1b73fab93e5,,IBIP20_temporal_random_fiber_controls,17,136,14,132,17,0,0,1,1,1,1,1,1,0,1,0,,,undefinedInjective,33,34,0.970588235294,,,undefinedInjective,True,False,0,1,0,1:17
CellTag_iEP_reprogramming,CellTag_iEP,r1,F039:CellTag_iEP_reprogramming:CellTag_iEP:r1:r1_MULTI_3_12_21:fineDay21Fate,r1_MULTI_3_12_21,fineDay21Fate,IBIP20:r1:MULTI:1:transitionSignature,IBIP-20,transitionSignature,MULTI,D3-D12,17,16,False,False,True,True,exactFrozenMaps,a2360a24ac625eb542cd869a26ab7cf95faf69c32bb180b28d6badb18509ae07,,IBIP20_temporal_random_fiber_controls,17,136,14,132,16,1,1,135,136,0.992647058824,131,132,0.992424242424,-1,4488,-0.000222816399287,1,1,1,33,34,0.970588235294,34,33,1.0303030303,False,False,2,17,0.117647058824,1:15;2:1
CellTag_iEP_reprogramming,CellTag_iEP,r1,F039:CellTag_iEP_reprogramming:CellTag_iEP:r1:r1_MULTI_3_12_21:fineDay21Fate,r1_MULTI_3_12_21,fineDay21Fate,IBIP20:r1:MULTI:2:snapshotDay3,IBIP-20,snapshotDay3,MULTI,D3-D12,17,17,True,True,True,True,exactFrozenMaps,305c2aaa723910681e631614259fa64c7b490a7ee0835f4f9669c3460abda2a0,,IBIP20_temporal_random_fiber_controls,17,136,14,132,17,0,0,1,1,1,1,1,1,0,1,0,,,undefinedInjective,33,34,0.970588235294,,,undefinedInjective,True,False,0,1,0,1:17
CellTag_iEP_reprogramming,CellTag_iEP,r1,F039:CellTag_iEP_reprogramming:CellTag_iEP:r1:r1_MULTI_3_12_21:fineDay21Fate,r1_MULTI_3_12_21,fineDay21Fate,IBIP20:r1:MULTI:2:day12State,IBIP-20,day12State,MULTI,D3-D12,17,16,False,False,True,True,exactFrozenMaps,56ce55c033bfff1e61e64478a578952901c5bbf8985afd102b49fa768713656d,,IBIP20_temporal_random_fiber_controls,17,136,14,132,16,1,1,135,136,0.992647058824,131,132,0.992424242424,-1,4488,-0.000222816399287,1,1,1,33,34,0.970588235294,34,33,1.0303030303,False,False,2,17,0.117647058824,1:15;2:1
CellTag_iEP_reprogramming,CellTag_iEP,r1,F039:CellTag_iEP_reprogramming:CellTag_iEP:r1:r1_MULTI_3_12_21:fineDay21Fate,r1_MULTI_3_12_21,fineDay21Fate,IBIP20:r1:MULTI:2:orderedHistory,IBIP-20,orderedHistory,MULTI,D3-D12,17,17,True,True,True,True,exactFrozenMaps,616f298f8461e6fc6ac23cbee8fdd1d2fd883d715ba4aa83b520bf411c845919,,IBIP20_temporal_random_fiber_controls,17,136,14,132,17,0,0,1,1,1,1,1,1,0,1,0,,,undefinedInjective,33,34,0.970588235294,,,undefinedInjective,True,False,0,1,0,1:17
CellTag_iEP_reprogramming,CellTag_iEP,r1,F039:CellTag_iEP_reprogramming:CellTag_iEP:r1:r1_MULTI_3_12_21:fineDay21Fate,r1_MULTI_3_12_21,fineDay21Fate,IBIP20:r1:MULTI:2:unorderedHistory,IBIP-20,unorderedHistory,MULTI,D3-D12,17,17,True,True,True,True,exactFrozenMaps,93f5de536d59653c5a8003a3b455386bf3b52f0c56330f89741a98e3805b5c13,,IBIP20_temporal_random_fiber_controls,17,136,14,132,17,0,0,1,1,1,1,1,1,0,1,0,,,undefinedInjective,33,34,0.970588235294,,,undefinedInjective,True,False,0,1,0,1:17
CellTag_iEP_reprogramming,CellTag_iEP,r1,F039:CellTag_iEP_reprogramming:CellTag_iEP:r1:r1_MULTI_3_12_21:fineDay21Fate,r1_MULTI_3_12_21,fineDay21Fate,IBIP20:r1:MULTI:2:reversedHistory,IBIP-20,reversedHistory,MULTI,D3-D12,17,17,True,True,True,True,exactFrozenMaps,289a20918196bbdd2a07acb54a8ec82d6b84016920bd9a564b87d64dd418b247,,IBIP20_temporal_random_fiber_controls,17,136,14,132,17,0,0,1,1,1,1,1,1,0,1,0,,,undefinedInjective,33,34,0.970588235294,,,undefinedInjective,True,False,0,1,0,1:17
CellTag_iEP_reprogramming,CellTag_iEP,r1,F039:CellTag_iEP_reprogramming:CellTag_iEP:r1:r1_MULTI_3_12_21:fineDay21Fate,r1_MULTI_3_12_21,fineDay21Fate,IBIP20:r1:MULTI:2:transitionSignature,IBIP-20,transitionSignature,MULTI,D3-D12,17,17,True,True,True,True,exactFrozenMaps,4a79941be53d0119bcfeff9e36e03ef1acc381b3e553791cc3bb1b94851a1f20,,IBIP20_temporal_random_fiber_controls,17,136,14,132,17,0,0,1,1,1,1,1,1,0,1,0,,,undefinedInjective,33,34,0.970588235294,,,undefinedInjective,True,False,0,1,0,1:17
CellTag_iEP_reprogramming,CellTag_iEP,r1,F039:CellTag_iEP_reprogramming:CellTag_iEP:r1:r1_MULTI_3_12_21:fineDay21Fate,r1_MULTI_3_12_21,fineDay21Fate,IBIP20:r1:MULTI:4:snapshotDay3,IBIP-20,snapshotDay3,MULTI,D3-D12,17,17,True,True,True,True,exactFrozenMaps,ed01ce32b95375ef01b2dc57a6f15d3c06c86782c829caa122a682236e80be9a,,IBIP20_temporal_random_fiber_controls,17,136,14,132,17,0,0,1,1,1,1,1,1,0,1,0,,,undefinedInjective,33,34,0.970588235294,,,undefinedInjective,True,False,0,1,0,1:17
CellTag_iEP_reprogramming,CellTag_iEP,r1,F039:CellTag_iEP_reprogramming:CellTag_iEP:r1:r1_MULTI_3_12_21:fineDay21Fate,r1_MULTI_3_12_21,fineDay21Fate,IBIP20:r1:MULTI:4:day12State,IBIP-20,day12State,MULTI,D3-D12,17,16,False,False,True,True,exactFrozenMaps,ffce051695fa0e9ca92a8837b97f5b0db4fed9e24b799ffc92a40e9a575266c9,,IBIP20_temporal_random_fiber_controls,17,136,14,132,16,1,1,135,136,0.992647058824,131,132,0.992424242424,-1,4488,-0.000222816399287,1,1,1,33,34,0.970588235294,34,33,1.0303030303,False,False,2,17,0.117647058824,1:15;2:1
CellTag_iEP_reprogramming,CellTag_iEP,r1,F039:CellTag_iEP_reprogramming:CellTag_iEP:r1:r1_MULTI_3_12_21:fineDay21Fate,r1_MULTI_3_12_21,fineDay21Fate,IBIP20:r1:MULTI:4:orderedHistory,IBIP-20,orderedHistory,MULTI,D3-D12,17,17,True,True,True,True,exactFrozenMaps,35aec53d5b099be43f5786db2a72263867b77d6bf4013c44ae50e02d4cc25e29,,IBIP20_temporal_random_fiber_controls,17,136,14,132,17,0,0,1,1,1,1,1,1,0,1,0,,,undefinedInjective,33,34,0.970588235294,,,undefinedInjective,True,False,0,1,0,1:17
CellTag_iEP_reprogramming,CellTag_iEP,r1,F039:CellTag_iEP_reprogramming:CellTag_iEP:r1:r1_MULTI_3_12_21:fineDay21Fate,r1_MULTI_3_12_21,fineDay21Fate,IBIP20:r1:MULTI:4:unorderedHistory,IBIP-20,unorderedHistory,MULTI,D3-D12,17,17,True,True,True,True,exactFrozenMaps,539e5efb93b56e514998af8894279b9327d7563238f523754d2c555727f7c82e,,IBIP20_temporal_random_fiber_controls,17,136,14,132,17,0,0,1,1,1,1,1,1,0,1,0,,,undefinedInjective,33,34,0.970588235294,,,undefinedInjective,True,False,0,1,0,1:17
CellTag_iEP_reprogramming,CellTag_iEP,r1,F039:CellTag_iEP_reprogramming:CellTag_iEP:r1:r1_MULTI_3_12_21:fineDay21Fate,r1_MULTI_3_12_21,fineDay21Fate,IBIP20:r1:MULTI:4:reversedHistory,IBIP-20,reversedHistory,MULTI,D3-D12,17,17,True,True,True,True,exactFrozenMaps,9c97947391060ff3cedeb00809018d2402e899c3edd9383d482b0a14d07fb536,,IBIP20_temporal_random_fiber_controls,17,136,14,132,17,0,0,1,1,1,1,1,1,0,1,0,,,undefinedInjective,33,34,0.970588235294,,,undefinedInjective,True,False,0,1,0,1:17
CellTag_iEP_reprogramming,CellTag_iEP,r1,F039:CellTag_iEP_reprogramming:CellTag_iEP:r1:r1_MULTI_3_12_21:fineDay21Fate,r1_MULTI_3_12_21,fineDay21Fate,IBIP20:r1:MULTI:4:transitionSignature,IBIP-20,transitionSignature,MULTI,D3-D12,17,17,True,True,True,True,exactFrozenMaps,6f074e677d84fc82054eee06347bdc4f04662d7fd1a0a0be98bdbbe3fbb283c0,,IBIP20_temporal_random_fiber_controls,17,136,14,132,17,0,0,1,1,1,1,1,1,0,1,0,,,undefinedInjective,33,34,0.970588235294,,,undefinedInjective,True,False,0,1,0,1:17
CellTag_iEP_reprogramming,CellTag_iEP,r1,F039:CellTag_iEP_reprogramming:CellTag_iEP:r1:r1_MULTI_3_12_21:fineDay21Fate,r1_MULTI_3_12_21,fineDay21Fate,IBIP20:r1:MULTI:5:snapshotDay3,IBIP-20,snapshotDay3,MULTI,D3-D12,17,17,True,True,True,True,exactFrozenMaps,0d88bf1bfc4b8250a99dae848d1624f1443bd7ebf5b92ca6f5e03acde38d9565,,IBIP20_temporal_random_fiber_controls,17,136,14,132,17,0,0,1,1,1,1,1,1,0,1,0,,,undefinedInjective,33,34,0.970588235294,,,undefinedInjective,True,False,0,1,0,1:17
CellTag_iEP_reprogramming,CellTag_iEP,r1,F039:CellTag_iEP_reprogramming:CellTag_iEP:r1:r1_MULTI_3_12_21:fineDay21Fate,r1_MULTI_3_12_21,fineDay21Fate,IBIP20:r1:MULTI:5:day12State,IBIP-20,day12State,MULTI,D3-D12,17,17,True,True,True,True,exactFrozenMaps,a6d449c2489f158608566ddcb9099a1ccc8b068d77c8241c25dd66c665d4dead,,IBIP20_temporal_random_fiber_controls,17,136,14,132,17,0,0,1,1,1,1,1,1,0,1,0,,,undefinedInjective,33,34,0.970588235294,,,undefinedInjective,True,False,0,1,0,1:17
CellTag_iEP_reprogramming,CellTag_iEP,r1,F039:CellTag_iEP_reprogramming:CellTag_iEP:r1:r1_MULTI_3_12_21:fineDay21Fate,r1_MULTI_3_12_21,fineDay21Fate,IBIP20:r1:MULTI:5:orderedHistory,IBIP-20,orderedHistory,MULTI,D3-D12,17,17,True,True,True,True,exactFrozenMaps,62c51f14a2b50da42cb79a1185de81f726db19f010ac8687cd1774893f2b90fc,,IBIP20_temporal_random_fiber_controls,17,136,14,132,17,0,0,1,1,1,1,1,1,0,1,0,,,undefinedInjective,33,34,0.970588235294,,,undefinedInjective,True,False,0,1,0,1:17
CellTag_iEP_reprogramming,CellTag_iEP,r1,F039:CellTag_iEP_reprogramming:CellTag_iEP:r1:r1_MULTI_3_12_21:fineDay21Fate,r1_MULTI_3_12_21,fineDay21Fate,IBIP20:r1:MULTI:5:unorderedHistory,IBIP-20,unorderedHistory,MULTI,D3-D12,17,17,True,True,True,True,exactFrozenMaps,6ce6380dadef81532062151dea78297b3f86555eb0594f0ccd6600ab792323df,,IBIP20_temporal_random_fiber_controls,17,136,14,132,17,0,0,1,1,1,1,1,1,0,1,0,,,undefinedInjective,33,34,0.970588235294,,,undefinedInjective,True,False,0,1,0,1:17
CellTag_iEP_reprogramming,CellTag_iEP,r1,F039:CellTag_iEP_reprogramming:CellTag_iEP:r1:r1_MULTI_3_12_21:fineDay21Fate,r1_MULTI_3_12_21,fineDay21Fate,IBIP20:r1:MULTI:5:reversedHistory,IBIP-20,reversedHistory,MULTI,D3-D12,17,17,True,True,True,True,exactFrozenMaps,5349bc57116fe1a793f6e917bdc097232007b22715c88769de9ae6034fe342f1,,IBIP20_temporal_random_fiber_controls,17,136,14,132,17,0,0,1,1,1,1,1,1,0,1,0,,,undefinedInjective,33,34,0.970588235294,,,undefinedInjective,True,False,0,1,0,1:17
CellTag_iEP_reprogramming,CellTag_iEP,r1,F039:CellTag_iEP_reprogramming:CellTag_iEP:r1:r1_MULTI_3_12_21:fineDay21Fate,r1_MULTI_3_12_21,fineDay21Fate,IBIP20:r1:MULTI:5:transitionSignature,IBIP-20,transitionSignature,MULTI,D3-D12,17,17,True,True,True,True,exactFrozenMaps,38c076d01e9797364fbea9b1e602d5d48a4f2fa19b7ba569a2fc873da2fe3d85,,IBIP20_temporal_random_fiber_controls,17,136,14,132,17,0,0,1,1,1,1,1,1,0,1,0,,,undefinedInjective,33,34,0.970588235294,,,undefinedInjective,True,False,0,1,0,1:17
CellTag_iEP_reprogramming,CellTag_iEP,r1,F040:CellTag_iEP_reprogramming:CellTag_iEP:r1:r1_MULTI_3_12_21:sourceGroupedDay21Fate,r1_MULTI_3_12_21,sourceGroupedDay21Fate,IBIP20:r1:MULTI:0:snapshotDay3,IBIP-20,snapshotDay3,MULTI,D3-D12,17,1,False,False,True,True,exactFrozenMaps,f2f4018e746678020c3cca5e7908a4a10e23414dc7b524bb49d72e38d86e4670,,IBIP20_temporal_random_fiber_controls,17,136,10,123,1,136,123,0,1,0,0,1,0,0,1,0,123,136,0.904411764706,123,136,0.904411764706,1,1,1,False,False,1,1,1,17:1
CellTag_iEP_reprogramming,CellTag_iEP,r1,F040:CellTag_iEP_reprogramming:CellTag_iEP:r1:r1_MULTI_3_12_21:sourceGroupedDay21Fate,r1_MULTI_3_12_21,sourceGroupedDay21Fate,IBIP20:r1:MULTI:0:day12State,IBIP-20,day12State,MULTI,D3-D12,17,1,False,False,True,True,exactFrozenMaps,f2f4018e746678020c3cca5e7908a4a10e23414dc7b524bb49d72e38d86e4670,IBIP20:r1:MULTI:0:snapshotDay3,IBIP20_temporal_random_fiber_controls,17,136,10,123,1,136,123,0,1,0,0,1,0,0,1,0,123,136,0.904411764706,123,136,0.904411764706,1,1,1,False,False,1,1,1,17:1
CellTag_iEP_reprogramming,CellTag_iEP,r1,F040:CellTag_iEP_reprogramming:CellTag_iEP:r1:r1_MULTI_3_12_21:sourceGroupedDay21Fate,r1_MULTI_3_12_21,sourceGroupedDay21Fate,IBIP20:r1:MULTI:0:orderedHistory,IBIP-20,orderedHistory,MULTI,D3-D12,17,1,False,False,True,True,exactFrozenMaps,caf3b3a9bda3e2d1566418038d1edd71e1e692f48e731225b14edef61c08bf5f,,IBIP20_temporal_random_fiber_controls,17,136,10,123,1,136,123,0,1,0,0,1,0,0,1,0,123,136,0.904411764706,123,136,0.904411764706,1,1,1,False,False,1,1,1,17:1
CellTag_iEP_reprogramming,CellTag_iEP,r1,F040:CellTag_iEP_reprogramming:CellTag_iEP:r1:r1_MULTI_3_12_21:sourceGroupedDay21Fate,r1_MULTI_3_12_21,sourceGroupedDay21Fate,IBIP20:r1:MULTI:0:unorderedHistory,IBIP-20,unorderedHistory,MULTI,D3-D12,17,1,False,False,True,True,exactFrozenMaps,3c026d815b26ead615aab6566bcce4e5ede770b624addd6d1db0506115db24b4,,IBIP20_temporal_random_fiber_controls,17,136,10,123,1,136,123,0,1,0,0,1,0,0,1,0,123,136,0.904411764706,123,136,0.904411764706,1,1,1,False,False,1,1,1,17:1
CellTag_iEP_reprogramming,CellTag_iEP,r1,F040:CellTag_iEP_reprogramming:CellTag_iEP:r1:r1_MULTI_3_12_21:sourceGroupedDay21Fate,r1_MULTI_3_12_21,sourceGroupedDay21Fate,IBIP20:r1:MULTI:0:reversedHistory,IBIP-20,reversedHistory,MULTI,D3-D12,17,1,False,False,True,True,exactFrozenMaps,caf3b3a9bda3e2d1566418038d1edd71e1e692f48e731225b14edef61c08bf5f,IBIP20:r1:MULTI:0:orderedHistory,IBIP20_temporal_random_fiber_controls,17,136,10,123,1,136,123,0,1,0,0,1,0,0,1,0,123,136,0.904411764706,123,136,0.904411764706,1,1,1,False,False,1,1,1,17:1
CellTag_iEP_reprogramming,CellTag_iEP,r1,F040:CellTag_iEP_reprogramming:CellTag_iEP:r1:r1_MULTI_3_12_21:sourceGroupedDay21Fate,r1_MULTI_3_12_21,sourceGroupedDay21Fate,IBIP20:r1:MULTI:0:transitionSignature,IBIP-20,transitionSignature,MULTI,D3-D12,17,1,False,False,True,True,exactFrozenMaps,851b667373d7abf75f68a78b9e65e13550baae377d8208066cdffcd1e5fec6d7,,IBIP20_temporal_random_fiber_controls,17,136,10,123,1,136,123,0,1,0,0,1,0,0,1,0,123,136,0.904411764706,123,136,0.904411764706,1,1,1,False,False,1,1,1,17:1
CellTag_iEP_reprogramming,CellTag_iEP,r1,F040:CellTag_iEP_reprogramming:CellTag_iEP:r1:r1_MULTI_3_12_21:sourceGroupedDay21Fate,r1_MULTI_3_12_21,sourceGroupedDay21Fate,IBIP20:r1:MULTI:1:snapshotDay3,IBIP-20,snapshotDay3,MULTI,D3-D12,17,17,True,True,True,True,exactFrozenMaps,ba1244c89d722194dafc971d45037caa8bffb14daa005eba611a769762573dbf,,IBIP20_temporal_random_fiber_controls,17,136,10,123,17,0,0,1,1,1,1,1,1,0,1,0,,,undefinedInjective,123,136,0.904411764706,,,undefinedInjective,True,False,0,1,0,1:17
CellTag_iEP_reprogramming,CellTag_iEP,r1,F040:CellTag_iEP_reprogramming:CellTag_iEP:r1:r1_MULTI_3_12_21:sourceGroupedDay21Fate,r1_MULTI_3_12_21,sourceGroupedDay21Fate,IBIP20:r1:MULTI:1:day12State,IBIP-20,day12State,MULTI,D3-D12,17,9,False,False,True,True,exactFrozenMaps,81a36a87beeb1d6f50747491d8ebc2039a3540b445ef0c829ef6a5f6e40ac0c3,,IBIP20_temporal_random_fiber_controls,17,136,10,123,9,21,18,115,136,0.845588235294,35,41,0.853658536585,45,5576,0.00807030129125,6,7,0.857142857143,123,136,0.904411764706,272,287,0.947735191638,False,False,10,17,0.588235294118,1:7;4:1;6:1
CellTag_iEP_reprogramming,CellTag_iEP,r1,F040:CellTag_iEP_reprogramming:CellTag_iEP:r1:r1_MULTI_3_12_21:sourceGroupedDay21Fate,r1_MULTI_3_12_21,sourceGroupedDay21Fate,IBIP20:r1:MULTI:1:orderedHistory,IBIP-20,orderedHistory,MULTI,D3-D12,17,17,True,True,True,True,exactFrozenMaps,8b23437c9d5658ac29035d80a6003e6199a9d35ccd88e0b9ae8847b98823c7a3,,IBIP20_temporal_random_fiber_controls,17,136,10,123,17,0,0,1,1,1,1,1,1,0,1,0,,,undefinedInjective,123,136,0.904411764706,,,undefinedInjective,True,False,0,1,0,1:17
CellTag_iEP_reprogramming,CellTag_iEP,r1,F040:CellTag_iEP_reprogramming:CellTag_iEP:r1:r1_MULTI_3_12_21:sourceGroupedDay21Fate,r1_MULTI_3_12_21,sourceGroupedDay21Fate,IBIP20:r1:MULTI:1:unorderedHistory,IBIP-20,unorderedHistory,MULTI,D3-D12,17,17,True,True,True,True,exactFrozenMaps,10849417173d8cb6481a64af1892c074f3d36f3d90a2fcbcb8e81fc41ac5c5ad,,IBIP20_temporal_random_fiber_controls,17,136,10,123,17,0,0,1,1,1,1,1,1,0,1,0,,,undefinedInjective,123,136,0.904411764706,,,undefinedInjective,True,False,0,1,0,1:17
CellTag_iEP_reprogramming,CellTag_iEP,r1,F040:CellTag_iEP_reprogramming:CellTag_iEP:r1:r1_MULTI_3_12_21:sourceGroupedDay21Fate,r1_MULTI_3_12_21,sourceGroupedDay21Fate,IBIP20:r1:MULTI:1:reversedHistory,IBIP-20,reversedHistory,MULTI,D3-D12,17,17,True,True,True,True,exactFrozenMaps,4e63acc6b620bb312525402e70ab7f7dd51f9ca0d2c498d34dadf1b73fab93e5,,IBIP20_temporal_random_fiber_controls,17,136,10,123,17,0,0,1,1,1,1,1,1,0,1,0,,,undefinedInjective,123,136,0.904411764706,,,undefinedInjective,True,False,0,1,0,1:17
CellTag_iEP_reprogramming,CellTag_iEP,r1,F040:CellTag_iEP_reprogramming:CellTag_iEP:r1:r1_MULTI_3_12_21:sourceGroupedDay21Fate,r1_MULTI_3_12_21,sourceGroupedDay21Fate,IBIP20:r1:MULTI:1:transitionSignature,IBIP-20,transitionSignature,MULTI,D3-D12,17,16,False,False,True,True,exactFrozenMaps,a2360a24ac625eb542cd869a26ab7cf95faf69c32bb180b28d6badb18509ae07,,IBIP20_temporal_random_fiber_controls,17,136,10,123,16,1,1,135,136,0.992647058824,122,123,0.991869918699,-13,16728,-0.000777140124342,1,1,1,123,136,0.904411764706,136,123,1.10569105691,False,False,2,17,0.117647058824,1:15;2:1
CellTag_iEP_reprogramming,CellTag_iEP,r1,F040:CellTag_iEP_reprogramming:CellTag_iEP:r1:r1_MULTI_3_12_21:sourceGroupedDay21Fate,r1_MULTI_3_12_21,sourceGroupedDay21Fate,IBIP20:r1:MULTI:2:snapshotDay3,IBIP-20,snapshotDay3,MULTI,D3-D12,17,17,True,True,True,True,exactFrozenMaps,305c2aaa723910681e631614259fa64c7b490a7ee0835f4f9669c3460abda2a0,,IBIP20_temporal_random_fiber_controls,17,136,10,123,17,0,0,1,1,1,1,1,1,0,1,0,,,undefinedInjective,123,136,0.904411764706,,,undefinedInjective,True,False,0,1,0,1:17
CellTag_iEP_reprogramming,CellTag_iEP,r1,F040:CellTag_iEP_reprogramming:CellTag_iEP:r1:r1_MULTI_3_12_21:sourceGroupedDay21Fate,r1_MULTI_3_12_21,sourceGroupedDay21Fate,IBIP20:r1:MULTI:2:day12State,IBIP-20,day12State,MULTI,D3-D12,17,16,False,False,True,True,exactFrozenMaps,56ce55c033bfff1e61e64478a578952901c5bbf8985afd102b49fa768713656d,,IBIP20_temporal_random_fiber_controls,17,136,10,123,16,1,1,135,136,0.992647058824,122,123,0.991869918699,-13,16728,-0.000777140124342,1,1,1,123,136,0.904411764706,136,123,1.10569105691,False,False,2,17,0.117647058824,1:15;2:1
CellTag_iEP_reprogramming,CellTag_iEP,r1,F040:CellTag_iEP_reprogramming:CellTag_iEP:r1:r1_MULTI_3_12_21:sourceGroupedDay21Fate,r1_MULTI_3_12_21,sourceGroupedDay21Fate,IBIP20:r1:MULTI:2:orderedHistory,IBIP-20,orderedHistory,MULTI,D3-D12,17,17,True,True,True,True,exactFrozenMaps,616f298f8461e6fc6ac23cbee8fdd1d2fd883d715ba4aa83b520bf411c845919,,IBIP20_temporal_random_fiber_controls,17,136,10,123,17,0,0,1,1,1,1,1,1,0,1,0,,,undefinedInjective,123,136,0.904411764706,,,undefinedInjective,True,False,0,1,0,1:17
CellTag_iEP_reprogramming,CellTag_iEP,r1,F040:CellTag_iEP_reprogramming:CellTag_iEP:r1:r1_MULTI_3_12_21:sourceGroupedDay21Fate,r1_MULTI_3_12_21,sourceGroupedDay21Fate,IBIP20:r1:MULTI:2:unorderedHistory,IBIP-20,unorderedHistory,MULTI,D3-D12,17,17,True,True,True,True,exactFrozenMaps,93f5de536d59653c5a8003a3b455386bf3b52f0c56330f89741a98e3805b5c13,,IBIP20_temporal_random_fiber_controls,17,136,10,123,17,0,0,1,1,1,1,1,1,0,1,0,,,undefinedInjective,123,136,0.904411764706,,,undefinedInjective,True,False,0,1,0,1:17
CellTag_iEP_reprogramming,CellTag_iEP,r1,F040:CellTag_iEP_reprogramming:CellTag_iEP:r1:r1_MULTI_3_12_21:sourceGroupedDay21Fate,r1_MULTI_3_12_21,sourceGroupedDay21Fate,IBIP20:r1:MULTI:2:reversedHistory,IBIP-20,reversedHistory,MULTI,D3-D12,17,17,True,True,True,True,exactFrozenMaps,289a20918196bbdd2a07acb54a8ec82d6b84016920bd9a564b87d64dd418b247,,IBIP20_temporal_random_fiber_controls,17,136,10,123,17,0,0,1,1,1,1,1,1,0,1,0,,,undefinedInjective,123,136,0.904411764706,,,undefinedInjective,True,False,0,1,0,1:17
CellTag_iEP_reprogramming,CellTag_iEP,r1,F040:CellTag_iEP_reprogramming:CellTag_iEP:r1:r1_MULTI_3_12_21:sourceGroupedDay21Fate,r1_MULTI_3_12_21,sourceGroupedDay21Fate,IBIP20:r1:MULTI:2:transitionSignature,IBIP-20,transitionSignature,MULTI,D3-D12,17,17,True,True,True,True,exactFrozenMaps,4a79941be53d0119bcfeff9e36e03ef1acc381b3e553791cc3bb1b94851a1f20,,IBIP20_temporal_random_fiber_controls,17,136,10,123,17,0,0,1,1,1,1,1,1,0,1,0,,,undefinedInjective,123,136,0.904411764706,,,undefinedInjective,True,False,0,1,0,1:17
CellTag_iEP_reprogramming,CellTag_iEP,r1,F040:CellTag_iEP_reprogramming:CellTag_iEP:r1:r1_MULTI_3_12_21:sourceGroupedDay21Fate,r1_MULTI_3_12_21,sourceGroupedDay21Fate,IBIP20:r1:MULTI:4:snapshotDay3,IBIP-20,snapshotDay3,MULTI,D3-D12,17,17,True,True,True,True,exactFrozenMaps,ed01ce32b95375ef01b2dc57a6f15d3c06c86782c829caa122a682236e80be9a,,IBIP20_temporal_random_fiber_controls,17,136,10,123,17,0,0,1,1,1,1,1,1,0,1,0,,,undefinedInjective,123,136,0.904411764706,,,undefinedInjective,True,False,0,1,0,1:17
CellTag_iEP_reprogramming,CellTag_iEP,r1,F040:CellTag_iEP_reprogramming:CellTag_iEP:r1:r1_MULTI_3_12_21:sourceGroupedDay21Fate,r1_MULTI_3_12_21,sourceGroupedDay21Fate,IBIP20:r1:MULTI:4:day12State,IBIP-20,day12State,MULTI,D3-D12,17,16,False,False,True,True,exactFrozenMaps,ffce051695fa0e9ca92a8837b97f5b0db4fed9e24b799ffc92a40e9a575266c9,,IBIP20_temporal_random_fiber_controls,17,136,10,123,16,1,1,135,136,0.992647058824,122,123,0.991869918699,-13,16728,-0.000777140124342,1,1,1,123,136,0.904411764706,136,123,1.10569105691,False,False,2,17,0.117647058824,1:15;2:1
CellTag_iEP_reprogramming,CellTag_iEP,r1,F040:CellTag_iEP_reprogramming:CellTag_iEP:r1:r1_MULTI_3_12_21:sourceGroupedDay21Fate,r1_MULTI_3_12_21,sourceGroupedDay21Fate,IBIP20:r1:MULTI:4:orderedHistory,IBIP-20,orderedHistory,MULTI,D3-D12,17,17,True,True,True,True,exactFrozenMaps,35aec53d5b099be43f5786db2a72263867b77d6bf4013c44ae50e02d4cc25e29,,IBIP20_temporal_random_fiber_controls,17,136,10,123,17,0,0,1,1,1,1,1,1,0,1,0,,,undefinedInjective,123,136,0.904411764706,,,undefinedInjective,True,False,0,1,0,1:17
CellTag_iEP_reprogramming,CellTag_iEP,r1,F040:CellTag_iEP_reprogramming:CellTag_iEP:r1:r1_MULTI_3_12_21:sourceGroupedDay21Fate,r1_MULTI_3_12_21,sourceGroupedDay21Fate,IBIP20:r1:MULTI:4:unorderedHistory,IBIP-20,unorderedHistory,MULTI,D3-D12,17,17,True,True,True,True,exactFrozenMaps,539e5efb93b56e514998af8894279b9327d7563238f523754d2c555727f7c82e,,IBIP20_temporal_random_fiber_controls,17,136,10,123,17,0,0,1,1,1,1,1,1,0,1,0,,,undefinedInjective,123,136,0.904411764706,,,undefinedInjective,True,False,0,1,0,1:17
CellTag_iEP_reprogramming,CellTag_iEP,r1,F040:CellTag_iEP_reprogramming:CellTag_iEP:r1:r1_MULTI_3_12_21:sourceGroupedDay21Fate,r1_MULTI_3_12_21,sourceGroupedDay21Fate,IBIP20:r1:MULTI:4:reversedHistory,IBIP-20,reversedHistory,MULTI,D3-D12,17,17,True,True,True,True,exactFrozenMaps,9c97947391060ff3cedeb00809018d2402e899c3edd9383d482b0a14d07fb536,,IBIP20_temporal_random_fiber_controls,17,136,10,123,17,0,0,1,1,1,1,1,1,0,1,0,,,undefinedInjective,123,136,0.904411764706,,,undefinedInjective,True,False,0,1,0,1:17
CellTag_iEP_reprogramming,CellTag_iEP,r1,F040:CellTag_iEP_reprogramming:CellTag_iEP:r1:r1_MULTI_3_12_21:sourceGroupedDay21Fate,r1_MULTI_3_12_21,sourceGroupedDay21Fate,IBIP20:r1:MULTI:4:transitionSignature,IBIP-20,transitionSignature,MULTI,D3-D12,17,17,True,True,True,True,exactFrozenMaps,6f074e677d84fc82054eee06347bdc4f04662d7fd1a0a0be98bdbbe3fbb283c0,,IBIP20_temporal_random_fiber_controls,17,136,10,123,17,0,0,1,1,1,1,1,1,0,1,0,,,undefinedInjective,123,136,0.904411764706,,,undefinedInjective,True,False,0,1,0,1:17
CellTag_iEP_reprogramming,CellTag_iEP,r1,F040:CellTag_iEP_reprogramming:CellTag_iEP:r1:r1_MULTI_3_12_21:sourceGroupedDay21Fate,r1_MULTI_3_12_21,sourceGroupedDay21Fate,IBIP20:r1:MULTI:5:snapshotDay3,IBIP-20,snapshotDay3,MULTI,D3-D12,17,17,True,True,True,True,exactFrozenMaps,0d88bf1bfc4b8250a99dae848d1624f1443bd7ebf5b92ca6f5e03acde38d9565,,IBIP20_temporal_random_fiber_controls,17,136,10,123,17,0,0,1,1,1,1,1,1,0,1,0,,,undefinedInjective,123,136,0.904411764706,,,undefinedInjective,True,False,0,1,0,1:17
CellTag_iEP_reprogramming,CellTag_iEP,r1,F040:CellTag_iEP_reprogramming:CellTag_iEP:r1:r1_MULTI_3_12_21:sourceGroupedDay21Fate,r1_MULTI_3_12_21,sourceGroupedDay21Fate,IBIP20:r1:MULTI:5:day12State,IBIP-20,day12State,MULTI,D3-D12,17,17,True,True,True,True,exactFrozenMaps,a6d449c2489f158608566ddcb9099a1ccc8b068d77c8241c25dd66c665d4dead,,IBIP20_temporal_random_fiber_controls,17,136,10,123,17,0,0,1,1,1,1,1,1,0,1,0,,,undefinedInjective,123,136,0.904411764706,,,undefinedInjective,True,False,0,1,0,1:17
CellTag_iEP_reprogramming,CellTag_iEP,r1,F040:CellTag_iEP_reprogramming:CellTag_iEP:r1:r1_MULTI_3_12_21:sourceGroupedDay21Fate,r1_MULTI_3_12_21,sourceGroupedDay21Fate,IBIP20:r1:MULTI:5:orderedHistory,IBIP-20,orderedHistory,MULTI,D3-D12,17,17,True,True,True,True,exactFrozenMaps,62c51f14a2b50da42cb79a1185de81f726db19f010ac8687cd1774893f2b90fc,,IBIP20_temporal_random_fiber_controls,17,136,10,123,17,0,0,1,1,1,1,1,1,0,1,0,,,undefinedInjective,123,136,0.904411764706,,,undefinedInjective,True,False,0,1,0,1:17
CellTag_iEP_reprogramming,CellTag_iEP,r1,F040:CellTag_iEP_reprogramming:CellTag_iEP:r1:r1_MULTI_3_12_21:sourceGroupedDay21Fate,r1_MULTI_3_12_21,sourceGroupedDay21Fate,IBIP20:r1:MULTI:5:unorderedHistory,IBIP-20,unorderedHistory,MULTI,D3-D12,17,17,True,True,True,True,exactFrozenMaps,6ce6380dadef81532062151dea78297b3f86555eb0594f0ccd6600ab792323df,,IBIP20_temporal_random_fiber_controls,17,136,10,123,17,0,0,1,1,1,1,1,1,0,1,0,,,undefinedInjective,123,136,0.904411764706,,,undefinedInjective,True,False,0,1,0,1:17
CellTag_iEP_reprogramming,CellTag_iEP,r1,F040:CellTag_iEP_reprogramming:CellTag_iEP:r1:r1_MULTI_3_12_21:sourceGroupedDay21Fate,r1_MULTI_3_12_21,sourceGroupedDay21Fate,IBIP20:r1:MULTI:5:reversedHistory,IBIP-20,reversedHistory,MULTI,D3-D12,17,17,True,True,True,True,exactFrozenMaps,5349bc57116fe1a793f6e917bdc097232007b22715c88769de9ae6034fe342f1,,IBIP20_temporal_random_fiber_controls,17,136,10,123,17,0,0,1,1,1,1,1,1,0,1,0,,,undefinedInjective,123,136,0.904411764706,,,undefinedInjective,True,False,0,1,0,1:17
CellTag_iEP_reprogramming,CellTag_iEP,r1,F040:CellTag_iEP_reprogramming:CellTag_iEP:r1:r1_MULTI_3_12_21:sourceGroupedDay21Fate,r1_MULTI_3_12_21,sourceGroupedDay21Fate,IBIP20:r1:MULTI:5:transitionSignature,IBIP-20,transitionSignature,MULTI,D3-D12,17,17,True,True,True,True,exactFrozenMaps,38c076d01e9797364fbea9b1e602d5d48a4f2fa19b7ba569a2fc873da2fe3d85,,IBIP20_temporal_random_fiber_controls,17,136,10,123,17,0,0,1,1,1,1,1,1,0,1,0,,,undefinedInjective,123,136,0.904411764706,,,undefinedInjective,True,False,0,1,0,1:17
CellTag_iEP_reprogramming,CellTag_iEP,r1,F041:CellTag_iEP_reprogramming:CellTag_iEP:r1:r1_MULTI_3_12_21:majorityDay21Fate,r1_MULTI_3_12_21,majorityDay21Fate,IBIP20:r1:MULTI:0:snapshotDay3,IBIP-20,snapshotDay3,MULTI,D3-D12,17,1,False,False,True,True,exactFrozenMaps,f2f4018e746678020c3cca5e7908a4a10e23414dc7b524bb49d72e38d86e4670,,IBIP20_temporal_random_fiber_controls,17,136,3,82,1,136,82,0,1,0,0,1,0,0,1,0,41,68,0.602941176471,41,68,0.602941176471,1,1,1,False,False,1,1,1,17:1
CellTag_iEP_reprogramming,CellTag_iEP,r1,F041:CellTag_iEP_reprogramming:CellTag_iEP:r1:r1_MULTI_3_12_21:majorityDay21Fate,r1_MULTI_3_12_21,majorityDay21Fate,IBIP20:r1:MULTI:0:day12State,IBIP-20,day12State,MULTI,D3-D12,17,1,False,False,True,True,exactFrozenMaps,f2f4018e746678020c3cca5e7908a4a10e23414dc7b524bb49d72e38d86e4670,IBIP20:r1:MULTI:0:snapshotDay3,IBIP20_temporal_random_fiber_controls,17,136,3,82,1,136,82,0,1,0,0,1,0,0,1,0,41,68,0.602941176471,41,68,0.602941176471,1,1,1,False,False,1,1,1,17:1
CellTag_iEP_reprogramming,CellTag_iEP,r1,F041:CellTag_iEP_reprogramming:CellTag_iEP:r1:r1_MULTI_3_12_21:majorityDay21Fate,r1_MULTI_3_12_21,majorityDay21Fate,IBIP20:r1:MULTI:0:orderedHistory,IBIP-20,orderedHistory,MULTI,D3-D12,17,1,False,False,True,True,exactFrozenMaps,caf3b3a9bda3e2d1566418038d1edd71e1e692f48e731225b14edef61c08bf5f,,IBIP20_temporal_random_fiber_controls,17,136,3,82,1,136,82,0,1,0,0,1,0,0,1,0,41,68,0.602941176471,41,68,0.602941176471,1,1,1,False,False,1,1,1,17:1
CellTag_iEP_reprogramming,CellTag_iEP,r1,F041:CellTag_iEP_reprogramming:CellTag_iEP:r1:r1_MULTI_3_12_21:majorityDay21Fate,r1_MULTI_3_12_21,majorityDay21Fate,IBIP20:r1:MULTI:0:unorderedHistory,IBIP-20,unorderedHistory,MULTI,D3-D12,17,1,False,False,True,True,exactFrozenMaps,3c026d815b26ead615aab6566bcce4e5ede770b624addd6d1db0506115db24b4,,IBIP20_temporal_random_fiber_controls,17,136,3,82,1,136,82,0,1,0,0,1,0,0,1,0,41,68,0.602941176471,41,68,0.602941176471,1,1,1,False,False,1,1,1,17:1
CellTag_iEP_reprogramming,CellTag_iEP,r1,F041:CellTag_iEP_reprogramming:CellTag_iEP:r1:r1_MULTI_3_12_21:majorityDay21Fate,r1_MULTI_3_12_21,majorityDay21Fate,IBIP20:r1:MULTI:0:reversedHistory,IBIP-20,reversedHistory,MULTI,D3-D12,17,1,False,False,True,True,exactFrozenMaps,caf3b3a9bda3e2d1566418038d1edd71e1e692f48e731225b14edef61c08bf5f,IBIP20:r1:MULTI:0:orderedHistory,IBIP20_temporal_random_fiber_controls,17,136,3,82,1,136,82,0,1,0,0,1,0,0,1,0,41,68,0.602941176471,41,68,0.602941176471,1,1,1,False,False,1,1,1,17:1
CellTag_iEP_reprogramming,CellTag_iEP,r1,F041:CellTag_iEP_reprogramming:CellTag_iEP:r1:r1_MULTI_3_12_21:majorityDay21Fate,r1_MULTI_3_12_21,majorityDay21Fate,IBIP20:r1:MULTI:0:transitionSignature,IBIP-20,transitionSignature,MULTI,D3-D12,17,1,False,False,True,True,exactFrozenMaps,851b667373d7abf75f68a78b9e65e13550baae377d8208066cdffcd1e5fec6d7,,IBIP20_temporal_random_fiber_controls,17,136,3,82,1,136,82,0,1,0,0,1,0,0,1,0,41,68,0.602941176471,41,68,0.602941176471,1,1,1,False,False,1,1,1,17:1
CellTag_iEP_reprogramming,CellTag_iEP,r1,F041:CellTag_iEP_reprogramming:CellTag_iEP:r1:r1_MULTI_3_12_21:majorityDay21Fate,r1_MULTI_3_12_21,majorityDay21Fate,IBIP20:r1:MULTI:1:snapshotDay3,IBIP-20,snapshotDay3,MULTI,D3-D12,17,17,True,True,True,True,exactFrozenMaps,ba1244c89d722194dafc971d45037caa8bffb14daa005eba611a769762573dbf,,IBIP20_temporal_random_fiber_controls,17,136,3,82,17,0,0,1,1,1,1,1,1,0,1,0,,,undefinedInjective,41,68,0.602941176471,,,undefinedInjective,True,False,0,1,0,1:17
CellTag_iEP_reprogramming,CellTag_iEP,r1,F041:CellTag_iEP_reprogramming:CellTag_iEP:r1:r1_MULTI_3_12_21:majorityDay21Fate,r1_MULTI_3_12_21,majorityDay21Fate,IBIP20:r1:MULTI:1:day12State,IBIP-20,day12State,MULTI,D3-D12,17,9,False,False,True,True,exactFrozenMaps,81a36a87beeb1d6f50747491d8ebc2039a3540b445ef0c829ef6a5f6e40ac0c3,,IBIP20_temporal_random_fiber_controls,17,136,3,82,9,21,12,115,136,0.845588235294,35,41,0.853658536585,45,5576,0.00807030129125,4,7,0.571428571429,41,68,0.602941176471,272,287,0.947735191638,False,False,10,17,0.588235294118,1:7;4:1;6:1
CellTag_iEP_reprogramming,CellTag_iEP,r1,F041:CellTag_iEP_reprogramming:CellTag_iEP:r1:r1_MULTI_3_12_21:majorityDay21Fate,r1_MULTI_3_12_21,majorityDay21Fate,IBIP20:r1:MULTI:1:orderedHistory,IBIP-20,orderedHistory,MULTI,D3-D12,17,17,True,True,True,True,exactFrozenMaps,8b23437c9d5658ac29035d80a6003e6199a9d35ccd88e0b9ae8847b98823c7a3,,IBIP20_temporal_random_fiber_controls,17,136,3,82,17,0,0,1,1,1,1,1,1,0,1,0,,,undefinedInjective,41,68,0.602941176471,,,undefinedInjective,True,False,0,1,0,1:17
CellTag_iEP_reprogramming,CellTag_iEP,r1,F041:CellTag_iEP_reprogramming:CellTag_iEP:r1:r1_MULTI_3_12_21:majorityDay21Fate,r1_MULTI_3_12_21,majorityDay21Fate,IBIP20:r1:MULTI:1:unorderedHistory,IBIP-20,unorderedHistory,MULTI,D3-D12,17,17,True,True,True,True,exactFrozenMaps,10849417173d8cb6481a64af1892c074f3d36f3d90a2fcbcb8e81fc41ac5c5ad,,IBIP20_temporal_random_fiber_controls,17,136,3,82,17,0,0,1,1,1,1,1,1,0,1,0,,,undefinedInjective,41,68,0.602941176471,,,undefinedInjective,True,False,0,1,0,1:17
CellTag_iEP_reprogramming,CellTag_iEP,r1,F041:CellTag_iEP_reprogramming:CellTag_iEP:r1:r1_MULTI_3_12_21:majorityDay21Fate,r1_MULTI_3_12_21,majorityDay21Fate,IBIP20:r1:MULTI:1:reversedHistory,IBIP-20,reversedHistory,MULTI,D3-D12,17,17,True,True,True,True,exactFrozenMaps,4e63acc6b620bb312525402e70ab7f7dd51f9ca0d2c498d34dadf1b73fab93e5,,IBIP20_temporal_random_fiber_controls,17,136,3,82,17,0,0,1,1,1,1,1,1,0,1,0,,,undefinedInjective,41,68,0.602941176471,,,undefinedInjective,True,False,0,1,0,1:17
CellTag_iEP_reprogramming,CellTag_iEP,r1,F041:CellTag_iEP_reprogramming:CellTag_iEP:r1:r1_MULTI_3_12_21:majorityDay21Fate,r1_MULTI_3_12_21,majorityDay21Fate,IBIP20:r1:MULTI:1:transitionSignature,IBIP-20,transitionSignature,MULTI,D3-D12,17,16,False,True,True,True,exactFrozenMaps,a2360a24ac625eb542cd869a26ab7cf95faf69c32bb180b28d6badb18509ae07,,IBIP20_temporal_random_fiber_controls,17,136,3,82,16,1,0,135,136,0.992647058824,1,1,1,1,136,0.00735294117647,0,1,0,41,68,0.602941176471,0,1,0,True,True,2,17,0.117647058824,1:15;2:1
CellTag_iEP_reprogramming,CellTag_iEP,r1,F041:CellTag_iEP_reprogramming:CellTag_iEP:r1:r1_MULTI_3_12_21:majorityDay21Fate,r1_MULTI_3_12_21,majorityDay21Fate,IBIP20:r1:MULTI:2:snapshotDay3,IBIP-20,snapshotDay3,MULTI,D3-D12,17,17,True,True,True,True,exactFrozenMaps,305c2aaa723910681e631614259fa64c7b490a7ee0835f4f9669c3460abda2a0,,IBIP20_temporal_random_fiber_controls,17,136,3,82,17,0,0,1,1,1,1,1,1,0,1,0,,,undefinedInjective,41,68,0.602941176471,,,undefinedInjective,True,False,0,1,0,1:17
CellTag_iEP_reprogramming,CellTag_iEP,r1,F041:CellTag_iEP_reprogramming:CellTag_iEP:r1:r1_MULTI_3_12_21:majorityDay21Fate,r1_MULTI_3_12_21,majorityDay21Fate,IBIP20:r1:MULTI:2:day12State,IBIP-20,day12State,MULTI,D3-D12,17,16,False,False,True,True,exactFrozenMaps,56ce55c033bfff1e61e64478a578952901c5bbf8985afd102b49fa768713656d,,IBIP20_temporal_random_fiber_controls,17,136,3,82,16,1,1,135,136,0.992647058824,81,82,0.987804878049,-27,5576,-0.00484218077475,1,1,1,41,68,0.602941176471,68,41,1.65853658537,False,False,2,17,0.117647058824,1:15;2:1
CellTag_iEP_reprogramming,CellTag_iEP,r1,F041:CellTag_iEP_reprogramming:CellTag_iEP:r1:r1_MULTI_3_12_21:majorityDay21Fate,r1_MULTI_3_12_21,majorityDay21Fate,IBIP20:r1:MULTI:2:orderedHistory,IBIP-20,orderedHistory,MULTI,D3-D12,17,17,True,True,True,True,exactFrozenMaps,616f298f8461e6fc6ac23cbee8fdd1d2fd883d715ba4aa83b520bf411c845919,,IBIP20_temporal_random_fiber_controls,17,136,3,82,17,0,0,1,1,1,1,1,1,0,1,0,,,undefinedInjective,41,68,0.602941176471,,,undefinedInjective,True,False,0,1,0,1:17
CellTag_iEP_reprogramming,CellTag_iEP,r1,F041:CellTag_iEP_reprogramming:CellTag_iEP:r1:r1_MULTI_3_12_21:majorityDay21Fate,r1_MULTI_3_12_21,majorityDay21Fate,IBIP20:r1:MULTI:2:unorderedHistory,IBIP-20,unorderedHistory,MULTI,D3-D12,17,17,True,True,True,True,exactFrozenMaps,93f5de536d59653c5a8003a3b455386bf3b52f0c56330f89741a98e3805b5c13,,IBIP20_temporal_random_fiber_controls,17,136,3,82,17,0,0,1,1,1,1,1,1,0,1,0,,,undefinedInjective,41,68,0.602941176471,,,undefinedInjective,True,False,0,1,0,1:17
CellTag_iEP_reprogramming,CellTag_iEP,r1,F041:CellTag_iEP_reprogramming:CellTag_iEP:r1:r1_MULTI_3_12_21:majorityDay21Fate,r1_MULTI_3_12_21,majorityDay21Fate,IBIP20:r1:MULTI:2:reversedHistory,IBIP-20,reversedHistory,MULTI,D3-D12,17,17,True,True,True,True,exactFrozenMaps,289a20918196bbdd2a07acb54a8ec82d6b84016920bd9a564b87d64dd418b247,,IBIP20_temporal_random_fiber_controls,17,136,3,82,17,0,0,1,1,1,1,1,1,0,1,0,,,undefinedInjective,41,68,0.602941176471,,,undefinedInjective,True,False,0,1,0,1:17
CellTag_iEP_reprogramming,CellTag_iEP,r1,F041:CellTag_iEP_reprogramming:CellTag_iEP:r1:r1_MULTI_3_12_21:majorityDay21Fate,r1_MULTI_3_12_21,majorityDay21Fate,IBIP20:r1:MULTI:2:transitionSignature,IBIP-20,transitionSignature,MULTI,D3-D12,17,17,True,True,True,True,exactFrozenMaps,4a79941be53d0119bcfeff9e36e03ef1acc381b3e553791cc3bb1b94851a1f20,,IBIP20_temporal_random_fiber_controls,17,136,3,82,17,0,0,1,1,1,1,1,1,0,1,0,,,undefinedInjective,41,68,0.602941176471,,,undefinedInjective,True,False,0,1,0,1:17
CellTag_iEP_reprogramming,CellTag_iEP,r1,F041:CellTag_iEP_reprogramming:CellTag_iEP:r1:r1_MULTI_3_12_21:majorityDay21Fate,r1_MULTI_3_12_21,majorityDay21Fate,IBIP20:r1:MULTI:4:snapshotDay3,IBIP-20,snapshotDay3,MULTI,D3-D12,17,17,True,True,True,True,exactFrozenMaps,ed01ce32b95375ef01b2dc57a6f15d3c06c86782c829caa122a682236e80be9a,,IBIP20_temporal_random_fiber_controls,17,136,3,82,17,0,0,1,1,1,1,1,1,0,1,0,,,undefinedInjective,41,68,0.602941176471,,,undefinedInjective,True,False,0,1,0,1:17
CellTag_iEP_reprogramming,CellTag_iEP,r1,F041:CellTag_iEP_reprogramming:CellTag_iEP:r1:r1_MULTI_3_12_21:majorityDay21Fate,r1_MULTI_3_12_21,majorityDay21Fate,IBIP20:r1:MULTI:4:day12State,IBIP-20,day12State,MULTI,D3-D12,17,16,False,False,True,True,exactFrozenMaps,ffce051695fa0e9ca92a8837b97f5b0db4fed9e24b799ffc92a40e9a575266c9,,IBIP20_temporal_random_fiber_controls,17,136,3,82,16,1,1,135,136,0.992647058824,81,82,0.987804878049,-27,5576,-0.00484218077475,1,1,1,41,68,0.602941176471,68,41,1.65853658537,False,False,2,17,0.117647058824,1:15;2:1
CellTag_iEP_reprogramming,CellTag_iEP,r1,F041:CellTag_iEP_reprogramming:CellTag_iEP:r1:r1_MULTI_3_12_21:majorityDay21Fate,r1_MULTI_3_12_21,majorityDay21Fate,IBIP20:r1:MULTI:4:orderedHistory,IBIP-20,orderedHistory,MULTI,D3-D12,17,17,True,True,True,True,exactFrozenMaps,35aec53d5b099be43f5786db2a72263867b77d6bf4013c44ae50e02d4cc25e29,,IBIP20_temporal_random_fiber_controls,17,136,3,82,17,0,0,1,1,1,1,1,1,0,1,0,,,undefinedInjective,41,68,0.602941176471,,,undefinedInjective,True,False,0,1,0,1:17
CellTag_iEP_reprogramming,CellTag_iEP,r1,F041:CellTag_iEP_reprogramming:CellTag_iEP:r1:r1_MULTI_3_12_21:majorityDay21Fate,r1_MULTI_3_12_21,majorityDay21Fate,IBIP20:r1:MULTI:4:unorderedHistory,IBIP-20,unorderedHistory,MULTI,D3-D12,17,17,True,True,True,True,exactFrozenMaps,539e5efb93b56e514998af8894279b9327d7563238f523754d2c555727f7c82e,,IBIP20_temporal_random_fiber_controls,17,136,3,82,17,0,0,1,1,1,1,1,1,0,1,0,,,undefinedInjective,41,68,0.602941176471,,,undefinedInjective,True,False,0,1,0,1:17
CellTag_iEP_reprogramming,CellTag_iEP,r1,F041:CellTag_iEP_reprogramming:CellTag_iEP:r1:r1_MULTI_3_12_21:majorityDay21Fate,r1_MULTI_3_12_21,majorityDay21Fate,IBIP20:r1:MULTI:4:reversedHistory,IBIP-20,reversedHistory,MULTI,D3-D12,17,17,True,True,True,True,exactFrozenMaps,9c97947391060ff3cedeb00809018d2402e899c3edd9383d482b0a14d07fb536,,IBIP20_temporal_random_fiber_controls,17,136,3,82,17,0,0,1,1,1,1,1,1,0,1,0,,,undefinedInjective,41,68,0.602941176471,,,undefinedInjective,True,False,0,1,0,1:17
CellTag_iEP_reprogramming,CellTag_iEP,r1,F041:CellTag_iEP_reprogramming:CellTag_iEP:r1:r1_MULTI_3_12_21:majorityDay21Fate,r1_MULTI_3_12_21,majorityDay21Fate,IBIP20:r1:MULTI:4:transitionSignature,IBIP-20,transitionSignature,MULTI,D3-D12,17,17,True,True,True,True,exactFrozenMaps,6f074e677d84fc82054eee06347bdc4f04662d7fd1a0a0be98bdbbe3fbb283c0,,IBIP20_temporal_random_fiber_controls,17,136,3,82,17,0,0,1,1,1,1,1,1,0,1,0,,,undefinedInjective,41,68,0.602941176471,,,undefinedInjective,True,False,0,1,0,1:17
CellTag_iEP_reprogramming,CellTag_iEP,r1,F041:CellTag_iEP_reprogramming:CellTag_iEP:r1:r1_MULTI_3_12_21:majorityDay21Fate,r1_MULTI_3_12_21,majorityDay21Fate,IBIP20:r1:MULTI:5:snapshotDay3,IBIP-20,snapshotDay3,MULTI,D3-D12,17,17,True,True,True,True,exactFrozenMaps,0d88bf1bfc4b8250a99dae848d1624f1443bd7ebf5b92ca6f5e03acde38d9565,,IBIP20_temporal_random_fiber_controls,17,136,3,82,17,0,0,1,1,1,1,1,1,0,1,0,,,undefinedInjective,41,68,0.602941176471,,,undefinedInjective,True,False,0,1,0,1:17
CellTag_iEP_reprogramming,CellTag_iEP,r1,F041:CellTag_iEP_reprogramming:CellTag_iEP:r1:r1_MULTI_3_12_21:majorityDay21Fate,r1_MULTI_3_12_21,majorityDay21Fate,IBIP20:r1:MULTI:5:day12State,IBIP-20,day12State,MULTI,D3-D12,17,17,True,True,True,True,exactFrozenMaps,a6d449c2489f158608566ddcb9099a1ccc8b068d77c8241c25dd66c665d4dead,,IBIP20_temporal_random_fiber_controls,17,136,3,82,17,0,0,1,1,1,1,1,1,0,1,0,,,undefinedInjective,41,68,0.602941176471,,,undefinedInjective,True,False,0,1,0,1:17
CellTag_iEP_reprogramming,CellTag_iEP,r1,F041:CellTag_iEP_reprogramming:CellTag_iEP:r1:r1_MULTI_3_12_21:majorityDay21Fate,r1_MULTI_3_12_21,majorityDay21Fate,IBIP20:r1:MULTI:5:orderedHistory,IBIP-20,orderedHistory,MULTI,D3-D12,17,17,True,True,True,True,exactFrozenMaps,62c51f14a2b50da42cb79a1185de81f726db19f010ac8687cd1774893f2b90fc,,IBIP20_temporal_random_fiber_controls,17,136,3,82,17,0,0,1,1,1,1,1,1,0,1,0,,,undefinedInjective,41,68,0.602941176471,,,undefinedInjective,True,False,0,1,0,1:17
CellTag_iEP_reprogramming,CellTag_iEP,r1,F041:CellTag_iEP_reprogramming:CellTag_iEP:r1:r1_MULTI_3_12_21:majorityDay21Fate,r1_MULTI_3_12_21,majorityDay21Fate,IBIP20:r1:MULTI:5:unorderedHistory,IBIP-20,unorderedHistory,MULTI,D3-D12,17,17,True,True,True,True,exactFrozenMaps,6ce6380dadef81532062151dea78297b3f86555eb0594f0ccd6600ab792323df,,IBIP20_temporal_random_fiber_controls,17,136,3,82,17,0,0,1,1,1,1,1,1,0,1,0,,,undefinedInjective,41,68,0.602941176471,,,undefinedInjective,True,False,0,1,0,1:17
CellTag_iEP_reprogramming,CellTag_iEP,r1,F041:CellTag_iEP_reprogramming:CellTag_iEP:r1:r1_MULTI_3_12_21:majorityDay21Fate,r1_MULTI_3_12_21,majorityDay21Fate,IBIP20:r1:MULTI:5:reversedHistory,IBIP-20,reversedHistory,MULTI,D3-D12,17,17,True,True,True,True,exactFrozenMaps,5349bc57116fe1a793f6e917bdc097232007b22715c88769de9ae6034fe342f1,,IBIP20_temporal_random_fiber_controls,17,136,3,82,17,0,0,1,1,1,1,1,1,0,1,0,,,undefinedInjective,41,68,0.602941176471,,,undefinedInjective,True,False,0,1,0,1:17
CellTag_iEP_reprogramming,CellTag_iEP,r1,F041:CellTag_iEP_reprogramming:CellTag_iEP:r1:r1_MULTI_3_12_21:majorityDay21Fate,r1_MULTI_3_12_21,majorityDay21Fate,IBIP20:r1:MULTI:5:transitionSignature,IBIP-20,transitionSignature,MULTI,D3-D12,17,17,True,True,True,True,exactFrozenMaps,38c076d01e9797364fbea9b1e602d5d48a4f2fa19b7ba569a2fc873da2fe3d85,,IBIP20_temporal_random_fiber_controls,17,136,3,82,17,0,0,1,1,1,1,1,1,0,1,0,,,undefinedInjective,41,68,0.602941176471,,,undefinedInjective,True,False,0,1,0,1:17
CellTag_iEP_reprogramming,CellTag_iEP,r1,F042:CellTag_iEP_reprogramming:CellTag_iEP:r1:r1_MULTI_3_12_21:fateBreadth,r1_MULTI_3_12_21,fateBreadth,IBIP20:r1:MULTI:0:snapshotDay3,IBIP-20,snapshotDay3,MULTI,D3-D12,17,1,False,False,True,True,exactFrozenMaps,f2f4018e746678020c3cca5e7908a4a10e23414dc7b524bb49d72e38d86e4670,,IBIP20_temporal_random_fiber_controls,17,136,3,88,1,136,88,0,1,0,0,1,0,0,1,0,11,17,0.647058823529,11,17,0.647058823529,1,1,1,False,False,1,1,1,17:1
CellTag_iEP_reprogramming,CellTag_iEP,r1,F042:CellTag_iEP_reprogramming:CellTag_iEP:r1:r1_MULTI_3_12_21:fateBreadth,r1_MULTI_3_12_21,fateBreadth,IBIP20:r1:MULTI:0:day12State,IBIP-20,day12State,MULTI,D3-D12,17,1,False,False,True,True,exactFrozenMaps,f2f4018e746678020c3cca5e7908a4a10e23414dc7b524bb49d72e38d86e4670,IBIP20:r1:MULTI:0:snapshotDay3,IBIP20_temporal_random_fiber_controls,17,136,3,88,1,136,88,0,1,0,0,1,0,0,1,0,11,17,0.647058823529,11,17,0.647058823529,1,1,1,False,False,1,1,1,17:1
CellTag_iEP_reprogramming,CellTag_iEP,r1,F042:CellTag_iEP_reprogramming:CellTag_iEP:r1:r1_MULTI_3_12_21:fateBreadth,r1_MULTI_3_12_21,fateBreadth,IBIP20:r1:MULTI:0:orderedHistory,IBIP-20,orderedHistory,MULTI,D3-D12,17,1,False,False,True,True,exactFrozenMaps,caf3b3a9bda3e2d1566418038d1edd71e1e692f48e731225b14edef61c08bf5f,,IBIP20_temporal_random_fiber_controls,17,136,3,88,1,136,88,0,1,0,0,1,0,0,1,0,11,17,0.647058823529,11,17,0.647058823529,1,1,1,False,False,1,1,1,17:1
CellTag_iEP_reprogramming,CellTag_iEP,r1,F042:CellTag_iEP_reprogramming:CellTag_iEP:r1:r1_MULTI_3_12_21:fateBreadth,r1_MULTI_3_12_21,fateBreadth,IBIP20:r1:MULTI:0:unorderedHistory,IBIP-20,unorderedHistory,MULTI,D3-D12,17,1,False,False,True,True,exactFrozenMaps,3c026d815b26ead615aab6566bcce4e5ede770b624addd6d1db0506115db24b4,,IBIP20_temporal_random_fiber_controls,17,136,3,88,1,136,88,0,1,0,0,1,0,0,1,0,11,17,0.647058823529,11,17,0.647058823529,1,1,1,False,False,1,1,1,17:1
CellTag_iEP_reprogramming,CellTag_iEP,r1,F042:CellTag_iEP_reprogramming:CellTag_iEP:r1:r1_MULTI_3_12_21:fateBreadth,r1_MULTI_3_12_21,fateBreadth,IBIP20:r1:MULTI:0:reversedHistory,IBIP-20,reversedHistory,MULTI,D3-D12,17,1,False,False,True,True,exactFrozenMaps,caf3b3a9bda3e2d1566418038d1edd71e1e692f48e731225b14edef61c08bf5f,IBIP20:r1:MULTI:0:orderedHistory,IBIP20_temporal_random_fiber_controls,17,136,3,88,1,136,88,0,1,0,0,1,0,0,1,0,11,17,0.647058823529,11,17,0.647058823529,1,1,1,False,False,1,1,1,17:1
CellTag_iEP_reprogramming,CellTag_iEP,r1,F042:CellTag_iEP_reprogramming:CellTag_iEP:r1:r1_MULTI_3_12_21:fateBreadth,r1_MULTI_3_12_21,fateBreadth,IBIP20:r1:MULTI:0:transitionSignature,IBIP-20,transitionSignature,MULTI,D3-D12,17,1,False,False,True,True,exactFrozenMaps,851b667373d7abf75f68a78b9e65e13550baae377d8208066cdffcd1e5fec6d7,,IBIP20_temporal_random_fiber_controls,17,136,3,88,1,136,88,0,1,0,0,1,0,0,1,0,11,17,0.647058823529,11,17,0.647058823529,1,1,1,False,False,1,1,1,17:1
CellTag_iEP_reprogramming,CellTag_iEP,r1,F042:CellTag_iEP_reprogramming:CellTag_iEP:r1:r1_MULTI_3_12_21:fateBreadth,r1_MULTI_3_12_21,fateBreadth,IBIP20:r1:MULTI:1:snapshotDay3,IBIP-20,snapshotDay3,MULTI,D3-D12,17,17,True,True,True,True,exactFrozenMaps,ba1244c89d722194dafc971d45037caa8bffb14daa005eba611a769762573dbf,,IBIP20_temporal_random_fiber_controls,17,136,3,88,17,0,0,1,1,1,1,1,1,0,1,0,,,undefinedInjective,11,17,0.647058823529,,,undefinedInjective,True,False,0,1,0,1:17
CellTag_iEP_reprogramming,CellTag_iEP,r1,F042:CellTag_iEP_reprogramming:CellTag_iEP:r1:r1_MULTI_3_12_21:fateBreadth,r1_MULTI_3_12_21,fateBreadth,IBIP20:r1:MULTI:1:day12State,IBIP-20,day12State,MULTI,D3-D12,17,9,False,False,True,True,exactFrozenMaps,81a36a87beeb1d6f50747491d8ebc2039a3540b445ef0c829ef6a5f6e40ac0c3,,IBIP20_temporal_random_fiber_controls,17,136,3,88,9,21,16,115,136,0.845588235294,9,11,0.818181818182,-41,1496,-0.0274064171123,16,21,0.761904761905,11,17,0.647058823529,272,231,1.17748917749,False,False,10,17,0.588235294118,1:7;4:1;6:1
CellTag_iEP_reprogramming,CellTag_iEP,r1,F042:CellTag_iEP_reprogramming:CellTag_iEP:r1:r1_MULTI_3_12_21:fateBreadth,r1_MULTI_3_12_21,fateBreadth,IBIP20:r1:MULTI:1:orderedHistory,IBIP-20,orderedHistory,MULTI,D3-D12,17,17,True,True,True,True,exactFrozenMaps,8b23437c9d5658ac29035d80a6003e6199a9d35ccd88e0b9ae8847b98823c7a3,,IBIP20_temporal_random_fiber_controls,17,136,3,88,17,0,0,1,1,1,1,1,1,0,1,0,,,undefinedInjective,11,17,0.647058823529,,,undefinedInjective,True,False,0,1,0,1:17
CellTag_iEP_reprogramming,CellTag_iEP,r1,F042:CellTag_iEP_reprogramming:CellTag_iEP:r1:r1_MULTI_3_12_21:fateBreadth,r1_MULTI_3_12_21,fateBreadth,IBIP20:r1:MULTI:1:unorderedHistory,IBIP-20,unorderedHistory,MULTI,D3-D12,17,17,True,True,True,True,exactFrozenMaps,10849417173d8cb6481a64af1892c074f3d36f3d90a2fcbcb8e81fc41ac5c5ad,,IBIP20_temporal_random_fiber_controls,17,136,3,88,17,0,0,1,1,1,1,1,1,0,1,0,,,undefinedInjective,11,17,0.647058823529,,,undefinedInjective,True,False,0,1,0,1:17
CellTag_iEP_reprogramming,CellTag_iEP,r1,F042:CellTag_iEP_reprogramming:CellTag_iEP:r1:r1_MULTI_3_12_21:fateBreadth,r1_MULTI_3_12_21,fateBreadth,IBIP20:r1:MULTI:1:reversedHistory,IBIP-20,reversedHistory,MULTI,D3-D12,17,17,True,True,True,True,exactFrozenMaps,4e63acc6b620bb312525402e70ab7f7dd51f9ca0d2c498d34dadf1b73fab93e5,,IBIP20_temporal_random_fiber_controls,17,136,3,88,17,0,0,1,1,1,1,1,1,0,1,0,,,undefinedInjective,11,17,0.647058823529,,,undefinedInjective,True,False,0,1,0,1:17
CellTag_iEP_reprogramming,CellTag_iEP,r1,F042:CellTag_iEP_reprogramming:CellTag_iEP:r1:r1_MULTI_3_12_21:fateBreadth,r1_MULTI_3_12_21,fateBreadth,IBIP20:r1:MULTI:1:transitionSignature,IBIP-20,transitionSignature,MULTI,D3-D12,17,16,False,False,True,True,exactFrozenMaps,a2360a24ac625eb542cd869a26ab7cf95faf69c32bb180b28d6badb18509ae07,,IBIP20_temporal_random_fiber_controls,17,136,3,88,16,1,1,135,136,0.992647058824,87,88,0.988636363636,-3,748,-0.00401069518717,1,1,1,11,17,0.647058823529,17,11,1.54545454545,False,False,2,17,0.117647058824,1:15;2:1
CellTag_iEP_reprogramming,CellTag_iEP,r1,F042:CellTag_iEP_reprogramming:CellTag_iEP:r1:r1_MULTI_3_12_21:fateBreadth,r1_MULTI_3_12_21,fateBreadth,IBIP20:r1:MULTI:2:snapshotDay3,IBIP-20,snapshotDay3,MULTI,D3-D12,17,17,True,True,True,True,exactFrozenMaps,305c2aaa723910681e631614259fa64c7b490a7ee0835f4f9669c3460abda2a0,,IBIP20_temporal_random_fiber_controls,17,136,3,88,17,0,0,1,1,1,1,1,1,0,1,0,,,undefinedInjective,11,17,0.647058823529,,,undefinedInjective,True,False,0,1,0,1:17
CellTag_iEP_reprogramming,CellTag_iEP,r1,F042:CellTag_iEP_reprogramming:CellTag_iEP:r1:r1_MULTI_3_12_21:fateBreadth,r1_MULTI_3_12_21,fateBreadth,IBIP20:r1:MULTI:2:day12State,IBIP-20,day12State,MULTI,D3-D12,17,16,False,False,True,True,exactFrozenMaps,56ce55c033bfff1e61e64478a578952901c5bbf8985afd102b49fa768713656d,,IBIP20_temporal_random_fiber_controls,17,136,3,88,16,1,1,135,136,0.992647058824,87,88,0.988636363636,-3,748,-0.00401069518717,1,1,1,11,17,0.647058823529,17,11,1.54545454545,False,False,2,17,0.117647058824,1:15;2:1
CellTag_iEP_reprogramming,CellTag_iEP,r1,F042:CellTag_iEP_reprogramming:CellTag_iEP:r1:r1_MULTI_3_12_21:fateBreadth,r1_MULTI_3_12_21,fateBreadth,IBIP20:r1:MULTI:2:orderedHistory,IBIP-20,orderedHistory,MULTI,D3-D12,17,17,True,True,True,True,exactFrozenMaps,616f298f8461e6fc6ac23cbee8fdd1d2fd883d715ba4aa83b520bf411c845919,,IBIP20_temporal_random_fiber_controls,17,136,3,88,17,0,0,1,1,1,1,1,1,0,1,0,,,undefinedInjective,11,17,0.647058823529,,,undefinedInjective,True,False,0,1,0,1:17
CellTag_iEP_reprogramming,CellTag_iEP,r1,F042:CellTag_iEP_reprogramming:CellTag_iEP:r1:r1_MULTI_3_12_21:fateBreadth,r1_MULTI_3_12_21,fateBreadth,IBIP20:r1:MULTI:2:unorderedHistory,IBIP-20,unorderedHistory,MULTI,D3-D12,17,17,True,True,True,True,exactFrozenMaps,93f5de536d59653c5a8003a3b455386bf3b52f0c56330f89741a98e3805b5c13,,IBIP20_temporal_random_fiber_controls,17,136,3,88,17,0,0,1,1,1,1,1,1,0,1,0,,,undefinedInjective,11,17,0.647058823529,,,undefinedInjective,True,False,0,1,0,1:17
CellTag_iEP_reprogramming,CellTag_iEP,r1,F042:CellTag_iEP_reprogramming:CellTag_iEP:r1:r1_MULTI_3_12_21:fateBreadth,r1_MULTI_3_12_21,fateBreadth,IBIP20:r1:MULTI:2:reversedHistory,IBIP-20,reversedHistory,MULTI,D3-D12,17,17,True,True,True,True,exactFrozenMaps,289a20918196bbdd2a07acb54a8ec82d6b84016920bd9a564b87d64dd418b247,,IBIP20_temporal_random_fiber_controls,17,136,3,88,17,0,0,1,1,1,1,1,1,0,1,0,,,undefinedInjective,11,17,0.647058823529,,,undefinedInjective,True,False,0,1,0,1:17
CellTag_iEP_reprogramming,CellTag_iEP,r1,F042:CellTag_iEP_reprogramming:CellTag_iEP:r1:r1_MULTI_3_12_21:fateBreadth,r1_MULTI_3_12_21,fateBreadth,IBIP20:r1:MULTI:2:transitionSignature,IBIP-20,transitionSignature,MULTI,D3-D12,17,17,True,True,True,True,exactFrozenMaps,4a79941be53d0119bcfeff9e36e03ef1acc381b3e553791cc3bb1b94851a1f20,,IBIP20_temporal_random_fiber_controls,17,136,3,88,17,0,0,1,1,1,1,1,1,0,1,0,,,undefinedInjective,11,17,0.647058823529,,,undefinedInjective,True,False,0,1,0,1:17
CellTag_iEP_reprogramming,CellTag_iEP,r1,F042:CellTag_iEP_reprogramming:CellTag_iEP:r1:r1_MULTI_3_12_21:fateBreadth,r1_MULTI_3_12_21,fateBreadth,IBIP20:r1:MULTI:4:snapshotDay3,IBIP-20,snapshotDay3,MULTI,D3-D12,17,17,True,True,True,True,exactFrozenMaps,ed01ce32b95375ef01b2dc57a6f15d3c06c86782c829caa122a682236e80be9a,,IBIP20_temporal_random_fiber_controls,17,136,3,88,17,0,0,1,1,1,1,1,1,0,1,0,,,undefinedInjective,11,17,0.647058823529,,,undefinedInjective,True,False,0,1,0,1:17
CellTag_iEP_reprogramming,CellTag_iEP,r1,F042:CellTag_iEP_reprogramming:CellTag_iEP:r1:r1_MULTI_3_12_21:fateBreadth,r1_MULTI_3_12_21,fateBreadth,IBIP20:r1:MULTI:4:day12State,IBIP-20,day12State,MULTI,D3-D12,17,16,False,False,True,True,exactFrozenMaps,ffce051695fa0e9ca92a8837b97f5b0db4fed9e24b799ffc92a40e9a575266c9,,IBIP20_temporal_random_fiber_controls,17,136,3,88,16,1,1,135,136,0.992647058824,87,88,0.988636363636,-3,748,-0.00401069518717,1,1,1,11,17,0.647058823529,17,11,1.54545454545,False,False,2,17,0.117647058824,1:15;2:1
CellTag_iEP_reprogramming,CellTag_iEP,r1,F042:CellTag_iEP_reprogramming:CellTag_iEP:r1:r1_MULTI_3_12_21:fateBreadth,r1_MULTI_3_12_21,fateBreadth,IBIP20:r1:MULTI:4:orderedHistory,IBIP-20,orderedHistory,MULTI,D3-D12,17,17,True,True,True,True,exactFrozenMaps,35aec53d5b099be43f5786db2a72263867b77d6bf4013c44ae50e02d4cc25e29,,IBIP20_temporal_random_fiber_controls,17,136,3,88,17,0,0,1,1,1,1,1,1,0,1,0,,,undefinedInjective,11,17,0.647058823529,,,undefinedInjective,True,False,0,1,0,1:17
CellTag_iEP_reprogramming,CellTag_iEP,r1,F042:CellTag_iEP_reprogramming:CellTag_iEP:r1:r1_MULTI_3_12_21:fateBreadth,r1_MULTI_3_12_21,fateBreadth,IBIP20:r1:MULTI:4:unorderedHistory,IBIP-20,unorderedHistory,MULTI,D3-D12,17,17,True,True,True,True,exactFrozenMaps,539e5efb93b56e514998af8894279b9327d7563238f523754d2c555727f7c82e,,IBIP20_temporal_random_fiber_controls,17,136,3,88,17,0,0,1,1,1,1,1,1,0,1,0,,,undefinedInjective,11,17,0.647058823529,,,undefinedInjective,True,False,0,1,0,1:17
CellTag_iEP_reprogramming,CellTag_iEP,r1,F042:CellTag_iEP_reprogramming:CellTag_iEP:r1:r1_MULTI_3_12_21:fateBreadth,r1_MULTI_3_12_21,fateBreadth,IBIP20:r1:MULTI:4:reversedHistory,IBIP-20,reversedHistory,MULTI,D3-D12,17,17,True,True,True,True,exactFrozenMaps,9c97947391060ff3cedeb00809018d2402e899c3edd9383d482b0a14d07fb536,,IBIP20_temporal_random_fiber_controls,17,136,3,88,17,0,0,1,1,1,1,1,1,0,1,0,,,undefinedInjective,11,17,0.647058823529,,,undefinedInjective,True,False,0,1,0,1:17
CellTag_iEP_reprogramming,CellTag_iEP,r1,F042:CellTag_iEP_reprogramming:CellTag_iEP:r1:r1_MULTI_3_12_21:fateBreadth,r1_MULTI_3_12_21,fateBreadth,IBIP20:r1:MULTI:4:transitionSignature,IBIP-20,transitionSignature,MULTI,D3-D12,17,17,True,True,True,True,exactFrozenMaps,6f074e677d84fc82054eee06347bdc4f04662d7fd1a0a0be98bdbbe3fbb283c0,,IBIP20_temporal_random_fiber_controls,17,136,3,88,17,0,0,1,1,1,1,1,1,0,1,0,,,undefinedInjective,11,17,0.647058823529,,,undefinedInjective,True,False,0,1,0,1:17
CellTag_iEP_reprogramming,CellTag_iEP,r1,F042:CellTag_iEP_reprogramming:CellTag_iEP:r1:r1_MULTI_3_12_21:fateBreadth,r1_MULTI_3_12_21,fateBreadth,IBIP20:r1:MULTI:5:snapshotDay3,IBIP-20,snapshotDay3,MULTI,D3-D12,17,17,True,True,True,True,exactFrozenMaps,0d88bf1bfc4b8250a99dae848d1624f1443bd7ebf5b92ca6f5e03acde38d9565,,IBIP20_temporal_random_fiber_controls,17,136,3,88,17,0,0,1,1,1,1,1,1,0,1,0,,,undefinedInjective,11,17,0.647058823529,,,undefinedInjective,True,False,0,1,0,1:17
CellTag_iEP_reprogramming,CellTag_iEP,r1,F042:CellTag_iEP_reprogramming:CellTag_iEP:r1:r1_MULTI_3_12_21:fateBreadth,r1_MULTI_3_12_21,fateBreadth,IBIP20:r1:MULTI:5:day12State,IBIP-20,day12State,MULTI,D3-D12,17,17,True,True,True,True,exactFrozenMaps,a6d449c2489f158608566ddcb9099a1ccc8b068d77c8241c25dd66c665d4dead,,IBIP20_temporal_random_fiber_controls,17,136,3,88,17,0,0,1,1,1,1,1,1,0,1,0,,,undefinedInjective,11,17,0.647058823529,,,undefinedInjective,True,False,0,1,0,1:17
CellTag_iEP_reprogramming,CellTag_iEP,r1,F042:CellTag_iEP_reprogramming:CellTag_iEP:r1:r1_MULTI_3_12_21:fateBreadth,r1_MULTI_3_12_21,fateBreadth,IBIP20:r1:MULTI:5:orderedHistory,IBIP-20,orderedHistory,MULTI,D3-D12,17,17,True,True,True,True,exactFrozenMaps,62c51f14a2b50da42cb79a1185de81f726db19f010ac8687cd1774893f2b90fc,,IBIP20_temporal_random_fiber_controls,17,136,3,88,17,0,0,1,1,1,1,1,1,0,1,0,,,undefinedInjective,11,17,0.647058823529,,,undefinedInjective,True,False,0,1,0,1:17
CellTag_iEP_reprogramming,CellTag_iEP,r1,F042:CellTag_iEP_reprogramming:CellTag_iEP:r1:r1_MULTI_3_12_21:fateBreadth,r1_MULTI_3_12_21,fateBreadth,IBIP20:r1:MULTI:5:unorderedHistory,IBIP-20,unorderedHistory,MULTI,D3-D12,17,17,True,True,True,True,exactFrozenMaps,6ce6380dadef81532062151dea78297b3f86555eb0594f0ccd6600ab792323df,,IBIP20_temporal_random_fiber_controls,17,136,3,88,17,0,0,1,1,1,1,1,1,0,1,0,,,undefinedInjective,11,17,0.647058823529,,,undefinedInjective,True,False,0,1,0,1:17
CellTag_iEP_reprogramming,CellTag_iEP,r1,F042:CellTag_iEP_reprogramming:CellTag_iEP:r1:r1_MULTI_3_12_21:fateBreadth,r1_MULTI_3_12_21,fateBreadth,IBIP20:r1:MULTI:5:reversedHistory,IBIP-20,reversedHistory,MULTI,D3-D12,17,17,True,True,True,True,exactFrozenMaps,5349bc57116fe1a793f6e917bdc097232007b22715c88769de9ae6034fe342f1,,IBIP20_temporal_random_fiber_controls,17,136,3,88,17,0,0,1,1,1,1,1,1,0,1,0,,,undefinedInjective,11,17,0.647058823529,,,undefinedInjective,True,False,0,1,0,1:17
CellTag_iEP_reprogramming,CellTag_iEP,r1,F042:CellTag_iEP_reprogramming:CellTag_iEP:r1:r1_MULTI_3_12_21:fateBreadth,r1_MULTI_3_12_21,fateBreadth,IBIP20:r1:MULTI:5:transitionSignature,IBIP-20,transitionSignature,MULTI,D3-D12,17,17,True,True,True,True,exactFrozenMaps,38c076d01e9797364fbea9b1e602d5d48a4f2fa19b7ba569a2fc873da2fe3d85,,IBIP20_temporal_random_fiber_controls,17,136,3,88,17,0,0,1,1,1,1,1,1,0,1,0,,,undefinedInjective,11,17,0.647058823529,,,undefinedInjective,True,False,0,1,0,1:17
CellTag_iEP_reprogramming,CellTag_iEP,r2,F043:CellTag_iEP_reprogramming:CellTag_iEP:r2:r2_RNA_3_12_21:fineDay21Fate,r2_RNA_3_12_21,fineDay21Fate,IBIP20:r2:RNA:0:snapshotDay3,IBIP-20,snapshotDay3,RNA,D3-D12,159,1,False,False,True,True,exactFrozenMaps,53f905de6c4301b4050a5f79367e0dd29164e815faf6c4817495a07d8be39cc3,,IBIP20_temporal_random_fiber_controls,159,12561,49,10602,1,12561,10602,0,1,0,0,1,0,0,1,0,3534,4187,0.844041079532,3534,4187,0.844041079532,1,1,1,False,False,1,1,1,159:1
CellTag_iEP_reprogramming,CellTag_iEP,r2,F043:CellTag_iEP_reprogramming:CellTag_iEP:r2:r2_RNA_3_12_21:fineDay21Fate,r2_RNA_3_12_21,fineDay21Fate,IBIP20:r2:RNA:0:day12State,IBIP-20,day12State,RNA,D3-D12,159,1,False,False,True,True,exactFrozenMaps,53f905de6c4301b4050a5f79367e0dd29164e815faf6c4817495a07d8be39cc3,IBIP20:r2:RNA:0:snapshotDay3,IBIP20_temporal_random_fiber_controls,159,12561,49,10602,1,12561,10602,0,1,0,0,1,0,0,1,0,3534,4187,0.844041079532,3534,4187,0.844041079532,1,1,1,False,False,1,1,1,159:1
CellTag_iEP_reprogramming,CellTag_iEP,r2,F043:CellTag_iEP_reprogramming:CellTag_iEP:r2:r2_RNA_3_12_21:fineDay21Fate,r2_RNA_3_12_21,fineDay21Fate,IBIP20:r2:RNA:0:orderedHistory,IBIP-20,orderedHistory,RNA,D3-D12,159,1,False,False,True,True,exactFrozenMaps,6b85d5af43ed167427541b7d2b8549a54c7c68ca8d2176c3ef013fd1db547296,,IBIP20_temporal_random_fiber_controls,159,12561,49,10602,1,12561,10602,0,1,0,0,1,0,0,1,0,3534,4187,0.844041079532,3534,4187,0.844041079532,1,1,1,False,False,1,1,1,159:1
CellTag_iEP_reprogramming,CellTag_iEP,r2,F043:CellTag_iEP_reprogramming:CellTag_iEP:r2:r2_RNA_3_12_21:fineDay21Fate,r2_RNA_3_12_21,fineDay21Fate,IBIP20:r2:RNA:0:unorderedHistory,IBIP-20,unorderedHistory,RNA,D3-D12,159,1,False,False,True,True,exactFrozenMaps,6b85d5af43ed167427541b7d2b8549a54c7c68ca8d2176c3ef013fd1db547296,IBIP20:r2:RNA:0:orderedHistory,IBIP20_temporal_random_fiber_controls,159,12561,49,10602,1,12561,10602,0,1,0,0,1,0,0,1,0,3534,4187,0.844041079532,3534,4187,0.844041079532,1,1,1,False,False,1,1,1,159:1
CellTag_iEP_reprogramming,CellTag_iEP,r2,F043:CellTag_iEP_reprogramming:CellTag_iEP:r2:r2_RNA_3_12_21:fineDay21Fate,r2_RNA_3_12_21,fineDay21Fate,IBIP20:r2:RNA:0:reversedHistory,IBIP-20,reversedHistory,RNA,D3-D12,159,1,False,False,True,True,exactFrozenMaps,6b85d5af43ed167427541b7d2b8549a54c7c68ca8d2176c3ef013fd1db547296,IBIP20:r2:RNA:0:orderedHistory,IBIP20_temporal_random_fiber_controls,159,12561,49,10602,1,12561,10602,0,1,0,0,1,0,0,1,0,3534,4187,0.844041079532,3534,4187,0.844041079532,1,1,1,False,False,1,1,1,159:1
CellTag_iEP_reprogramming,CellTag_iEP,r2,F043:CellTag_iEP_reprogramming:CellTag_iEP:r2:r2_RNA_3_12_21:fineDay21Fate,r2_RNA_3_12_21,fineDay21Fate,IBIP20:r2:RNA:0:transitionSignature,IBIP-20,transitionSignature,RNA,D3-D12,159,1,False,False,True,True,exactFrozenMaps,53f905de6c4301b4050a5f79367e0dd29164e815faf6c4817495a07d8be39cc3,IBIP20:r2:RNA:0:snapshotDay3,IBIP20_temporal_random_fiber_controls,159,12561,49,10602,1,12561,10602,0,1,0,0,1,0,0,1,0,3534,4187,0.844041079532,3534,4187,0.844041079532,1,1,1,False,False,1,1,1,159:1
CellTag_iEP_reprogramming,CellTag_iEP,r2,F043:CellTag_iEP_reprogramming:CellTag_iEP:r2:r2_RNA_3_12_21:fineDay21Fate,r2_RNA_3_12_21,fineDay21Fate,IBIP20:r2:RNA:1:snapshotDay3,IBIP-20,snapshotDay3,RNA,D3-D12,159,15,False,False,True,True,exactFrozenMaps,ef5b8ae0719f0d6649a60d361e80440dab6da2d1283ccfb167c1218e3d3eed8f,,IBIP20_temporal_random_fiber_controls,159,12561,49,10602,15,1362,1147,3733,4187,0.891569142584,305,342,0.891812865497,349,1431954,0.000243722912887,1147,1362,0.842143906021,3534,4187,0.844041079532,154919,155268,0.997752273488,False,False,157,159,0.987421383648,1:2;2:3;3:1;5:1;9:1;11:1;15:1;18:1;19:1;21:2;29:1
CellTag_iEP_reprogramming,CellTag_iEP,r2,F043:CellTag_iEP_reprogramming:CellTag_iEP:r2:r2_RNA_3_12_21:fineDay21Fate,r2_RNA_3_12_21,fineDay21Fate,IBIP20:r2:RNA:1:day12State,IBIP-20,day12State,RNA,D3-D12,159,7,False,False,True,True,exactFrozenMaps,d6012400e088187d68607500a545530f058e7788af631e234837fb370496c4bc,,IBIP20_temporal_random_fiber_controls,159,12561,49,10602,7,7547,6477,5014,12561,0.399172040443,1375,3534,0.389077532541,-49789,4932286,-0.0100945079016,6477,7547,0.858221809991,3534,4187,0.844041079532,9039733,8890366,1.01680099559,False,False,52,53,0.981132075472,1:3;2:1;11:1;22:1;121:1
CellTag_iEP_reprogramming,CellTag_iEP,r2,F043:CellTag_iEP_reprogramming:CellTag_iEP:r2:r2_RNA_3_12_21:fineDay21Fate,r2_RNA_3_12_21,fineDay21Fate,IBIP20:r2:RNA:1:orderedHistory,IBIP-20,orderedHistory,RNA,D3-D12,159,35,False,False,True,True,exactFrozenMaps,35b82a95bf84a99f88d1f144cf66b841cf2af3c78cdd11b69571bbdfc4eb19e5,,IBIP20_temporal_random_fiber_controls,159,12561,49,10602,35,764,653,11797,12561,0.939176817132,9949,10602,0.938407847576,-34135,44390574,-0.000768969556465,653,764,0.854712041885,3534,4187,0.844041079532,2734111,2699976,1.01264270497,False,False,48,53,0.905660377358,1:15;2:4;3:4;4:2;5:2;7:1;9:1;12:1;13:2;14:1;17:1;21:1
CellTag_iEP_reprogramming,CellTag_iEP,r2,F043:CellTag_iEP_reprogramming:CellTag_iEP:r2:r2_RNA_3_12_21:fineDay21Fate,r2_RNA_3_12_21,fineDay21Fate,IBIP20:r2:RNA:1:unorderedHistory,IBIP-20,unorderedHistory,RNA,D3-D12,159,32,False,False,True,True,exactFrozenMaps,38e76d37762fb59213526bfed90ea8c18370f200ea5fb9268f50d8dff0193d92,,IBIP20_temporal_random_fiber_controls,159,12561,49,10602,32,844,723,11717,12561,0.93280789746,3293,3534,0.931805319751,-4945,4932286,-0.0010025777094,723,844,0.85663507109,3534,4187,0.844041079532,1009067,994232,1.0149210647,False,False,146,159,0.918238993711,1:13;2:3;3:5;4:2;5:1;7:1;9:1;12:1;14:2;17:1;18:1;21:1
CellTag_iEP_reprogramming,CellTag_iEP,r2,F043:CellTag_iEP_reprogramming:CellTag_iEP:r2:r2_RNA_3_12_21:fineDay21Fate,r2_RNA_3_12_21,fineDay21Fate,IBIP20:r2:RNA:1:reversedHistory,IBIP-20,reversedHistory,RNA,D3-D12,159,35,False,False,True,True,exactFrozenMaps,1e6d6c65ffe8487f5c21d342e4a6918770b93abcf09c79b9c3b42cf394a6446d,,IBIP20_temporal_random_fiber_controls,159,12561,49,10602,35,764,653,11797,12561,0.939176817132,9949,10602,0.938407847576,-34135,44390574,-0.000768969556465,653,764,0.854712041885,3534,4187,0.844041079532,2734111,2699976,1.01264270497,False,False,48,53,0.905660377358,1:15;2:4;3:4;4:2;5:2;7:1;9:1;12:1;13:2;14:1;17:1;21:1
CellTag_iEP_reprogramming,CellTag_iEP,r2,F043:CellTag_iEP_reprogramming:CellTag_iEP:r2:r2_RNA_3_12_21:fineDay21Fate,r2_RNA_3_12_21,fineDay21Fate,IBIP20:r2:RNA:1:transitionSignature,IBIP-20,transitionSignature,RNA,D3-D12,159,23,False,False,True,True,exactFrozenMaps,9650f8a3fa7092ee137878d7a418e28a33b99a56a9852b007339411252dd1e3e,,IBIP20_temporal_random_fiber_controls,159,12561,49,10602,23,964,820,11597,12561,0.923254517952,4891,5301,0.922656102622,-13282,22195287,-0.000598415330246,205,241,0.850622406639,3534,4187,0.844041079532,858335,851694,1.00779740141,False,False,151,159,0.949685534591,1:8;2:1;3:2;5:1;6:2;7:1;10:1;11:1;12:1;14:2;17:2;24:1
CellTag_iEP_reprogramming,CellTag_iEP,r2,F043:CellTag_iEP_reprogramming:CellTag_iEP:r2:r2_RNA_3_12_21:fineDay21Fate,r2_RNA_3_12_21,fineDay21Fate,IBIP20:r2:RNA:2:snapshotDay3,IBIP-20,snapshotDay3,RNA,D3-D12,159,68,False,False,True,True,exactFrozenMaps,689a088f4d415862833b66a63e1f2b580eadb1e30a7b034f68ea5f5a44e811c8,,IBIP20_temporal_random_fiber_controls,159,12561,49,10602,68,287,240,12274,12561,0.977151500677,1727,1767,0.977362761743,521,2466143,0.00021126106637,240,287,0.836236933798,3534,4187,0.844041079532,167480,169043,0.990753831865,False,False,122,159,0.767295597484,1:37;2:13;3:6;4:3;5:3;6:2;8:1;9:2;13:1
CellTag_iEP_reprogramming,CellTag_iEP,r2,F043:CellTag_iEP_reprogramming:CellTag_iEP:r2:r2_RNA_3_12_21:fineDay21Fate,r2_RNA_3_12_21,fineDay21Fate,IBIP20:r2:RNA:2:day12State,IBIP-20,day12State,RNA,D3-D12,159,26,False,False,True,True,exactFrozenMaps,ad967538593f10787ec3fd7295eb41dbf3132b493461542d45d360dd02d33129,,IBIP20_temporal_random_fiber_controls,159,12561,49,10602,26,3989,3567,8572,12561,0.682429742855,2345,3534,0.663554046406,-279301,14796858,-0.0188756964485,3567,3989,0.894209074956,3534,4187,0.844041079532,4978343,4699042,1.05943785989,False,False,145,159,0.911949685535,1:14;2:3;3:1;4:1;6:3;7:1;8:1;11:1;88:1
CellTag_iEP_reprogramming,CellTag_iEP,r2,F043:CellTag_iEP_reprogramming:CellTag_iEP:r2:r2_RNA_3_12_21:fineDay21Fate,r2_RNA_3_12_21,fineDay21Fate,IBIP20:r2:RNA:2:orderedHistory,IBIP-20,orderedHistory,RNA,D3-D12,159,114,False,False,True,True,exactFrozenMaps,29e193c416385d80b5b77b7785be7e21f69a4ec402f1d093ec53853fbbf3ec0a,,IBIP20_temporal_random_fiber_controls,159,12561,49,10602,114,87,80,4158,4187,0.993073799857,5261,5301,0.992454253914,-13751,22195287,-0.000619545942344,80,87,0.919540229885,3534,4187,0.844041079532,167480,153729,1.08944961588,False,False,22,53,0.415094339623,1:93;2:10;3:3;4:3;5:5
CellTag_iEP_reprogramming,CellTag_iEP,r2,F043:CellTag_iEP_reprogramming:CellTag_iEP:r2:r2_RNA_3_12_21:fineDay21Fate,r2_RNA_3_12_21,fineDay21Fate,IBIP20:r2:RNA:2:unorderedHistory,IBIP-20,unorderedHistory,RNA,D3-D12,159,111,False,False,True,True,exactFrozenMaps,978afe7d92a6c598cde671e8f14834c703191e8134a9c71650f8dec973f7821d,,IBIP20_temporal_random_fiber_controls,159,12561,49,10602,111,92,83,12469,12561,0.992675742377,10519,10602,0.992171288436,-22393,44390574,-0.000504453941055,83,92,0.902173913043,3534,4187,0.844041079532,347521,325128,1.06887441254,False,False,70,159,0.440251572327,1:89;2:9;3:5;4:3;5:5
CellTag_iEP_reprogramming,CellTag_iEP,r2,F043:CellTag_iEP_reprogramming:CellTag_iEP:r2:r2_RNA_3_12_21:fineDay21Fate,r2_RNA_3_12_21,fineDay21Fate,IBIP20:r2:RNA:2:reversedHistory,IBIP-20,reversedHistory,RNA,D3-D12,159,114,False,False,True,True,exactFrozenMaps,c69ae1aa367dc492a060fd0b96d63811786c5aa708710b545edad1bf8e97cf9e,,IBIP20_temporal_random_fiber_controls,159,12561,49,10602,114,87,80,4158,4187,0.993073799857,5261,5301,0.992454253914,-13751,22195287,-0.000619545942344,80,87,0.919540229885,3534,4187,0.844041079532,167480,153729,1.08944961588,False,False,22,53,0.415094339623,1:93;2:10;3:3;4:3;5:5
CellTag_iEP_reprogramming,CellTag_iEP,r2,F043:CellTag_iEP_reprogramming:CellTag_iEP:r2:r2_RNA_3_12_21:fineDay21Fate,r2_RNA_3_12_21,fineDay21Fate,IBIP20:r2:RNA:2:transitionSignature,IBIP-20,transitionSignature,RNA,D3-D12,159,102,False,False,True,True,exactFrozenMaps,80e69a18c0f4e6ed71b100264e04cc36e34cd7e7636dcf5bb45193e9c6b33b65,,IBIP20_temporal_random_fiber_controls,159,12561,49,10602,102,111,100,4150,4187,0.991163123955,5251,5301,0.990567817393,-13213,22195287,-0.000595306562154,100,111,0.900900900901,3534,4187,0.844041079532,209350,196137,1.06736617772,False,False,28,53,0.528301886792,1:75;2:13;3:5;4:3;5:5;6:1
CellTag_iEP_reprogramming,CellTag_iEP,r2,F043:CellTag_iEP_reprogramming:CellTag_iEP:r2:r2_RNA_3_12_21:fineDay21Fate,r2_RNA_3_12_21,fineDay21Fate,IBIP20:r2:RNA:4:snapshotDay3,IBIP-20,snapshotDay3,RNA,D3-D12,159,125,False,False,True,True,exactFrozenMaps,9384b23a9045f6e4a7769835cad426ce1b9956f6fd4bc5dfc7b98663900145bd,,IBIP20_temporal_random_fiber_controls,159,12561,49,10602,125,54,45,4169,4187,0.995700979221,1173,1178,0.995755517827,269,4932286,5.45386054256e-05,5,6,0.833333333333,3534,4187,0.844041079532,20935,21204,0.987313714394,False,False,56,159,0.352201257862,1:103;2:15;3:4;4:2;6:1
CellTag_iEP_reprogramming,CellTag_iEP,r2,F043:CellTag_iEP_reprogramming:CellTag_iEP:r2:r2_RNA_3_12_21:fineDay21Fate,r2_RNA_3_12_21,fineDay21Fate,IBIP20:r2:RNA:4:day12State,IBIP-20,day12State,RNA,D3-D12,159,51,False,False,True,True,exactFrozenMaps,12c358624e5ada8bad204f16e8c6c0d550e11dc1058ce8ea79c7693aed6d2c2c,,IBIP20_temporal_random_fiber_controls,159,12561,49,10602,51,3074,2788,179,237,0.755274261603,3907,5301,0.737030748915,-7640,418779,-0.0182435126881,1394,1537,0.906961613533,3534,4187,0.844041079532,55063,51243,1.07454676736,False,False,122,159,0.767295597484,1:37;2:7;4:3;5:1;6:1;7:1;78:1
CellTag_iEP_reprogramming,CellTag_iEP,r2,F043:CellTag_iEP_reprogramming:CellTag_iEP:r2:r2_RNA_3_12_21:fineDay21Fate,r2_RNA_3_12_21,fineDay21Fate,IBIP20:r2:RNA:4:orderedHistory,IBIP-20,orderedHistory,RNA,D3-D12,159,152,False,False,True,True,exactFrozenMaps,b42cada238f658ba3cbff5891a5b4d0dfe906f18b9fe68440a4ed47913daa588,,IBIP20_temporal_random_fiber_controls,159,12561,49,10602,152,8,8,12553,12561,0.999363108033,5297,5301,0.999245425391,-2612,22195287,-0.000117682641364,1,1,1,3534,4187,0.844041079532,4187,3534,1.18477645727,False,False,13,159,0.0817610062893,1:146;2:5;3:1
CellTag_iEP_reprogramming,CellTag_iEP,r2,F043:CellTag_iEP_reprogramming:CellTag_iEP:r2:r2_RNA_3_12_21:fineDay21Fate,r2_RNA_3_12_21,fineDay21Fate,IBIP20:r2:RNA:4:unorderedHistory,IBIP-20,unorderedHistory,RNA,D3-D12,159,151,False,False,True,True,exactFrozenMaps,b83b36fb6df30ab8e737c31cd28b402ffab961a7d5e316971492db9bbfa6f347,,IBIP20_temporal_random_fiber_controls,159,12561,49,10602,151,9,9,4184,4187,0.999283496537,1177,1178,0.999151103565,-653,4932286,-0.000132392971535,1,1,1,3534,4187,0.844041079532,4187,3534,1.18477645727,False,False,5,53,0.0943396226415,1:144;2:6;3:1
CellTag_iEP_reprogramming,CellTag_iEP,r2,F043:CellTag_iEP_reprogramming:CellTag_iEP:r2:r2_RNA_3_12_21:fineDay21Fate,r2_RNA_3_12_21,fineDay21Fate,IBIP20:r2:RNA:4:reversedHistory,IBIP-20,reversedHistory,RNA,D3-D12,159,152,False,False,True,True,exactFrozenMaps,7f88d03e59c9ecd5ca672995831d689d0cd3e0ba2f02ff04d07702735d13cec5,,IBIP20_temporal_random_fiber_controls,159,12561,49,10602,152,8,8,12553,12561,0.999363108033,5297,5301,0.999245425391,-2612,22195287,-0.000117682641364,1,1,1,3534,4187,0.844041079532,4187,3534,1.18477645727,False,False,13,159,0.0817610062893,1:146;2:5;3:1
CellTag_iEP_reprogramming,CellTag_iEP,r2,F043:CellTag_iEP_reprogramming:CellTag_iEP:r2:r2_RNA_3_12_21:fineDay21Fate,r2_RNA_3_12_21,fineDay21Fate,IBIP20:r2:RNA:4:transitionSignature,IBIP-20,transitionSignature,RNA,D3-D12,159,150,False,False,True,True,exactFrozenMaps,598e67f3ab6df45bb50c2e5361df10b9de746f29f84e3a18183a112894949c2c,,IBIP20_temporal_random_fiber_controls,159,12561,49,10602,150,10,8,12551,12561,0.999203885041,5297,5301,0.999245425391,922,22195287,4.15403504357e-05,4,5,0.8,3534,4187,0.844041079532,8374,8835,0.947821165818,False,False,17,159,0.106918238994,1:142;2:7;3:1
CellTag_iEP_reprogramming,CellTag_iEP,r2,F043:CellTag_iEP_reprogramming:CellTag_iEP:r2:r2_RNA_3_12_21:fineDay21Fate,r2_RNA_3_12_21,fineDay21Fate,IBIP20:r2:RNA:5:snapshotDay3,IBIP-20,snapshotDay3,RNA,D3-D12,159,146,False,False,True,True,exactFrozenMaps,6fda52940c793fc5faecd1575062d8243545dbf768b5aab2b82163c70fa2adc6,,IBIP20_temporal_random_fiber_controls,159,12561,49,10602,146,20,16,12541,12561,0.998407770082,5293,5301,0.998490850783,1844,22195287,8.30807008713e-05,4,5,0.8,3534,4187,0.844041079532,8374,8835,0.947821165818,False,False,22,159,0.138364779874,1:137;2:7;3:1;5:1
CellTag_iEP_reprogramming,CellTag_iEP,r2,F043:CellTag_iEP_reprogramming:CellTag_iEP:r2:r2_RNA_3_12_21:fineDay21Fate,r2_RNA_3_12_21,fineDay21Fate,IBIP20:r2:RNA:5:day12State,IBIP-20,day12State,RNA,D3-D12,159,129,False,False,True,True,exactFrozenMaps,0adb35284a57f0c957f7701d71d0ef691b9d1b64c5308251553a7d4a4e27e61b,,IBIP20_temporal_random_fiber_controls,159,12561,49,10602,129,174,130,4129,4187,0.986147599713,5236,5301,0.987738162611,35303,22195287,0.00159056289743,65,87,0.747126436782,3534,4187,0.844041079532,272155,307458,0.885177812905,False,False,13,53,0.245283018868,1:120;2:5;3:2;5:1;18:1
CellTag_iEP_reprogramming,CellTag_iEP,r2,F043:CellTag_iEP_reprogramming:CellTag_iEP:r2:r2_RNA_3_12_21:fineDay21Fate,r2_RNA_3_12_21,fineDay21Fate,IBIP20:r2:RNA:5:orderedHistory,IBIP-20,orderedHistory,RNA,D3-D12,159,159,True,True,True,True,exactFrozenMaps,b7c6bb1a6f49e0fe4cf4acb70aec8374cb4ba7d67de15f6f7e7b97617533e442,,IBIP20_temporal_random_fiber_controls,159,12561,49,10602,159,0,0,1,1,1,1,1,1,0,1,0,,,undefinedInjective,3534,4187,0.844041079532,,,undefinedInjective,True,False,0,1,0,1:159
CellTag_iEP_reprogramming,CellTag_iEP,r2,F043:CellTag_iEP_reprogramming:CellTag_iEP:r2:r2_RNA_3_12_21:fineDay21Fate,r2_RNA_3_12_21,fineDay21Fate,IBIP20:r2:RNA:5:unorderedHistory,IBIP-20,unorderedHistory,RNA,D3-D12,159,159,True,True,True,True,exactFrozenMaps,797329e8fcbc99131449e83bae156b1c2eb7d76a30f859b747a862819341a110,,IBIP20_temporal_random_fiber_controls,159,12561,49,10602,159,0,0,1,1,1,1,1,1,0,1,0,,,undefinedInjective,3534,4187,0.844041079532,,,undefinedInjective,True,False,0,1,0,1:159
CellTag_iEP_reprogramming,CellTag_iEP,r2,F043:CellTag_iEP_reprogramming:CellTag_iEP:r2:r2_RNA_3_12_21:fineDay21Fate,r2_RNA_3_12_21,fineDay21Fate,IBIP20:r2:RNA:5:reversedHistory,IBIP-20,reversedHistory,RNA,D3-D12,159,159,True,True,True,True,exactFrozenMaps,b43c5c348922abfe826ec5e5a296e72fad6bc28d220447c0ae8737a2b445655b,,IBIP20_temporal_random_fiber_controls,159,12561,49,10602,159,0,0,1,1,1,1,1,1,0,1,0,,,undefinedInjective,3534,4187,0.844041079532,,,undefinedInjective,True,False,0,1,0,1:159
CellTag_iEP_reprogramming,CellTag_iEP,r2,F043:CellTag_iEP_reprogramming:CellTag_iEP:r2:r2_RNA_3_12_21:fineDay21Fate,r2_RNA_3_12_21,fineDay21Fate,IBIP20:r2:RNA:5:transitionSignature,IBIP-20,transitionSignature,RNA,D3-D12,159,153,False,False,True,True,exactFrozenMaps,cac98849dfe56f2991c2d87e65662335cab647b6d0d8ee838d03221be2b3c837,,IBIP20_temporal_random_fiber_controls,159,12561,49,10602,153,7,6,12554,12561,0.999442719529,1766,1767,0.999434069044,-64,7398429,-8.65048512326e-06,6,7,0.857142857143,3534,4187,0.844041079532,4187,4123,1.01552267766,False,False,11,159,0.0691823899371,1:148;2:4;3:1
CellTag_iEP_reprogramming,CellTag_iEP,r2,F044:CellTag_iEP_reprogramming:CellTag_iEP:r2:r2_RNA_3_12_21:sourceGroupedDay21Fate,r2_RNA_3_12_21,sourceGroupedDay21Fate,IBIP20:r2:RNA:0:snapshotDay3,IBIP-20,snapshotDay3,RNA,D3-D12,159,1,False,False,True,True,exactFrozenMaps,53f905de6c4301b4050a5f79367e0dd29164e815faf6c4817495a07d8be39cc3,,IBIP20_temporal_random_fiber_controls,159,12561,27,7487,1,12561,7487,0,1,0,0,1,0,0,1,0,7487,12561,0.596051269803,7487,12561,0.596051269803,1,1,1,False,False,1,1,1,159:1
CellTag_iEP_reprogramming,CellTag_iEP,r2,F044:CellTag_iEP_reprogramming:CellTag_iEP:r2:r2_RNA_3_12_21:sourceGroupedDay21Fate,r2_RNA_3_12_21,sourceGroupedDay21Fate,IBIP20:r2:RNA:0:day12State,IBIP-20,day12State,RNA,D3-D12,159,1,False,False,True,True,exactFrozenMaps,53f905de6c4301b4050a5f79367e0dd29164e815faf6c4817495a07d8be39cc3,IBIP20:r2:RNA:0:snapshotDay3,IBIP20_temporal_random_fiber_controls,159,12561,27,7487,1,12561,7487,0,1,0,0,1,0,0,1,0,7487,12561,0.596051269803,7487,12561,0.596051269803,1,1,1,False,False,1,1,1,159:1
CellTag_iEP_reprogramming,CellTag_iEP,r2,F044:CellTag_iEP_reprogramming:CellTag_iEP:r2:r2_RNA_3_12_21:sourceGroupedDay21Fate,r2_RNA_3_12_21,sourceGroupedDay21Fate,IBIP20:r2:RNA:0:orderedHistory,IBIP-20,orderedHistory,RNA,D3-D12,159,1,False,False,True,True,exactFrozenMaps,6b85d5af43ed167427541b7d2b8549a54c7c68ca8d2176c3ef013fd1db547296,,IBIP20_temporal_random_fiber_controls,159,12561,27,7487,1,12561,7487,0,1,0,0,1,0,0,1,0,7487,12561,0.596051269803,7487,12561,0.596051269803,1,1,1,False,False,1,1,1,159:1
CellTag_iEP_reprogramming,CellTag_iEP,r2,F044:CellTag_iEP_reprogramming:CellTag_iEP:r2:r2_RNA_3_12_21:sourceGroupedDay21Fate,r2_RNA_3_12_21,sourceGroupedDay21Fate,IBIP20:r2:RNA:0:unorderedHistory,IBIP-20,unorderedHistory,RNA,D3-D12,159,1,False,False,True,True,exactFrozenMaps,6b85d5af43ed167427541b7d2b8549a54c7c68ca8d2176c3ef013fd1db547296,IBIP20:r2:RNA:0:orderedHistory,IBIP20_temporal_random_fiber_controls,159,12561,27,7487,1,12561,7487,0,1,0,0,1,0,0,1,0,7487,12561,0.596051269803,7487,12561,0.596051269803,1,1,1,False,False,1,1,1,159:1
CellTag_iEP_reprogramming,CellTag_iEP,r2,F044:CellTag_iEP_reprogramming:CellTag_iEP:r2:r2_RNA_3_12_21:sourceGroupedDay21Fate,r2_RNA_3_12_21,sourceGroupedDay21Fate,IBIP20:r2:RNA:0:reversedHistory,IBIP-20,reversedHistory,RNA,D3-D12,159,1,False,False,True,True,exactFrozenMaps,6b85d5af43ed167427541b7d2b8549a54c7c68ca8d2176c3ef013fd1db547296,IBIP20:r2:RNA:0:orderedHistory,IBIP20_temporal_random_fiber_controls,159,12561,27,7487,1,12561,7487,0,1,0,0,1,0,0,1,0,7487,12561,0.596051269803,7487,12561,0.596051269803,1,1,1,False,False,1,1,1,159:1
CellTag_iEP_reprogramming,CellTag_iEP,r2,F044:CellTag_iEP_reprogramming:CellTag_iEP:r2:r2_RNA_3_12_21:sourceGroupedDay21Fate,r2_RNA_3_12_21,sourceGroupedDay21Fate,IBIP20:r2:RNA:0:transitionSignature,IBIP-20,transitionSignature,RNA,D3-D12,159,1,False,False,True,True,exactFrozenMaps,53f905de6c4301b4050a5f79367e0dd29164e815faf6c4817495a07d8be39cc3,IBIP20:r2:RNA:0:snapshotDay3,IBIP20_temporal_random_fiber_controls,159,12561,27,7487,1,12561,7487,0,1,0,0,1,0,0,1,0,7487,12561,0.596051269803,7487,12561,0.596051269803,1,1,1,False,False,1,1,1,159:1
CellTag_iEP_reprogramming,CellTag_iEP,r2,F044:CellTag_iEP_reprogramming:CellTag_iEP:r2:r2_RNA_3_12_21:sourceGroupedDay21Fate,r2_RNA_3_12_21,sourceGroupedDay21Fate,IBIP20:r2:RNA:1:snapshotDay3,IBIP-20,snapshotDay3,RNA,D3-D12,159,15,False,False,True,True,exactFrozenMaps,ef5b8ae0719f0d6649a60d361e80440dab6da2d1283ccfb167c1218e3d3eed8f,,IBIP20_temporal_random_fiber_controls,159,12561,27,7487,15,1362,799,3733,4187,0.891569142584,6688,7487,0.89328168826,53685,31348069,0.00171254567546,799,1362,0.586637298091,7487,12561,0.596051269803,3345413,3399098,0.98420610409,False,False,157,159,0.987421383648,1:2;2:3;3:1;5:1;9:1;11:1;15:1;18:1;19:1;21:2;29:1
CellTag_iEP_reprogramming,CellTag_iEP,r2,F044:CellTag_iEP_reprogramming:CellTag_iEP:r2:r2_RNA_3_12_21:sourceGroupedDay21Fate,r2_RNA_3_12_21,sourceGroupedDay21Fate,IBIP20:r2:RNA:1:day12State,IBIP-20,day12State,RNA,D3-D12,159,7,False,False,True,True,exactFrozenMaps,d6012400e088187d68607500a545530f058e7788af631e234837fb370496c4bc,,IBIP20_temporal_random_fiber_controls,159,12561,27,7487,7,7547,4778,5014,12561,0.399172040443,2709,7487,0.36182716709,-3512069,94044207,-0.037344873353,4778,7547,0.633099244733,7487,12561,0.596051269803,60016458,56504389,1.06215568493,False,False,52,53,0.981132075472,1:3;2:1;11:1;22:1;121:1
CellTag_iEP_reprogramming,CellTag_iEP,r2,F044:CellTag_iEP_reprogramming:CellTag_iEP:r2:r2_RNA_3_12_21:sourceGroupedDay21Fate,r2_RNA_3_12_21,sourceGroupedDay21Fate,IBIP20:r2:RNA:1:orderedHistory,IBIP-20,orderedHistory,RNA,D3-D12,159,35,False,False,True,True,exactFrozenMaps,35b82a95bf84a99f88d1f144cf66b841cf2af3c78cdd11b69571bbdfc4eb19e5,,IBIP20_temporal_random_fiber_controls,159,12561,27,7487,35,764,467,11797,12561,0.939176817132,7020,7487,0.937625217043,-145919,94044207,-0.00155160008952,467,764,0.611256544503,7487,12561,0.596051269803,5865987,5720068,1.02551001142,False,False,48,53,0.905660377358,1:15;2:4;3:4;4:2;5:2;7:1;9:1;12:1;13:2;14:1;17:1;21:1
CellTag_iEP_reprogramming,CellTag_iEP,r2,F044:CellTag_iEP_reprogramming:CellTag_iEP:r2:r2_RNA_3_12_21:sourceGroupedDay21Fate,r2_RNA_3_12_21,sourceGroupedDay21Fate,IBIP20:r2:RNA:1:unorderedHistory,IBIP-20,unorderedHistory,RNA,D3-D12,159,32,False,False,True,True,exactFrozenMaps,38e76d37762fb59213526bfed90ea8c18370f200ea5fb9268f50d8dff0193d92,,IBIP20_temporal_random_fiber_controls,159,12561,27,7487,32,844,499,11717,12561,0.93280789746,6988,7487,0.933351141979,51089,94044207,0.000543244519038,499,844,0.591232227488,7487,12561,0.596051269803,6267939,6319028,0.991915054024,False,False,146,159,0.918238993711,1:13;2:3;3:5;4:2;5:1;7:1;9:1;12:1;14:2;17:1;18:1;21:1
CellTag_iEP_reprogramming,CellTag_iEP,r2,F044:CellTag_iEP_reprogramming:CellTag_iEP:r2:r2_RNA_3_12_21:sourceGroupedDay21Fate,r2_RNA_3_12_21,sourceGroupedDay21Fate,IBIP20:r2:RNA:1:reversedHistory,IBIP-20,reversedHistory,RNA,D3-D12,159,35,False,False,True,True,exactFrozenMaps,1e6d6c65ffe8487f5c21d342e4a6918770b93abcf09c79b9c3b42cf394a6446d,,IBIP20_temporal_random_fiber_controls,159,12561,27,7487,35,764,467,11797,12561,0.939176817132,7020,7487,0.937625217043,-145919,94044207,-0.00155160008952,467,764,0.611256544503,7487,12561,0.596051269803,5865987,5720068,1.02551001142,False,False,48,53,0.905660377358,1:15;2:4;3:4;4:2;5:2;7:1;9:1;12:1;13:2;14:1;17:1;21:1
CellTag_iEP_reprogramming,CellTag_iEP,r2,F044:CellTag_iEP_reprogramming:CellTag_iEP:r2:r2_RNA_3_12_21:sourceGroupedDay21Fate,r2_RNA_3_12_21,sourceGroupedDay21Fate,IBIP20:r2:RNA:1:transitionSignature,IBIP-20,transitionSignature,RNA,D3-D12,159,23,False,False,True,True,exactFrozenMaps,9650f8a3fa7092ee137878d7a418e28a33b99a56a9852b007339411252dd1e3e,,IBIP20_temporal_random_fiber_controls,159,12561,27,7487,23,964,567,11597,12561,0.923254517952,6920,7487,0.92426873247,95381,94044207,0.00101421451722,567,964,0.588174273859,7487,12561,0.596051269803,7122087,7217468,0.986784700673,False,False,151,159,0.949685534591,1:8;2:1;3:2;5:1;6:2;7:1;10:1;11:1;12:1;14:2;17:2;24:1
CellTag_iEP_reprogramming,CellTag_iEP,r2,F044:CellTag_iEP_reprogramming:CellTag_iEP:r2:r2_RNA_3_12_21:sourceGroupedDay21Fate,r2_RNA_3_12_21,sourceGroupedDay21Fate,IBIP20:r2:RNA:2:snapshotDay3,IBIP-20,snapshotDay3,RNA,D3-D12,159,68,False,False,True,True,exactFrozenMaps,689a088f4d415862833b66a63e1f2b580eadb1e30a7b034f68ea5f5a44e811c8,,IBIP20_temporal_random_fiber_controls,159,12561,27,7487,68,287,167,12274,12561,0.977151500677,7320,7487,0.977694670763,51082,94044207,0.000543170085958,167,287,0.581881533101,7487,12561,0.596051269803,2097687,2148769,0.976227318991,False,False,122,159,0.767295597484,1:37;2:13;3:6;4:3;5:3;6:2;8:1;9:2;13:1
CellTag_iEP_reprogramming,CellTag_iEP,r2,F044:CellTag_iEP_reprogramming:CellTag_iEP:r2:r2_RNA_3_12_21:sourceGroupedDay21Fate,r2_RNA_3_12_21,sourceGroupedDay21Fate,IBIP20:r2:RNA:2:day12State,IBIP-20,day12State,RNA,D3-D12,159,26,False,False,True,True,exactFrozenMaps,ad967538593f10787ec3fd7295eb41dbf3132b493461542d45d360dd02d33129,,IBIP20_temporal_random_fiber_controls,159,12561,27,7487,26,3989,2788,8572,12561,0.682429742855,4699,7487,0.627621210098,-5154425,94044207,-0.0548085327574,2788,3989,0.698922035598,7487,12561,0.596051269803,35020068,29865643,1.17258710954,False,False,145,159,0.911949685535,1:14;2:3;3:1;4:1;6:3;7:1;8:1;11:1;88:1
CellTag_iEP_reprogramming,CellTag_iEP,r2,F044:CellTag_iEP_reprogramming:CellTag_iEP:r2:r2_RNA_3_12_21:sourceGroupedDay21Fate,r2_RNA_3_12_21,sourceGroupedDay21Fate,IBIP20:r2:RNA:2:orderedHistory,IBIP-20,orderedHistory,RNA,D3-D12,159,114,False,False,True,True,exactFrozenMaps,29e193c416385d80b5b77b7785be7e21f69a4ec402f1d093ec53853fbbf3ec0a,,IBIP20_temporal_random_fiber_controls,159,12561,27,7487,114,87,60,4158,4187,0.993073799857,7427,7487,0.991986109256,-34097,31348069,-0.00108769060066,20,29,0.689655172414,7487,12561,0.596051269803,251220,217123,1.15704001879,False,False,22,53,0.415094339623,1:93;2:10;3:3;4:3;5:5
CellTag_iEP_reprogramming,CellTag_iEP,r2,F044:CellTag_iEP_reprogramming:CellTag_iEP:r2:r2_RNA_3_12_21:sourceGroupedDay21Fate,r2_RNA_3_12_21,sourceGroupedDay21Fate,IBIP20:r2:RNA:2:unorderedHistory,IBIP-20,unorderedHistory,RNA,D3-D12,159,111,False,False,True,True,exactFrozenMaps,978afe7d92a6c598cde671e8f14834c703191e8134a9c71650f8dec973f7821d,,IBIP20_temporal_random_fiber_controls,159,12561,27,7487,111,92,61,12469,12561,0.992675742377,7426,7487,0.99185254441,-77417,94044207,-0.000823197966888,61,92,0.663043478261,7487,12561,0.596051269803,766221,688804,1.11239336589,False,False,70,159,0.440251572327,1:89;2:9;3:5;4:3;5:5
CellTag_iEP_reprogramming,CellTag_iEP,r2,F044:CellTag_iEP_reprogramming:CellTag_iEP:r2:r2_RNA_3_12_21:sourceGroupedDay21Fate,r2_RNA_3_12_21,sourceGroupedDay21Fate,IBIP20:r2:RNA:2:reversedHistory,IBIP-20,reversedHistory,RNA,D3-D12,159,114,False,False,True,True,exactFrozenMaps,c69ae1aa367dc492a060fd0b96d63811786c5aa708710b545edad1bf8e97cf9e,,IBIP20_temporal_random_fiber_controls,159,12561,27,7487,114,87,60,4158,4187,0.993073799857,7427,7487,0.991986109256,-34097,31348069,-0.00108769060066,20,29,0.689655172414,7487,12561,0.596051269803,251220,217123,1.15704001879,False,False,22,53,0.415094339623,1:93;2:10;3:3;4:3;5:5
CellTag_iEP_reprogramming,CellTag_iEP,r2,F044:CellTag_iEP_reprogramming:CellTag_iEP:r2:r2_RNA_3_12_21:sourceGroupedDay21Fate,r2_RNA_3_12_21,sourceGroupedDay21Fate,IBIP20:r2:RNA:2:transitionSignature,IBIP-20,transitionSignature,RNA,D3-D12,159,102,False,False,True,True,exactFrozenMaps,80e69a18c0f4e6ed71b100264e04cc36e34cd7e7636dcf5bb45193e9c6b33b65,,IBIP20_temporal_random_fiber_controls,159,12561,27,7487,102,111,75,4150,4187,0.991163123955,7412,7487,0.98998263657,-37006,31348069,-0.00118048738504,25,37,0.675675675676,7487,12561,0.596051269803,314025,277019,1.1335865049,False,False,28,53,0.528301886792,1:75;2:13;3:5;4:3;5:5;6:1
CellTag_iEP_reprogramming,CellTag_iEP,r2,F044:CellTag_iEP_reprogramming:CellTag_iEP:r2:r2_RNA_3_12_21:sourceGroupedDay21Fate,r2_RNA_3_12_21,sourceGroupedDay21Fate,IBIP20:r2:RNA:4:snapshotDay3,IBIP-20,snapshotDay3,RNA,D3-D12,159,125,False,False,True,True,exactFrozenMaps,9384b23a9045f6e4a7769835cad426ce1b9956f6fd4bc5dfc7b98663900145bd,,IBIP20_temporal_random_fiber_controls,159,12561,27,7487,125,54,31,4169,4187,0.995700979221,7456,7487,0.995859489782,4969,31348069,0.00015851056089,31,54,0.574074074074,7487,12561,0.596051269803,129797,134766,0.963128682309,False,False,56,159,0.352201257862,1:103;2:15;3:4;4:2;6:1
CellTag_iEP_reprogramming,CellTag_iEP,r2,F044:CellTag_iEP_reprogramming:CellTag_iEP:r2:r2_RNA_3_12_21:sourceGroupedDay21Fate,r2_RNA_3_12_21,sourceGroupedDay21Fate,IBIP20:r2:RNA:4:day12State,IBIP-20,day12State,RNA,D3-D12,159,51,False,False,True,True,exactFrozenMaps,12c358624e5ada8bad204f16e8c6c0d550e11dc1058ce8ea79c7693aed6d2c2c,,IBIP20_temporal_random_fiber_controls,159,12561,27,7487,51,3074,2212,179,237,0.755274261603,5275,7487,0.704554561239,-89998,1774419,-0.0507197003639,1106,1537,0.719583604424,7487,12561,0.596051269803,262122,217123,1.20725118942,False,False,122,159,0.767295597484,1:37;2:7;4:3;5:1;6:1;7:1;78:1
CellTag_iEP_reprogramming,CellTag_iEP,r2,F044:CellTag_iEP_reprogramming:CellTag_iEP:r2:r2_RNA_3_12_21:sourceGroupedDay21Fate,r2_RNA_3_12_21,sourceGroupedDay21Fate,IBIP20:r2:RNA:4:orderedHistory,IBIP-20,orderedHistory,RNA,D3-D12,159,152,False,False,True,True,exactFrozenMaps,b42cada238f658ba3cbff5891a5b4d0dfe906f18b9fe68440a4ed47913daa588,,IBIP20_temporal_random_fiber_controls,159,12561,27,7487,152,8,6,12553,12561,0.999363108033,7481,7487,0.999198610926,-15470,94044207,-0.000164497107196,3,4,0.75,7487,12561,0.596051269803,37683,29948,1.25828102044,False,False,13,159,0.0817610062893,1:146;2:5;3:1
CellTag_iEP_reprogramming,CellTag_iEP,r2,F044:CellTag_iEP_reprogramming:CellTag_iEP:r2:r2_RNA_3_12_21:sourceGroupedDay21Fate,r2_RNA_3_12_21,sourceGroupedDay21Fate,IBIP20:r2:RNA:4:unorderedHistory,IBIP-20,unorderedHistory,RNA,D3-D12,159,151,False,False,True,True,exactFrozenMaps,b83b36fb6df30ab8e737c31cd28b402ffab961a7d5e316971492db9bbfa6f347,,IBIP20_temporal_random_fiber_controls,159,12561,27,7487,151,9,7,4184,4187,0.999283496537,7480,7487,0.99906504608,-6848,31348069,-0.000218450457028,7,9,0.777777777778,7487,12561,0.596051269803,29309,22461,1.30488402119,False,False,5,53,0.0943396226415,1:144;2:6;3:1
CellTag_iEP_reprogramming,CellTag_iEP,r2,F044:CellTag_iEP_reprogramming:CellTag_iEP:r2:r2_RNA_3_12_21:sourceGroupedDay21Fate,r2_RNA_3_12_21,sourceGroupedDay21Fate,IBIP20:r2:RNA:4:reversedHistory,IBIP-20,reversedHistory,RNA,D3-D12,159,152,False,False,True,True,exactFrozenMaps,7f88d03e59c9ecd5ca672995831d689d0cd3e0ba2f02ff04d07702735d13cec5,,IBIP20_temporal_random_fiber_controls,159,12561,27,7487,152,8,6,12553,12561,0.999363108033,7481,7487,0.999198610926,-15470,94044207,-0.000164497107196,3,4,0.75,7487,12561,0.596051269803,37683,29948,1.25828102044,False,False,13,159,0.0817610062893,1:146;2:5;3:1
CellTag_iEP_reprogramming,CellTag_iEP,r2,F044:CellTag_iEP_reprogramming:CellTag_iEP:r2:r2_RNA_3_12_21:sourceGroupedDay21Fate,r2_RNA_3_12_21,sourceGroupedDay21Fate,IBIP20:r2:RNA:4:transitionSignature,IBIP-20,transitionSignature,RNA,D3-D12,159,150,False,False,True,True,exactFrozenMaps,598e67f3ab6df45bb50c2e5361df10b9de746f29f84e3a18183a112894949c2c,,IBIP20_temporal_random_fiber_controls,159,12561,27,7487,150,10,6,12551,12561,0.999203885041,7481,7487,0.999198610926,-496,94044207,-5.27411539554e-06,3,5,0.6,7487,12561,0.596051269803,37683,37435,1.00662481635,False,False,17,159,0.106918238994,1:142;2:7;3:1
CellTag_iEP_reprogramming,CellTag_iEP,r2,F044:CellTag_iEP_reprogramming:CellTag_iEP:r2:r2_RNA_3_12_21:sourceGroupedDay21Fate,r2_RNA_3_12_21,sourceGroupedDay21Fate,IBIP20:r2:RNA:5:snapshotDay3,IBIP-20,snapshotDay3,RNA,D3-D12,159,146,False,False,True,True,exactFrozenMaps,6fda52940c793fc5faecd1575062d8243545dbf768b5aab2b82163c70fa2adc6,,IBIP20_temporal_random_fiber_controls,159,12561,27,7487,146,20,11,12541,12561,0.998407770082,7476,7487,0.998530786697,11569,94044207,0.000123016614942,11,20,0.55,7487,12561,0.596051269803,138171,149740,0.922739414986,False,False,22,159,0.138364779874,1:137;2:7;3:1;5:1
CellTag_iEP_reprogramming,CellTag_iEP,r2,F044:CellTag_iEP_reprogramming:CellTag_iEP:r2:r2_RNA_3_12_21:sourceGroupedDay21Fate,r2_RNA_3_12_21,sourceGroupedDay21Fate,IBIP20:r2:RNA:5:day12State,IBIP-20,day12State,RNA,D3-D12,159,129,False,False,True,True,exactFrozenMaps,0adb35284a57f0c957f7701d71d0ef691b9d1b64c5308251553a7d4a4e27e61b,,IBIP20_temporal_random_fiber_controls,159,12561,27,7487,129,174,99,4129,4187,0.986147599713,7388,7487,0.986777080272,19733,31348069,0.000629480559074,33,58,0.568965517241,7487,12561,0.596051269803,414513,434246,0.954558015503,False,False,13,53,0.245283018868,1:120;2:5;3:2;5:1;18:1
CellTag_iEP_reprogramming,CellTag_iEP,r2,F044:CellTag_iEP_reprogramming:CellTag_iEP:r2:r2_RNA_3_12_21:sourceGroupedDay21Fate,r2_RNA_3_12_21,sourceGroupedDay21Fate,IBIP20:r2:RNA:5:orderedHistory,IBIP-20,orderedHistory,RNA,D3-D12,159,159,True,True,True,True,exactFrozenMaps,b7c6bb1a6f49e0fe4cf4acb70aec8374cb4ba7d67de15f6f7e7b97617533e442,,IBIP20_temporal_random_fiber_controls,159,12561,27,7487,159,0,0,1,1,1,1,1,1,0,1,0,,,undefinedInjective,7487,12561,0.596051269803,,,undefinedInjective,True,False,0,1,0,1:159
CellTag_iEP_reprogramming,CellTag_iEP,r2,F044:CellTag_iEP_reprogramming:CellTag_iEP:r2:r2_RNA_3_12_21:sourceGroupedDay21Fate,r2_RNA_3_12_21,sourceGroupedDay21Fate,IBIP20:r2:RNA:5:unorderedHistory,IBIP-20,unorderedHistory,RNA,D3-D12,159,159,True,True,True,True,exactFrozenMaps,797329e8fcbc99131449e83bae156b1c2eb7d76a30f859b747a862819341a110,,IBIP20_temporal_random_fiber_controls,159,12561,27,7487,159,0,0,1,1,1,1,1,1,0,1,0,,,undefinedInjective,7487,12561,0.596051269803,,,undefinedInjective,True,False,0,1,0,1:159
CellTag_iEP_reprogramming,CellTag_iEP,r2,F044:CellTag_iEP_reprogramming:CellTag_iEP:r2:r2_RNA_3_12_21:sourceGroupedDay21Fate,r2_RNA_3_12_21,sourceGroupedDay21Fate,IBIP20:r2:RNA:5:reversedHistory,IBIP-20,reversedHistory,RNA,D3-D12,159,159,True,True,True,True,exactFrozenMaps,b43c5c348922abfe826ec5e5a296e72fad6bc28d220447c0ae8737a2b445655b,,IBIP20_temporal_random_fiber_controls,159,12561,27,7487,159,0,0,1,1,1,1,1,1,0,1,0,,,undefinedInjective,7487,12561,0.596051269803,,,undefinedInjective,True,False,0,1,0,1:159
CellTag_iEP_reprogramming,CellTag_iEP,r2,F044:CellTag_iEP_reprogramming:CellTag_iEP:r2:r2_RNA_3_12_21:sourceGroupedDay21Fate,r2_RNA_3_12_21,sourceGroupedDay21Fate,IBIP20:r2:RNA:5:transitionSignature,IBIP-20,transitionSignature,RNA,D3-D12,159,153,False,False,True,True,exactFrozenMaps,cac98849dfe56f2991c2d87e65662335cab647b6d0d8ee838d03221be2b3c837,,IBIP20_temporal_random_fiber_controls,159,12561,27,7487,153,7,5,12554,12561,0.999442719529,7482,7487,0.999332175771,-10396,94044207,-0.000110543757363,5,7,0.714285714286,7487,12561,0.596051269803,62805,52409,1.19836287661,False,False,11,159,0.0691823899371,1:148;2:4;3:1
CellTag_iEP_reprogramming,CellTag_iEP,r2,F045:CellTag_iEP_reprogramming:CellTag_iEP:r2:r2_RNA_3_12_21:majorityDay21Fate,r2_RNA_3_12_21,majorityDay21Fate,IBIP20:r2:RNA:0:snapshotDay3,IBIP-20,snapshotDay3,RNA,D3-D12,159,1,False,False,True,True,exactFrozenMaps,53f905de6c4301b4050a5f79367e0dd29164e815faf6c4817495a07d8be39cc3,,IBIP20_temporal_random_fiber_controls,159,12561,3,7803,1,12561,7803,0,1,0,0,1,0,0,1,0,2601,4187,0.621208502508,2601,4187,0.621208502508,1,1,1,False,False,1,1,1,159:1
CellTag_iEP_reprogramming,CellTag_iEP,r2,F045:CellTag_iEP_reprogramming:CellTag_iEP:r2:r2_RNA_3_12_21:majorityDay21Fate,r2_RNA_3_12_21,majorityDay21Fate,IBIP20:r2:RNA:0:day12State,IBIP-20,day12State,RNA,D3-D12,159,1,False,False,True,True,exactFrozenMaps,53f905de6c4301b4050a5f79367e0dd29164e815faf6c4817495a07d8be39cc3,IBIP20:r2:RNA:0:snapshotDay3,IBIP20_temporal_random_fiber_controls,159,12561,3,7803,1,12561,7803,0,1,0,0,1,0,0,1,0,2601,4187,0.621208502508,2601,4187,0.621208502508,1,1,1,False,False,1,1,1,159:1
CellTag_iEP_reprogramming,CellTag_iEP,r2,F045:CellTag_iEP_reprogramming:CellTag_iEP:r2:r2_RNA_3_12_21:majorityDay21Fate,r2_RNA_3_12_21,majorityDay21Fate,IBIP20:r2:RNA:0:orderedHistory,IBIP-20,orderedHistory,RNA,D3-D12,159,1,False,False,True,True,exactFrozenMaps,6b85d5af43ed167427541b7d2b8549a54c7c68ca8d2176c3ef013fd1db547296,,IBIP20_temporal_random_fiber_controls,159,12561,3,7803,1,12561,7803,0,1,0,0,1,0,0,1,0,2601,4187,0.621208502508,2601,4187,0.621208502508,1,1,1,False,False,1,1,1,159:1
CellTag_iEP_reprogramming,CellTag_iEP,r2,F045:CellTag_iEP_reprogramming:CellTag_iEP:r2:r2_RNA_3_12_21:majorityDay21Fate,r2_RNA_3_12_21,majorityDay21Fate,IBIP20:r2:RNA:0:unorderedHistory,IBIP-20,unorderedHistory,RNA,D3-D12,159,1,False,False,True,True,exactFrozenMaps,6b85d5af43ed167427541b7d2b8549a54c7c68ca8d2176c3ef013fd1db547296,IBIP20:r2:RNA:0:orderedHistory,IBIP20_temporal_random_fiber_controls,159,12561,3,7803,1,12561,7803,0,1,0,0,1,0,0,1,0,2601,4187,0.621208502508,2601,4187,0.621208502508,1,1,1,False,False,1,1,1,159:1
CellTag_iEP_reprogramming,CellTag_iEP,r2,F045:CellTag_iEP_reprogramming:CellTag_iEP:r2:r2_RNA_3_12_21:majorityDay21Fate,r2_RNA_3_12_21,majorityDay21Fate,IBIP20:r2:RNA:0:reversedHistory,IBIP-20,reversedHistory,RNA,D3-D12,159,1,False,False,True,True,exactFrozenMaps,6b85d5af43ed167427541b7d2b8549a54c7c68ca8d2176c3ef013fd1db547296,IBIP20:r2:RNA:0:orderedHistory,IBIP20_temporal_random_fiber_controls,159,12561,3,7803,1,12561,7803,0,1,0,0,1,0,0,1,0,2601,4187,0.621208502508,2601,4187,0.621208502508,1,1,1,False,False,1,1,1,159:1
CellTag_iEP_reprogramming,CellTag_iEP,r2,F045:CellTag_iEP_reprogramming:CellTag_iEP:r2:r2_RNA_3_12_21:majorityDay21Fate,r2_RNA_3_12_21,majorityDay21Fate,IBIP20:r2:RNA:0:transitionSignature,IBIP-20,transitionSignature,RNA,D3-D12,159,1,False,False,True,True,exactFrozenMaps,53f905de6c4301b4050a5f79367e0dd29164e815faf6c4817495a07d8be39cc3,IBIP20:r2:RNA:0:snapshotDay3,IBIP20_temporal_random_fiber_controls,159,12561,3,7803,1,12561,7803,0,1,0,0,1,0,0,1,0,2601,4187,0.621208502508,2601,4187,0.621208502508,1,1,1,False,False,1,1,1,159:1
CellTag_iEP_reprogramming,CellTag_iEP,r2,F045:CellTag_iEP_reprogramming:CellTag_iEP:r2:r2_RNA_3_12_21:majorityDay21Fate,r2_RNA_3_12_21,majorityDay21Fate,IBIP20:r2:RNA:1:snapshotDay3,IBIP-20,snapshotDay3,RNA,D3-D12,159,15,False,False,True,True,exactFrozenMaps,ef5b8ae0719f0d6649a60d361e80440dab6da2d1283ccfb167c1218e3d3eed8f,,IBIP20_temporal_random_fiber_controls,159,12561,3,7803,15,1362,841,3733,4187,0.891569142584,6962,7803,0.892220940664,21295,32671161,0.000651798079658,841,1362,0.617474302496,2601,4187,0.621208502508,3521267,3542562,0.993988813746,False,False,157,159,0.987421383648,1:2;2:3;3:1;5:1;9:1;11:1;15:1;18:1;19:1;21:2;29:1
CellTag_iEP_reprogramming,CellTag_iEP,r2,F045:CellTag_iEP_reprogramming:CellTag_iEP:r2:r2_RNA_3_12_21:majorityDay21Fate,r2_RNA_3_12_21,majorityDay21Fate,IBIP20:r2:RNA:1:day12State,IBIP-20,day12State,RNA,D3-D12,159,7,False,False,True,True,exactFrozenMaps,d6012400e088187d68607500a545530f058e7788af631e234837fb370496c4bc,,IBIP20_temporal_random_fiber_controls,159,12561,3,7803,7,7547,4695,5014,12561,0.399172040443,1036,2601,0.398308342945,-9406,10890387,-0.000863697497619,4695,7547,0.622101497284,2601,4187,0.621208502508,6552655,6543249,1.00143751216,False,False,52,53,0.981132075472,1:3;2:1;11:1;22:1;121:1
CellTag_iEP_reprogramming,CellTag_iEP,r2,F045:CellTag_iEP_reprogramming:CellTag_iEP:r2:r2_RNA_3_12_21:majorityDay21Fate,r2_RNA_3_12_21,majorityDay21Fate,IBIP20:r2:RNA:1:orderedHistory,IBIP-20,orderedHistory,RNA,D3-D12,159,35,False,False,True,True,exactFrozenMaps,35b82a95bf84a99f88d1f144cf66b841cf2af3c78cdd11b69571bbdfc4eb19e5,,IBIP20_temporal_random_fiber_controls,159,12561,3,7803,35,764,458,11797,12561,0.939176817132,7345,7803,0.941304626426,69518,32671161,0.00212780929334,229,382,0.599476439791,2601,4187,0.621208502508,958823,993582,0.965016475741,False,False,48,53,0.905660377358,1:15;2:4;3:4;4:2;5:2;7:1;9:1;12:1;13:2;14:1;17:1;21:1
CellTag_iEP_reprogramming,CellTag_iEP,r2,F045:CellTag_iEP_reprogramming:CellTag_iEP:r2:r2_RNA_3_12_21:majorityDay21Fate,r2_RNA_3_12_21,majorityDay21Fate,IBIP20:r2:RNA:1:unorderedHistory,IBIP-20,unorderedHistory,RNA,D3-D12,159,32,False,False,True,True,exactFrozenMaps,38e76d37762fb59213526bfed90ea8c18370f200ea5fb9268f50d8dff0193d92,,IBIP20_temporal_random_fiber_controls,159,12561,3,7803,32,844,508,11717,12561,0.93280789746,7295,7803,0.934896834551,68248,32671161,0.00208893709042,127,211,0.601895734597,2601,4187,0.621208502508,531749,548811,0.968910972994,False,False,146,159,0.918238993711,1:13;2:3;3:5;4:2;5:1;7:1;9:1;12:1;14:2;17:1;18:1;21:1
CellTag_iEP_reprogramming,CellTag_iEP,r2,F045:CellTag_iEP_reprogramming:CellTag_iEP:r2:r2_RNA_3_12_21:majorityDay21Fate,r2_RNA_3_12_21,majorityDay21Fate,IBIP20:r2:RNA:1:reversedHistory,IBIP-20,reversedHistory,RNA,D3-D12,159,35,False,False,True,True,exactFrozenMaps,1e6d6c65ffe8487f5c21d342e4a6918770b93abcf09c79b9c3b42cf394a6446d,,IBIP20_temporal_random_fiber_controls,159,12561,3,7803,35,764,458,11797,12561,0.939176817132,7345,7803,0.941304626426,69518,32671161,0.00212780929334,229,382,0.599476439791,2601,4187,0.621208502508,958823,993582,0.965016475741,False,False,48,53,0.905660377358,1:15;2:4;3:4;4:2;5:2;7:1;9:1;12:1;13:2;14:1;17:1;21:1
CellTag_iEP_reprogramming,CellTag_iEP,r2,F045:CellTag_iEP_reprogramming:CellTag_iEP:r2:r2_RNA_3_12_21:majorityDay21Fate,r2_RNA_3_12_21,majorityDay21Fate,IBIP20:r2:RNA:1:transitionSignature,IBIP-20,transitionSignature,RNA,D3-D12,159,23,False,False,True,True,exactFrozenMaps,9650f8a3fa7092ee137878d7a418e28a33b99a56a9852b007339411252dd1e3e,,IBIP20_temporal_random_fiber_controls,159,12561,3,7803,23,964,584,11597,12561,0.923254517952,7219,7803,0.925156990901,62156,32671161,0.00190247294854,146,241,0.605809128631,2601,4187,0.621208502508,611302,626841,0.975210619599,False,False,151,159,0.949685534591,1:8;2:1;3:2;5:1;6:2;7:1;10:1;11:1;12:1;14:2;17:2;24:1
CellTag_iEP_reprogramming,CellTag_iEP,r2,F045:CellTag_iEP_reprogramming:CellTag_iEP:r2:r2_RNA_3_12_21:majorityDay21Fate,r2_RNA_3_12_21,majorityDay21Fate,IBIP20:r2:RNA:2:snapshotDay3,IBIP-20,snapshotDay3,RNA,D3-D12,159,68,False,False,True,True,exactFrozenMaps,689a088f4d415862833b66a63e1f2b580eadb1e30a7b034f68ea5f5a44e811c8,,IBIP20_temporal_random_fiber_controls,159,12561,3,7803,68,287,187,12274,12561,0.977151500677,448,459,0.976034858388,-2146,1921833,-0.0011166422889,187,287,0.651567944251,2601,4187,0.621208502508,46057,43911,1.04887158115,False,False,122,159,0.767295597484,1:37;2:13;3:6;4:3;5:3;6:2;8:1;9:2;13:1
CellTag_iEP_reprogramming,CellTag_iEP,r2,F045:CellTag_iEP_reprogramming:CellTag_iEP:r2:r2_RNA_3_12_21:majorityDay21Fate,r2_RNA_3_12_21,majorityDay21Fate,IBIP20:r2:RNA:2:day12State,IBIP-20,day12State,RNA,D3-D12,159,26,False,False,True,True,exactFrozenMaps,ad967538593f10787ec3fd7295eb41dbf3132b493461542d45d360dd02d33129,,IBIP20_temporal_random_fiber_controls,159,12561,3,7803,26,3989,2566,8572,12561,0.682429742855,5237,7803,0.671152120979,-368453,32671161,-0.0112776218758,2566,3989,0.643268989722,2601,4187,0.621208502508,10743842,10375389,1.03551221067,False,False,145,159,0.911949685535,1:14;2:3;3:1;4:1;6:3;7:1;8:1;11:1;88:1
CellTag_iEP_reprogramming,CellTag_iEP,r2,F045:CellTag_iEP_reprogramming:CellTag_iEP:r2:r2_RNA_3_12_21:majorityDay21Fate,r2_RNA_3_12_21,majorityDay21Fate,IBIP20:r2:RNA:2:orderedHistory,IBIP-20,orderedHistory,RNA,D3-D12,159,114,False,False,True,True,exactFrozenMaps,29e193c416385d80b5b77b7785be7e21f69a4ec402f1d093ec53853fbbf3ec0a,,IBIP20_temporal_random_fiber_controls,159,12561,3,7803,114,87,55,4158,4187,0.993073799857,7748,7803,0.992951428938,-3998,32671161,-0.000122370919111,55,87,0.632183908046,2601,4187,0.621208502508,230285,226287,1.01766782891,False,False,22,53,0.415094339623,1:93;2:10;3:3;4:3;5:5
CellTag_iEP_reprogramming,CellTag_iEP,r2,F045:CellTag_iEP_reprogramming:CellTag_iEP:r2:r2_RNA_3_12_21:majorityDay21Fate,r2_RNA_3_12_21,majorityDay21Fate,IBIP20:r2:RNA:2:unorderedHistory,IBIP-20,unorderedHistory,RNA,D3-D12,159,111,False,False,True,True,exactFrozenMaps,978afe7d92a6c598cde671e8f14834c703191e8134a9c71650f8dec973f7821d,,IBIP20_temporal_random_fiber_controls,159,12561,3,7803,111,92,57,12469,12561,0.992675742377,2582,2601,0.992695117263,211,10890387,1.9374885392e-05,57,92,0.619565217391,2601,4187,0.621208502508,79553,79764,0.997354696354,False,False,70,159,0.440251572327,1:89;2:9;3:5;4:3;5:5
CellTag_iEP_reprogramming,CellTag_iEP,r2,F045:CellTag_iEP_reprogramming:CellTag_iEP:r2:r2_RNA_3_12_21:majorityDay21Fate,r2_RNA_3_12_21,majorityDay21Fate,IBIP20:r2:RNA:2:reversedHistory,IBIP-20,reversedHistory,RNA,D3-D12,159,114,False,False,True,True,exactFrozenMaps,c69ae1aa367dc492a060fd0b96d63811786c5aa708710b545edad1bf8e97cf9e,,IBIP20_temporal_random_fiber_controls,159,12561,3,7803,114,87,55,4158,4187,0.993073799857,7748,7803,0.992951428938,-3998,32671161,-0.000122370919111,55,87,0.632183908046,2601,4187,0.621208502508,230285,226287,1.01766782891,False,False,22,53,0.415094339623,1:93;2:10;3:3;4:3;5:5
CellTag_iEP_reprogramming,CellTag_iEP,r2,F045:CellTag_iEP_reprogramming:CellTag_iEP:r2:r2_RNA_3_12_21:majorityDay21Fate,r2_RNA_3_12_21,majorityDay21Fate,IBIP20:r2:RNA:2:transitionSignature,IBIP-20,transitionSignature,RNA,D3-D12,159,102,False,False,True,True,exactFrozenMaps,80e69a18c0f4e6ed71b100264e04cc36e34cd7e7636dcf5bb45193e9c6b33b65,,IBIP20_temporal_random_fiber_controls,159,12561,3,7803,102,111,70,4150,4187,0.991163123955,7733,7803,0.991029091375,-4379,32671161,-0.000134032579987,70,111,0.630630630631,2601,4187,0.621208502508,293090,288711,1.01516741655,False,False,28,53,0.528301886792,1:75;2:13;3:5;4:3;5:5;6:1
CellTag_iEP_reprogramming,CellTag_iEP,r2,F045:CellTag_iEP_reprogramming:CellTag_iEP:r2:r2_RNA_3_12_21:majorityDay21Fate,r2_RNA_3_12_21,majorityDay21Fate,IBIP20:r2:RNA:4:snapshotDay3,IBIP-20,snapshotDay3,RNA,D3-D12,159,125,False,False,True,True,exactFrozenMaps,9384b23a9045f6e4a7769835cad426ce1b9956f6fd4bc5dfc7b98663900145bd,,IBIP20_temporal_random_fiber_controls,159,12561,3,7803,125,54,36,4169,4187,0.995700979221,863,867,0.99538638985,-1142,3630129,-0.000314589371342,2,3,0.666666666667,2601,4187,0.621208502508,8374,7803,1.07317698321,False,False,56,159,0.352201257862,1:103;2:15;3:4;4:2;6:1
CellTag_iEP_reprogramming,CellTag_iEP,r2,F045:CellTag_iEP_reprogramming:CellTag_iEP:r2:r2_RNA_3_12_21:majorityDay21Fate,r2_RNA_3_12_21,majorityDay21Fate,IBIP20:r2:RNA:4:day12State,IBIP-20,day12State,RNA,D3-D12,159,51,False,False,True,True,exactFrozenMaps,12c358624e5ada8bad204f16e8c6c0d550e11dc1058ce8ea79c7693aed6d2c2c,,IBIP20_temporal_random_fiber_controls,159,12561,3,7803,51,3074,1985,179,237,0.755274261603,5818,7803,0.745610662566,-5957,616437,-0.0096635990377,1985,3074,0.645738451529,2601,4187,0.621208502508,156815,150858,1.03948746503,False,False,122,159,0.767295597484,1:37;2:7;4:3;5:1;6:1;7:1;78:1
CellTag_iEP_reprogramming,CellTag_iEP,r2,F045:CellTag_iEP_reprogramming:CellTag_iEP:r2:r2_RNA_3_12_21:majorityDay21Fate,r2_RNA_3_12_21,majorityDay21Fate,IBIP20:r2:RNA:4:orderedHistory,IBIP-20,orderedHistory,RNA,D3-D12,159,152,False,False,True,True,exactFrozenMaps,b42cada238f658ba3cbff5891a5b4d0dfe906f18b9fe68440a4ed47913daa588,,IBIP20_temporal_random_fiber_controls,159,12561,3,7803,152,8,6,12553,12561,0.999363108033,2599,2601,0.999231064975,-1438,10890387,-0.00013204305779,3,4,0.75,2601,4187,0.621208502508,4187,3468,1.20732410611,False,False,13,159,0.0817610062893,1:146;2:5;3:1
CellTag_iEP_reprogramming,CellTag_iEP,r2,F045:CellTag_iEP_reprogramming:CellTag_iEP:r2:r2_RNA_3_12_21:majorityDay21Fate,r2_RNA_3_12_21,majorityDay21Fate,IBIP20:r2:RNA:4:unorderedHistory,IBIP-20,unorderedHistory,RNA,D3-D12,159,151,False,False,True,True,exactFrozenMaps,b83b36fb6df30ab8e737c31cd28b402ffab961a7d5e316971492db9bbfa6f347,,IBIP20_temporal_random_fiber_controls,159,12561,3,7803,151,9,7,4184,4187,0.999283496537,7796,7803,0.999102909138,-5900,32671161,-0.000180587399389,7,9,0.777777777778,2601,4187,0.621208502508,29309,23409,1.25203981375,False,False,5,53,0.0943396226415,1:144;2:6;3:1
CellTag_iEP_reprogramming,CellTag_iEP,r2,F045:CellTag_iEP_reprogramming:CellTag_iEP:r2:r2_RNA_3_12_21:majorityDay21Fate,r2_RNA_3_12_21,majorityDay21Fate,IBIP20:r2:RNA:4:reversedHistory,IBIP-20,reversedHistory,RNA,D3-D12,159,152,False,False,True,True,exactFrozenMaps,7f88d03e59c9ecd5ca672995831d689d0cd3e0ba2f02ff04d07702735d13cec5,,IBIP20_temporal_random_fiber_controls,159,12561,3,7803,152,8,6,12553,12561,0.999363108033,2599,2601,0.999231064975,-1438,10890387,-0.00013204305779,3,4,0.75,2601,4187,0.621208502508,4187,3468,1.20732410611,False,False,13,159,0.0817610062893,1:146;2:5;3:1
CellTag_iEP_reprogramming,CellTag_iEP,r2,F045:CellTag_iEP_reprogramming:CellTag_iEP:r2:r2_RNA_3_12_21:majorityDay21Fate,r2_RNA_3_12_21,majorityDay21Fate,IBIP20:r2:RNA:4:transitionSignature,IBIP-20,transitionSignature,RNA,D3-D12,159,150,False,False,True,True,exactFrozenMaps,598e67f3ab6df45bb50c2e5361df10b9de746f29f84e3a18183a112894949c2c,,IBIP20_temporal_random_fiber_controls,159,12561,3,7803,150,10,6,12551,12561,0.999203885041,2599,2601,0.999231064975,296,10890387,2.71799340097e-05,3,5,0.6,2601,4187,0.621208502508,4187,4335,0.96585928489,False,False,17,159,0.106918238994,1:142;2:7;3:1
CellTag_iEP_reprogramming,CellTag_iEP,r2,F045:CellTag_iEP_reprogramming:CellTag_iEP:r2:r2_RNA_3_12_21:majorityDay21Fate,r2_RNA_3_12_21,majorityDay21Fate,IBIP20:r2:RNA:5:snapshotDay3,IBIP-20,snapshotDay3,RNA,D3-D12,159,146,False,False,True,True,exactFrozenMaps,6fda52940c793fc5faecd1575062d8243545dbf768b5aab2b82163c70fa2adc6,,IBIP20_temporal_random_fiber_controls,159,12561,3,7803,146,20,13,12541,12561,0.998407770082,7790,7803,0.998333974113,-2411,32671161,-7.3795969479e-05,13,20,0.65,2601,4187,0.621208502508,54431,52020,1.04634755863,False,False,22,159,0.138364779874,1:137;2:7;3:1;5:1
CellTag_iEP_reprogramming,CellTag_iEP,r2,F045:CellTag_iEP_reprogramming:CellTag_iEP:r2:r2_RNA_3_12_21:majorityDay21Fate,r2_RNA_3_12_21,majorityDay21Fate,IBIP20:r2:RNA:5:day12State,IBIP-20,day12State,RNA,D3-D12,159,129,False,False,True,True,exactFrozenMaps,0adb35284a57f0c957f7701d71d0ef691b9d1b64c5308251553a7d4a4e27e61b,,IBIP20_temporal_random_fiber_controls,159,12561,3,7803,129,174,105,4129,4187,0.986147599713,2566,2601,0.986543637063,4313,10890387,0.00039603734927,35,58,0.603448275862,2601,4187,0.621208502508,146545,150858,0.971410200321,False,False,13,53,0.245283018868,1:120;2:5;3:2;5:1;18:1
CellTag_iEP_reprogramming,CellTag_iEP,r2,F045:CellTag_iEP_reprogramming:CellTag_iEP:r2:r2_RNA_3_12_21:majorityDay21Fate,r2_RNA_3_12_21,majorityDay21Fate,IBIP20:r2:RNA:5:orderedHistory,IBIP-20,orderedHistory,RNA,D3-D12,159,159,True,True,True,True,exactFrozenMaps,b7c6bb1a6f49e0fe4cf4acb70aec8374cb4ba7d67de15f6f7e7b97617533e442,,IBIP20_temporal_random_fiber_controls,159,12561,3,7803,159,0,0,1,1,1,1,1,1,0,1,0,,,undefinedInjective,2601,4187,0.621208502508,,,undefinedInjective,True,False,0,1,0,1:159
CellTag_iEP_reprogramming,CellTag_iEP,r2,F045:CellTag_iEP_reprogramming:CellTag_iEP:r2:r2_RNA_3_12_21:majorityDay21Fate,r2_RNA_3_12_21,majorityDay21Fate,IBIP20:r2:RNA:5:unorderedHistory,IBIP-20,unorderedHistory,RNA,D3-D12,159,159,True,True,True,True,exactFrozenMaps,797329e8fcbc99131449e83bae156b1c2eb7d76a30f859b747a862819341a110,,IBIP20_temporal_random_fiber_controls,159,12561,3,7803,159,0,0,1,1,1,1,1,1,0,1,0,,,undefinedInjective,2601,4187,0.621208502508,,,undefinedInjective,True,False,0,1,0,1:159
CellTag_iEP_reprogramming,CellTag_iEP,r2,F045:CellTag_iEP_reprogramming:CellTag_iEP:r2:r2_RNA_3_12_21:majorityDay21Fate,r2_RNA_3_12_21,majorityDay21Fate,IBIP20:r2:RNA:5:reversedHistory,IBIP-20,reversedHistory,RNA,D3-D12,159,159,True,True,True,True,exactFrozenMaps,b43c5c348922abfe826ec5e5a296e72fad6bc28d220447c0ae8737a2b445655b,,IBIP20_temporal_random_fiber_controls,159,12561,3,7803,159,0,0,1,1,1,1,1,1,0,1,0,,,undefinedInjective,2601,4187,0.621208502508,,,undefinedInjective,True,False,0,1,0,1:159
CellTag_iEP_reprogramming,CellTag_iEP,r2,F045:CellTag_iEP_reprogramming:CellTag_iEP:r2:r2_RNA_3_12_21:majorityDay21Fate,r2_RNA_3_12_21,majorityDay21Fate,IBIP20:r2:RNA:5:transitionSignature,IBIP-20,transitionSignature,RNA,D3-D12,159,153,False,False,True,True,exactFrozenMaps,cac98849dfe56f2991c2d87e65662335cab647b6d0d8ee838d03221be2b3c837,,IBIP20_temporal_random_fiber_controls,159,12561,3,7803,153,7,5,12554,12561,0.999442719529,7798,7803,0.999359220813,-2728,32671161,-8.34987161919e-05,5,7,0.714285714286,2601,4187,0.621208502508,20935,18207,1.14983248201,False,False,11,159,0.0691823899371,1:148;2:4;3:1
CellTag_iEP_reprogramming,CellTag_iEP,r2,F046:CellTag_iEP_reprogramming:CellTag_iEP:r2:r2_RNA_3_12_21:fateBreadth,r2_RNA_3_12_21,fateBreadth,IBIP20:r2:RNA:0:snapshotDay3,IBIP-20,snapshotDay3,RNA,D3-D12,159,1,False,False,True,True,exactFrozenMaps,53f905de6c4301b4050a5f79367e0dd29164e815faf6c4817495a07d8be39cc3,,IBIP20_temporal_random_fiber_controls,159,12561,3,6650,1,12561,6650,0,1,0,0,1,0,0,1,0,6650,12561,0.529416447735,6650,12561,0.529416447735,1,1,1,False,False,1,1,1,159:1
CellTag_iEP_reprogramming,CellTag_iEP,r2,F046:CellTag_iEP_reprogramming:CellTag_iEP:r2:r2_RNA_3_12_21:fateBreadth,r2_RNA_3_12_21,fateBreadth,IBIP20:r2:RNA:0:day12State,IBIP-20,day12State,RNA,D3-D12,159,1,False,False,True,True,exactFrozenMaps,53f905de6c4301b4050a5f79367e0dd29164e815faf6c4817495a07d8be39cc3,IBIP20:r2:RNA:0:snapshotDay3,IBIP20_temporal_random_fiber_controls,159,12561,3,6650,1,12561,6650,0,1,0,0,1,0,0,1,0,6650,12561,0.529416447735,6650,12561,0.529416447735,1,1,1,False,False,1,1,1,159:1
CellTag_iEP_reprogramming,CellTag_iEP,r2,F046:CellTag_iEP_reprogramming:CellTag_iEP:r2:r2_RNA_3_12_21:fateBreadth,r2_RNA_3_12_21,fateBreadth,IBIP20:r2:RNA:0:orderedHistory,IBIP-20,orderedHistory,RNA,D3-D12,159,1,False,False,True,True,exactFrozenMaps,6b85d5af43ed167427541b7d2b8549a54c7c68ca8d2176c3ef013fd1db547296,,IBIP20_temporal_random_fiber_controls,159,12561,3,6650,1,12561,6650,0,1,0,0,1,0,0,1,0,6650,12561,0.529416447735,6650,12561,0.529416447735,1,1,1,False,False,1,1,1,159:1
CellTag_iEP_reprogramming,CellTag_iEP,r2,F046:CellTag_iEP_reprogramming:CellTag_iEP:r2:r2_RNA_3_12_21:fateBreadth,r2_RNA_3_12_21,fateBreadth,IBIP20:r2:RNA:0:unorderedHistory,IBIP-20,unorderedHistory,RNA,D3-D12,159,1,False,False,True,True,exactFrozenMaps,6b85d5af43ed167427541b7d2b8549a54c7c68ca8d2176c3ef013fd1db547296,IBIP20:r2:RNA:0:orderedHistory,IBIP20_temporal_random_fiber_controls,159,12561,3,6650,1,12561,6650,0,1,0,0,1,0,0,1,0,6650,12561,0.529416447735,6650,12561,0.529416447735,1,1,1,False,False,1,1,1,159:1
CellTag_iEP_reprogramming,CellTag_iEP,r2,F046:CellTag_iEP_reprogramming:CellTag_iEP:r2:r2_RNA_3_12_21:fateBreadth,r2_RNA_3_12_21,fateBreadth,IBIP20:r2:RNA:0:reversedHistory,IBIP-20,reversedHistory,RNA,D3-D12,159,1,False,False,True,True,exactFrozenMaps,6b85d5af43ed167427541b7d2b8549a54c7c68ca8d2176c3ef013fd1db547296,IBIP20:r2:RNA:0:orderedHistory,IBIP20_temporal_random_fiber_controls,159,12561,3,6650,1,12561,6650,0,1,0,0,1,0,0,1,0,6650,12561,0.529416447735,6650,12561,0.529416447735,1,1,1,False,False,1,1,1,159:1
CellTag_iEP_reprogramming,CellTag_iEP,r2,F046:CellTag_iEP_reprogramming:CellTag_iEP:r2:r2_RNA_3_12_21:fateBreadth,r2_RNA_3_12_21,fateBreadth,IBIP20:r2:RNA:0:transitionSignature,IBIP-20,transitionSignature,RNA,D3-D12,159,1,False,False,True,True,exactFrozenMaps,53f905de6c4301b4050a5f79367e0dd29164e815faf6c4817495a07d8be39cc3,IBIP20:r2:RNA:0:snapshotDay3,IBIP20_temporal_random_fiber_controls,159,12561,3,6650,1,12561,6650,0,1,0,0,1,0,0,1,0,6650,12561,0.529416447735,6650,12561,0.529416447735,1,1,1,False,False,1,1,1,159:1
CellTag_iEP_reprogramming,CellTag_iEP,r2,F046:CellTag_iEP_reprogramming:CellTag_iEP:r2:r2_RNA_3_12_21:fateBreadth,r2_RNA_3_12_21,fateBreadth,IBIP20:r2:RNA:1:snapshotDay3,IBIP-20,snapshotDay3,RNA,D3-D12,159,15,False,False,True,True,exactFrozenMaps,ef5b8ae0719f0d6649a60d361e80440dab6da2d1283ccfb167c1218e3d3eed8f,,IBIP20_temporal_random_fiber_controls,159,12561,3,6650,15,1362,714,3733,4187,0.891569142584,424,475,0.892631578947,2113,1988825,0.00106243636318,119,227,0.52422907489,6650,12561,0.529416447735,213537,215650,0.990201715743,False,False,157,159,0.987421383648,1:2;2:3;3:1;5:1;9:1;11:1;15:1;18:1;19:1;21:2;29:1
CellTag_iEP_reprogramming,CellTag_iEP,r2,F046:CellTag_iEP_reprogramming:CellTag_iEP:r2:r2_RNA_3_12_21:fateBreadth,r2_RNA_3_12_21,fateBreadth,IBIP20:r2:RNA:1:day12State,IBIP-20,day12State,RNA,D3-D12,159,7,False,False,True,True,exactFrozenMaps,d6012400e088187d68607500a545530f058e7788af631e234837fb370496c4bc,,IBIP20_temporal_random_fiber_controls,159,12561,3,6650,7,7547,4236,5014,12561,0.399172040443,1207,3325,0.363007518797,-1510423,41765325,-0.0361645216456,4236,7547,0.561282628859,6650,12561,0.529416447735,26604198,25093775,1.06019114302,False,False,52,53,0.981132075472,1:3;2:1;11:1;22:1;121:1
CellTag_iEP_reprogramming,CellTag_iEP,r2,F046:CellTag_iEP_reprogramming:CellTag_iEP:r2:r2_RNA_3_12_21:fateBreadth,r2_RNA_3_12_21,fateBreadth,IBIP20:r2:RNA:1:orderedHistory,IBIP-20,orderedHistory,RNA,D3-D12,159,35,False,False,True,True,exactFrozenMaps,35b82a95bf84a99f88d1f144cf66b841cf2af3c78cdd11b69571bbdfc4eb19e5,,IBIP20_temporal_random_fiber_controls,159,12561,3,6650,35,764,432,11797,12561,0.939176817132,3109,3325,0.935037593985,-172876,41765325,-0.00413922314743,108,191,0.565445026178,6650,12561,0.529416447735,678294,635075,1.06805337952,False,False,48,53,0.905660377358,1:15;2:4;3:4;4:2;5:2;7:1;9:1;12:1;13:2;14:1;17:1;21:1
CellTag_iEP_reprogramming,CellTag_iEP,r2,F046:CellTag_iEP_reprogramming:CellTag_iEP:r2:r2_RNA_3_12_21:fateBreadth,r2_RNA_3_12_21,fateBreadth,IBIP20:r2:RNA:1:unorderedHistory,IBIP-20,unorderedHistory,RNA,D3-D12,159,32,False,False,True,True,exactFrozenMaps,38e76d37762fb59213526bfed90ea8c18370f200ea5fb9268f50d8dff0193d92,,IBIP20_temporal_random_fiber_controls,159,12561,3,6650,32,844,470,11717,12561,0.93280789746,618,665,0.929323308271,-29107,8353065,-0.00348458918972,235,422,0.556872037915,6650,12561,0.529416447735,590367,561260,1.05186010049,False,False,146,159,0.918238993711,1:13;2:3;3:5;4:2;5:1;7:1;9:1;12:1;14:2;17:1;18:1;21:1
CellTag_iEP_reprogramming,CellTag_iEP,r2,F046:CellTag_iEP_reprogramming:CellTag_iEP:r2:r2_RNA_3_12_21:fateBreadth,r2_RNA_3_12_21,fateBreadth,IBIP20:r2:RNA:1:reversedHistory,IBIP-20,reversedHistory,RNA,D3-D12,159,35,False,False,True,True,exactFrozenMaps,1e6d6c65ffe8487f5c21d342e4a6918770b93abcf09c79b9c3b42cf394a6446d,,IBIP20_temporal_random_fiber_controls,159,12561,3,6650,35,764,432,11797,12561,0.939176817132,3109,3325,0.935037593985,-172876,41765325,-0.00413922314743,108,191,0.565445026178,6650,12561,0.529416447735,678294,635075,1.06805337952,False,False,48,53,0.905660377358,1:15;2:4;3:4;4:2;5:2;7:1;9:1;12:1;13:2;14:1;17:1;21:1
CellTag_iEP_reprogramming,CellTag_iEP,r2,F046:CellTag_iEP_reprogramming:CellTag_iEP:r2:r2_RNA_3_12_21:fateBreadth,r2_RNA_3_12_21,fateBreadth,IBIP20:r2:RNA:1:transitionSignature,IBIP-20,transitionSignature,RNA,D3-D12,159,23,False,False,True,True,exactFrozenMaps,9650f8a3fa7092ee137878d7a418e28a33b99a56a9852b007339411252dd1e3e,,IBIP20_temporal_random_fiber_controls,159,12561,3,6650,23,964,537,11597,12561,0.923254517952,6113,6650,0.919248120301,-334657,83530650,-0.00400639765164,537,964,0.557053941909,6650,12561,0.529416447735,6745257,6410600,1.05220369388,False,False,151,159,0.949685534591,1:8;2:1;3:2;5:1;6:2;7:1;10:1;11:1;12:1;14:2;17:2;24:1
CellTag_iEP_reprogramming,CellTag_iEP,r2,F046:CellTag_iEP_reprogramming:CellTag_iEP:r2:r2_RNA_3_12_21:fateBreadth,r2_RNA_3_12_21,fateBreadth,IBIP20:r2:RNA:2:snapshotDay3,IBIP-20,snapshotDay3,RNA,D3-D12,159,68,False,False,True,True,exactFrozenMaps,689a088f4d415862833b66a63e1f2b580eadb1e30a7b034f68ea5f5a44e811c8,,IBIP20_temporal_random_fiber_controls,159,12561,3,6650,68,287,141,12274,12561,0.977151500677,6509,6650,0.978796992481,137449,83530650,0.00164549180451,141,287,0.491289198606,6650,12561,0.529416447735,1771101,1908550,0.927982499804,False,False,122,159,0.767295597484,1:37;2:13;3:6;4:3;5:3;6:2;8:1;9:2;13:1
CellTag_iEP_reprogramming,CellTag_iEP,r2,F046:CellTag_iEP_reprogramming:CellTag_iEP:r2:r2_RNA_3_12_21:fateBreadth,r2_RNA_3_12_21,fateBreadth,IBIP20:r2:RNA:2:day12State,IBIP-20,day12State,RNA,D3-D12,159,26,False,False,True,True,exactFrozenMaps,ad967538593f10787ec3fd7295eb41dbf3132b493461542d45d360dd02d33129,,IBIP20_temporal_random_fiber_controls,159,12561,3,6650,26,3989,2405,8572,12561,0.682429742855,849,1330,0.638345864662,-736471,16706130,-0.0440838781932,2405,3989,0.602907996992,6650,12561,0.529416447735,6041841,5305370,1.13881614289,False,False,145,159,0.911949685535,1:14;2:3;3:1;4:1;6:3;7:1;8:1;11:1;88:1
CellTag_iEP_reprogramming,CellTag_iEP,r2,F046:CellTag_iEP_reprogramming:CellTag_iEP:r2:r2_RNA_3_12_21:fateBreadth,r2_RNA_3_12_21,fateBreadth,IBIP20:r2:RNA:2:orderedHistory,IBIP-20,orderedHistory,RNA,D3-D12,159,114,False,False,True,True,exactFrozenMaps,29e193c416385d80b5b77b7785be7e21f69a4ec402f1d093ec53853fbbf3ec0a,,IBIP20_temporal_random_fiber_controls,159,12561,3,6650,114,87,60,4158,4187,0.993073799857,659,665,0.990977443609,-5837,2784355,-0.00209635624768,20,29,0.689655172414,6650,12561,0.529416447735,25122,19285,1.30267046928,False,False,22,53,0.415094339623,1:93;2:10;3:3;4:3;5:5
CellTag_iEP_reprogramming,CellTag_iEP,r2,F046:CellTag_iEP_reprogramming:CellTag_iEP:r2:r2_RNA_3_12_21:fateBreadth,r2_RNA_3_12_21,fateBreadth,IBIP20:r2:RNA:2:unorderedHistory,IBIP-20,unorderedHistory,RNA,D3-D12,159,111,False,False,True,True,exactFrozenMaps,978afe7d92a6c598cde671e8f14834c703191e8134a9c71650f8dec973f7821d,,IBIP20_temporal_random_fiber_controls,159,12561,3,6650,111,92,62,12469,12561,0.992675742377,3294,3325,0.990676691729,-83491,41765325,-0.00199905064788,31,46,0.673913043478,6650,12561,0.529416447735,389391,305900,1.27293559987,False,False,70,159,0.440251572327,1:89;2:9;3:5;4:3;5:5
CellTag_iEP_reprogramming,CellTag_iEP,r2,F046:CellTag_iEP_reprogramming:CellTag_iEP:r2:r2_RNA_3_12_21:fateBreadth,r2_RNA_3_12_21,fateBreadth,IBIP20:r2:RNA:2:reversedHistory,IBIP-20,reversedHistory,RNA,D3-D12,159,114,False,False,True,True,exactFrozenMaps,c69ae1aa367dc492a060fd0b96d63811786c5aa708710b545edad1bf8e97cf9e,,IBIP20_temporal_random_fiber_controls,159,12561,3,6650,114,87,60,4158,4187,0.993073799857,659,665,0.990977443609,-5837,2784355,-0.00209635624768,20,29,0.689655172414,6650,12561,0.529416447735,25122,19285,1.30267046928,False,False,22,53,0.415094339623,1:93;2:10;3:3;4:3;5:5
CellTag_iEP_reprogramming,CellTag_iEP,r2,F046:CellTag_iEP_reprogramming:CellTag_iEP:r2:r2_RNA_3_12_21:fateBreadth,r2_RNA_3_12_21,fateBreadth,IBIP20:r2:RNA:2:transitionSignature,IBIP-20,transitionSignature,RNA,D3-D12,159,102,False,False,True,True,exactFrozenMaps,80e69a18c0f4e6ed71b100264e04cc36e34cd7e7636dcf5bb45193e9c6b33b65,,IBIP20_temporal_random_fiber_controls,159,12561,3,6650,102,111,75,4150,4187,0.991163123955,263,266,0.988721804511,-2719,1113742,-0.00244131944382,25,37,0.675675675676,6650,12561,0.529416447735,12561,9842,1.27626498679,False,False,28,53,0.528301886792,1:75;2:13;3:5;4:3;5:5;6:1
CellTag_iEP_reprogramming,CellTag_iEP,r2,F046:CellTag_iEP_reprogramming:CellTag_iEP:r2:r2_RNA_3_12_21:fateBreadth,r2_RNA_3_12_21,fateBreadth,IBIP20:r2:RNA:4:snapshotDay3,IBIP-20,snapshotDay3,RNA,D3-D12,159,125,False,False,True,True,exactFrozenMaps,9384b23a9045f6e4a7769835cad426ce1b9956f6fd4bc5dfc7b98663900145bd,,IBIP20_temporal_random_fiber_controls,159,12561,3,6650,125,54,28,4169,4187,0.995700979221,473,475,0.995789473684,176,1988825,8.8494462811e-05,14,27,0.518518518519,6650,12561,0.529416447735,4187,4275,0.979415204678,False,False,56,159,0.352201257862,1:103;2:15;3:4;4:2;6:1
CellTag_iEP_reprogramming,CellTag_iEP,r2,F046:CellTag_iEP_reprogramming:CellTag_iEP:r2:r2_RNA_3_12_21:fateBreadth,r2_RNA_3_12_21,fateBreadth,IBIP20:r2:RNA:4:day12State,IBIP-20,day12State,RNA,D3-D12,159,51,False,False,True,True,exactFrozenMaps,12c358624e5ada8bad204f16e8c6c0d550e11dc1058ce8ea79c7693aed6d2c2c,,IBIP20_temporal_random_fiber_controls,159,12561,3,6650,51,3074,1912,179,237,0.755274261603,2369,3325,0.712481203008,-33722,788025,-0.0427930585959,956,1537,0.621990891347,6650,12561,0.529416447735,113286,96425,1.17486129116,False,False,122,159,0.767295597484,1:37;2:7;4:3;5:1;6:1;7:1;78:1
CellTag_iEP_reprogramming,CellTag_iEP,r2,F046:CellTag_iEP_reprogramming:CellTag_iEP:r2:r2_RNA_3_12_21:fateBreadth,r2_RNA_3_12_21,fateBreadth,IBIP20:r2:RNA:4:orderedHistory,IBIP-20,orderedHistory,RNA,D3-D12,159,152,False,False,True,True,exactFrozenMaps,b42cada238f658ba3cbff5891a5b4d0dfe906f18b9fe68440a4ed47913daa588,,IBIP20_temporal_random_fiber_controls,159,12561,3,6650,152,8,6,12553,12561,0.999363108033,3322,3325,0.999097744361,-11083,41765325,-0.000265363671898,3,4,0.75,6650,12561,0.529416447735,37683,26600,1.41665413534,False,False,13,159,0.0817610062893,1:146;2:5;3:1
CellTag_iEP_reprogramming,CellTag_iEP,r2,F046:CellTag_iEP_reprogramming:CellTag_iEP:r2:r2_RNA_3_12_21:fateBreadth,r2_RNA_3_12_21,fateBreadth,IBIP20:r2:RNA:4:unorderedHistory,IBIP-20,unorderedHistory,RNA,D3-D12,159,151,False,False,True,True,exactFrozenMaps,b83b36fb6df30ab8e737c31cd28b402ffab961a7d5e316971492db9bbfa6f347,,IBIP20_temporal_random_fiber_controls,159,12561,3,6650,151,9,7,4184,4187,0.999283496537,949,950,0.998947368421,-1337,3977650,-0.000336128115847,7,9,0.777777777778,6650,12561,0.529416447735,4187,2850,1.46912280702,False,False,5,53,0.0943396226415,1:144;2:6;3:1
CellTag_iEP_reprogramming,CellTag_iEP,r2,F046:CellTag_iEP_reprogramming:CellTag_iEP:r2:r2_RNA_3_12_21:fateBreadth,r2_RNA_3_12_21,fateBreadth,IBIP20:r2:RNA:4:reversedHistory,IBIP-20,reversedHistory,RNA,D3-D12,159,152,False,False,True,True,exactFrozenMaps,7f88d03e59c9ecd5ca672995831d689d0cd3e0ba2f02ff04d07702735d13cec5,,IBIP20_temporal_random_fiber_controls,159,12561,3,6650,152,8,6,12553,12561,0.999363108033,3322,3325,0.999097744361,-11083,41765325,-0.000265363671898,3,4,0.75,6650,12561,0.529416447735,37683,26600,1.41665413534,False,False,13,159,0.0817610062893,1:146;2:5;3:1
CellTag_iEP_reprogramming,CellTag_iEP,r2,F046:CellTag_iEP_reprogramming:CellTag_iEP:r2:r2_RNA_3_12_21:fateBreadth,r2_RNA_3_12_21,fateBreadth,IBIP20:r2:RNA:4:transitionSignature,IBIP-20,transitionSignature,RNA,D3-D12,159,150,False,False,True,True,exactFrozenMaps,598e67f3ab6df45bb50c2e5361df10b9de746f29f84e3a18183a112894949c2c,,IBIP20_temporal_random_fiber_controls,159,12561,3,6650,150,10,6,12551,12561,0.999203885041,3322,3325,0.999097744361,-4433,41765325,-0.000106140680098,3,5,0.6,6650,12561,0.529416447735,37683,33250,1.13332330827,False,False,17,159,0.106918238994,1:142;2:7;3:1
CellTag_iEP_reprogramming,CellTag_iEP,r2,F046:CellTag_iEP_reprogramming:CellTag_iEP:r2:r2_RNA_3_12_21:fateBreadth,r2_RNA_3_12_21,fateBreadth,IBIP20:r2:RNA:5:snapshotDay3,IBIP-20,snapshotDay3,RNA,D3-D12,159,146,False,False,True,True,exactFrozenMaps,6fda52940c793fc5faecd1575062d8243545dbf768b5aab2b82163c70fa2adc6,,IBIP20_temporal_random_fiber_controls,159,12561,3,6650,146,20,10,12541,12561,0.998407770082,664,665,0.998496240602,739,8353065,8.84705195039e-05,1,2,0.5,6650,12561,0.529416447735,12561,13300,0.944436090226,False,False,22,159,0.138364779874,1:137;2:7;3:1;5:1
CellTag_iEP_reprogramming,CellTag_iEP,r2,F046:CellTag_iEP_reprogramming:CellTag_iEP:r2:r2_RNA_3_12_21:fateBreadth,r2_RNA_3_12_21,fateBreadth,IBIP20:r2:RNA:5:day12State,IBIP-20,day12State,RNA,D3-D12,159,129,False,False,True,True,exactFrozenMaps,0adb35284a57f0c957f7701d71d0ef691b9d1b64c5308251553a7d4a4e27e61b,,IBIP20_temporal_random_fiber_controls,159,12561,3,6650,129,174,53,4129,4187,0.986147599713,6597,6650,0.992030075188,163789,27843550,0.00588247547457,53,174,0.304597701149,6650,12561,0.529416447735,221911,385700,0.575346123931,False,False,13,53,0.245283018868,1:120;2:5;3:2;5:1;18:1
CellTag_iEP_reprogramming,CellTag_iEP,r2,F046:CellTag_iEP_reprogramming:CellTag_iEP:r2:r2_RNA_3_12_21:fateBreadth,r2_RNA_3_12_21,fateBreadth,IBIP20:r2:RNA:5:orderedHistory,IBIP-20,orderedHistory,RNA,D3-D12,159,159,True,True,True,True,exactFrozenMaps,b7c6bb1a6f49e0fe4cf4acb70aec8374cb4ba7d67de15f6f7e7b97617533e442,,IBIP20_temporal_random_fiber_controls,159,12561,3,6650,159,0,0,1,1,1,1,1,1,0,1,0,,,undefinedInjective,6650,12561,0.529416447735,,,undefinedInjective,True,False,0,1,0,1:159
CellTag_iEP_reprogramming,CellTag_iEP,r2,F046:CellTag_iEP_reprogramming:CellTag_iEP:r2:r2_RNA_3_12_21:fateBreadth,r2_RNA_3_12_21,fateBreadth,IBIP20:r2:RNA:5:unorderedHistory,IBIP-20,unorderedHistory,RNA,D3-D12,159,159,True,True,True,True,exactFrozenMaps,797329e8fcbc99131449e83bae156b1c2eb7d76a30f859b747a862819341a110,,IBIP20_temporal_random_fiber_controls,159,12561,3,6650,159,0,0,1,1,1,1,1,1,0,1,0,,,undefinedInjective,6650,12561,0.529416447735,,,undefinedInjective,True,False,0,1,0,1:159
CellTag_iEP_reprogramming,CellTag_iEP,r2,F046:CellTag_iEP_reprogramming:CellTag_iEP:r2:r2_RNA_3_12_21:fateBreadth,r2_RNA_3_12_21,fateBreadth,IBIP20:r2:RNA:5:reversedHistory,IBIP-20,reversedHistory,RNA,D3-D12,159,159,True,True,True,True,exactFrozenMaps,b43c5c348922abfe826ec5e5a296e72fad6bc28d220447c0ae8737a2b445655b,,IBIP20_temporal_random_fiber_controls,159,12561,3,6650,159,0,0,1,1,1,1,1,1,0,1,0,,,undefinedInjective,6650,12561,0.529416447735,,,undefinedInjective,True,False,0,1,0,1:159
CellTag_iEP_reprogramming,CellTag_iEP,r2,F046:CellTag_iEP_reprogramming:CellTag_iEP:r2:r2_RNA_3_12_21:fateBreadth,r2_RNA_3_12_21,fateBreadth,IBIP20:r2:RNA:5:transitionSignature,IBIP-20,transitionSignature,RNA,D3-D12,159,153,False,False,True,True,exactFrozenMaps,cac98849dfe56f2991c2d87e65662335cab647b6d0d8ee838d03221be2b3c837,,IBIP20_temporal_random_fiber_controls,159,12561,3,6650,153,7,4,12554,12561,0.999442719529,3323,3325,0.999398496241,-1847,41765325,-4.42232880984e-05,4,7,0.571428571429,6650,12561,0.529416447735,25122,23275,1.07935553169,False,False,11,159,0.0691823899371,1:148;2:4;3:1
CellTag_iEP_reprogramming,CellTag_iEP,r2,F047:CellTag_iEP_reprogramming:CellTag_iEP:r2:r2_ATAC_3_12_21:fineDay21Fate,r2_ATAC_3_12_21,fineDay21Fate,IBIP20:r2:ATAC:0:snapshotDay3,IBIP-20,snapshotDay3,ATAC,D3-D12,35,1,False,False,True,True,exactFrozenMaps,5b80588497d1ba3a46b654900839af87f37776949cd33e99a190d1440f0e8d03,,IBIP20_temporal_random_fiber_controls,35,595,12,463,1,595,463,0,1,0,0,1,0,0,1,0,463,595,0.778151260504,463,595,0.778151260504,1,1,1,False,False,1,1,1,35:1
CellTag_iEP_reprogramming,CellTag_iEP,r2,F047:CellTag_iEP_reprogramming:CellTag_iEP:r2:r2_ATAC_3_12_21:fineDay21Fate,r2_ATAC_3_12_21,fineDay21Fate,IBIP20:r2:ATAC:0:day12State,IBIP-20,day12State,ATAC,D3-D12,35,1,False,False,True,True,exactFrozenMaps,5b80588497d1ba3a46b654900839af87f37776949cd33e99a190d1440f0e8d03,IBIP20:r2:ATAC:0:snapshotDay3,IBIP20_temporal_random_fiber_controls,35,595,12,463,1,595,463,0,1,0,0,1,0,0,1,0,463,595,0.778151260504,463,595,0.778151260504,1,1,1,False,False,1,1,1,35:1
CellTag_iEP_reprogramming,CellTag_iEP,r2,F047:CellTag_iEP_reprogramming:CellTag_iEP:r2:r2_ATAC_3_12_21:fineDay21Fate,r2_ATAC_3_12_21,fineDay21Fate,IBIP20:r2:ATAC:0:orderedHistory,IBIP-20,orderedHistory,ATAC,D3-D12,35,1,False,False,True,True,exactFrozenMaps,b208555efe2cd74c65d6dd9cab165d1049524957e15cec8f301b3015d49812c9,,IBIP20_temporal_random_fiber_controls,35,595,12,463,1,595,463,0,1,0,0,1,0,0,1,0,463,595,0.778151260504,463,595,0.778151260504,1,1,1,False,False,1,1,1,35:1
CellTag_iEP_reprogramming,CellTag_iEP,r2,F047:CellTag_iEP_reprogramming:CellTag_iEP:r2:r2_ATAC_3_12_21:fineDay21Fate,r2_ATAC_3_12_21,fineDay21Fate,IBIP20:r2:ATAC:0:unorderedHistory,IBIP-20,unorderedHistory,ATAC,D3-D12,35,1,False,False,True,True,exactFrozenMaps,b208555efe2cd74c65d6dd9cab165d1049524957e15cec8f301b3015d49812c9,IBIP20:r2:ATAC:0:orderedHistory,IBIP20_temporal_random_fiber_controls,35,595,12,463,1,595,463,0,1,0,0,1,0,0,1,0,463,595,0.778151260504,463,595,0.778151260504,1,1,1,False,False,1,1,1,35:1
CellTag_iEP_reprogramming,CellTag_iEP,r2,F047:CellTag_iEP_reprogramming:CellTag_iEP:r2:r2_ATAC_3_12_21:fineDay21Fate,r2_ATAC_3_12_21,fineDay21Fate,IBIP20:r2:ATAC:0:reversedHistory,IBIP-20,reversedHistory,ATAC,D3-D12,35,1,False,False,True,True,exactFrozenMaps,b208555efe2cd74c65d6dd9cab165d1049524957e15cec8f301b3015d49812c9,IBIP20:r2:ATAC:0:orderedHistory,IBIP20_temporal_random_fiber_controls,35,595,12,463,1,595,463,0,1,0,0,1,0,0,1,0,463,595,0.778151260504,463,595,0.778151260504,1,1,1,False,False,1,1,1,35:1
CellTag_iEP_reprogramming,CellTag_iEP,r2,F047:CellTag_iEP_reprogramming:CellTag_iEP:r2:r2_ATAC_3_12_21:fineDay21Fate,r2_ATAC_3_12_21,fineDay21Fate,IBIP20:r2:ATAC:0:transitionSignature,IBIP-20,transitionSignature,ATAC,D3-D12,35,1,False,False,True,True,exactFrozenMaps,5b80588497d1ba3a46b654900839af87f37776949cd33e99a190d1440f0e8d03,IBIP20:r2:ATAC:0:snapshotDay3,IBIP20_temporal_random_fiber_controls,35,595,12,463,1,595,463,0,1,0,0,1,0,0,1,0,463,595,0.778151260504,463,595,0.778151260504,1,1,1,False,False,1,1,1,35:1
CellTag_iEP_reprogramming,CellTag_iEP,r2,F047:CellTag_iEP_reprogramming:CellTag_iEP:r2:r2_ATAC_3_12_21:fineDay21Fate,r2_ATAC_3_12_21,fineDay21Fate,IBIP20:r2:ATAC:1:snapshotDay3,IBIP-20,snapshotDay3,ATAC,D3-D12,35,19,False,False,True,True,exactFrozenMaps,6f369c1e113007d14e1b058adba58b930181ce3af8ee97d712ebeb3cdaa59039,,IBIP20_temporal_random_fiber_controls,35,595,12,463,19,35,29,16,17,0.941176470588,434,463,0.937365010799,-30,7871,-0.0038114597891,29,35,0.828571428571,463,595,0.778151260504,493,463,1.06479481641,False,False,24,35,0.685714285714,1:11;2:5;3:1;4:1;7:1
CellTag_iEP_reprogramming,CellTag_iEP,r2,F047:CellTag_iEP_reprogramming:CellTag_iEP:r2:r2_ATAC_3_12_21:fineDay21Fate,r2_ATAC_3_12_21,fineDay21Fate,IBIP20:r2:ATAC:1:day12State,IBIP-20,day12State,ATAC,D3-D12,35,20,False,False,True,True,exactFrozenMaps,a28021e3c3c8e1f9b3057636c105a7f47eb1c3e4e5f3630e0d82606355324ed1,,IBIP20_temporal_random_fiber_controls,35,595,12,463,20,27,20,568,595,0.954621848739,443,463,0.956803455724,601,275485,0.00218160698405,20,27,0.740740740741,463,595,0.778151260504,11900,12501,0.951923846092,False,False,24,35,0.685714285714,1:11;2:6;3:2;6:1
CellTag_iEP_reprogramming,CellTag_iEP,r2,F047:CellTag_iEP_reprogramming:CellTag_iEP:r2:r2_ATAC_3_12_21:fineDay21Fate,r2_ATAC_3_12_21,fineDay21Fate,IBIP20:r2:ATAC:1:orderedHistory,IBIP-20,orderedHistory,ATAC,D3-D12,35,34,False,False,True,True,exactFrozenMaps,6441fc466dc698340c1a5821045ca8d64ffce5fc495d14e68c349bac99abfa8f,,IBIP20_temporal_random_fiber_controls,35,595,12,463,34,1,1,594,595,0.998319327731,462,463,0.997840172786,-132,275485,-0.000479154944915,1,1,1,463,595,0.778151260504,595,463,1.28509719222,False,False,2,35,0.0571428571429,1:33;2:1
CellTag_iEP_reprogramming,CellTag_iEP,r2,F047:CellTag_iEP_reprogramming:CellTag_iEP:r2:r2_ATAC_3_12_21:fineDay21Fate,r2_ATAC_3_12_21,fineDay21Fate,IBIP20:r2:ATAC:1:unorderedHistory,IBIP-20,unorderedHistory,ATAC,D3-D12,35,31,False,False,True,True,exactFrozenMaps,8efdc17c95ed26b4acd6139ba3ae2ef27e443d658eb64e85c7b8f56e8affde49,,IBIP20_temporal_random_fiber_controls,35,595,12,463,31,5,4,118,119,0.991596638655,459,463,0.991360691145,-13,55097,-0.000235947510754,4,5,0.8,463,595,0.778151260504,476,463,1.02807775378,False,False,1,5,0.2,1:28;2:2;3:1
CellTag_iEP_reprogramming,CellTag_iEP,r2,F047:CellTag_iEP_reprogramming:CellTag_iEP:r2:r2_ATAC_3_12_21:fineDay21Fate,r2_ATAC_3_12_21,fineDay21Fate,IBIP20:r2:ATAC:1:reversedHistory,IBIP-20,reversedHistory,ATAC,D3-D12,35,34,False,False,True,True,exactFrozenMaps,41d3c76ce3ba1b5859c913058b50a4d417dc42b5ee3b3b566b27e1684994173e,,IBIP20_temporal_random_fiber_controls,35,595,12,463,34,1,1,594,595,0.998319327731,462,463,0.997840172786,-132,275485,-0.000479154944915,1,1,1,463,595,0.778151260504,595,463,1.28509719222,False,False,2,35,0.0571428571429,1:33;2:1
CellTag_iEP_reprogramming,CellTag_iEP,r2,F047:CellTag_iEP_reprogramming:CellTag_iEP:r2:r2_ATAC_3_12_21:fineDay21Fate,r2_ATAC_3_12_21,fineDay21Fate,IBIP20:r2:ATAC:1:transitionSignature,IBIP-20,transitionSignature,ATAC,D3-D12,35,26,False,False,True,True,exactFrozenMaps,e51dcf3b80e1e09bc1d954eab6d59575a4bd28d311b6c9a5373487a854200554,,IBIP20_temporal_random_fiber_controls,35,595,12,463,26,10,8,117,119,0.983193277311,455,463,0.982721382289,-26,55097,-0.000471895021508,4,5,0.8,463,595,0.778151260504,476,463,1.02807775378,False,False,17,35,0.485714285714,1:18;2:7;3:1
CellTag_iEP_reprogramming,CellTag_iEP,r2,F047:CellTag_iEP_reprogramming:CellTag_iEP:r2:r2_ATAC_3_12_21:fineDay21Fate,r2_ATAC_3_12_21,fineDay21Fate,IBIP20:r2:ATAC:2:snapshotDay3,IBIP-20,snapshotDay3,ATAC,D3-D12,35,29,False,False,True,True,exactFrozenMaps,46ce4a53391073692be39f8f5d0a28606bbd7b2fe9924dad470db2965dfbc24c,,IBIP20_temporal_random_fiber_controls,35,595,12,463,29,21,15,82,85,0.964705882353,448,463,0.967602591793,114,39355,0.00289670943972,5,7,0.714285714286,463,595,0.778151260504,425,463,0.917926565875,False,False,1,5,0.2,1:28;7:1
CellTag_iEP_reprogramming,CellTag_iEP,r2,F047:CellTag_iEP_reprogramming:CellTag_iEP:r2:r2_ATAC_3_12_21:fineDay21Fate,r2_ATAC_3_12_21,fineDay21Fate,IBIP20:r2:ATAC:2:day12State,IBIP-20,day12State,ATAC,D3-D12,35,34,False,True,True,True,exactFrozenMaps,d5fb447c6f438e16628b60012689529b3173ed8880a83a8bc444875005c0853e,,IBIP20_temporal_random_fiber_controls,35,595,12,463,34,1,0,594,595,0.998319327731,1,1,1,1,595,0.00168067226891,0,1,0,463,595,0.778151260504,0,1,0,True,True,2,35,0.0571428571429,1:33;2:1
CellTag_iEP_reprogramming,CellTag_iEP,r2,F047:CellTag_iEP_reprogramming:CellTag_iEP:r2:r2_ATAC_3_12_21:fineDay21Fate,r2_ATAC_3_12_21,fineDay21Fate,IBIP20:r2:ATAC:2:orderedHistory,IBIP-20,orderedHistory,ATAC,D3-D12,35,35,True,True,True,True,exactFrozenMaps,7846724cbab16f4755dc81eea469823a176e0fc1e08d017516ed6e5abcbee45e,,IBIP20_temporal_random_fiber_controls,35,595,12,463,35,0,0,1,1,1,1,1,1,0,1,0,,,undefinedInjective,463,595,0.778151260504,,,undefinedInjective,True,False,0,1,0,1:35
CellTag_iEP_reprogramming,CellTag_iEP,r2,F047:CellTag_iEP_reprogramming:CellTag_iEP:r2:r2_ATAC_3_12_21:fineDay21Fate,r2_ATAC_3_12_21,fineDay21Fate,IBIP20:r2:ATAC:2:unorderedHistory,IBIP-20,unorderedHistory,ATAC,D3-D12,35,35,True,True,True,True,exactFrozenMaps,b21dc7c7afc91b155d6fcabf3e37f0cc2c87791b901db688a57c78a7778346c8,,IBIP20_temporal_random_fiber_controls,35,595,12,463,35,0,0,1,1,1,1,1,1,0,1,0,,,undefinedInjective,463,595,0.778151260504,,,undefinedInjective,True,False,0,1,0,1:35
CellTag_iEP_reprogramming,CellTag_iEP,r2,F047:CellTag_iEP_reprogramming:CellTag_iEP:r2:r2_ATAC_3_12_21:fineDay21Fate,r2_ATAC_3_12_21,fineDay21Fate,IBIP20:r2:ATAC:2:reversedHistory,IBIP-20,reversedHistory,ATAC,D3-D12,35,35,True,True,True,True,exactFrozenMaps,61c88900667064220e09153375b0ac92976799ff0c8ddd156a3b0e43ce0baf4b,,IBIP20_temporal_random_fiber_controls,35,595,12,463,35,0,0,1,1,1,1,1,1,0,1,0,,,undefinedInjective,463,595,0.778151260504,,,undefinedInjective,True,False,0,1,0,1:35
CellTag_iEP_reprogramming,CellTag_iEP,r2,F047:CellTag_iEP_reprogramming:CellTag_iEP:r2:r2_ATAC_3_12_21:fineDay21Fate,r2_ATAC_3_12_21,fineDay21Fate,IBIP20:r2:ATAC:2:transitionSignature,IBIP-20,transitionSignature,ATAC,D3-D12,35,35,True,True,True,True,exactFrozenMaps,b90a12356ef727e362bdcda1bd94fd54b6ff6d17ebaf8c1eef4f95f826780bcb,,IBIP20_temporal_random_fiber_controls,35,595,12,463,35,0,0,1,1,1,1,1,1,0,1,0,,,undefinedInjective,463,595,0.778151260504,,,undefinedInjective,True,False,0,1,0,1:35
CellTag_iEP_reprogramming,CellTag_iEP,r2,F047:CellTag_iEP_reprogramming:CellTag_iEP:r2:r2_ATAC_3_12_21:fineDay21Fate,r2_ATAC_3_12_21,fineDay21Fate,IBIP20:r2:ATAC:4:snapshotDay3,IBIP-20,snapshotDay3,ATAC,D3-D12,35,30,False,False,True,True,exactFrozenMaps,80f9cc370ca36347ccac0e24cd40544f0b7409213b0689925418116c355e1593,,IBIP20_temporal_random_fiber_controls,35,595,12,463,30,15,12,116,119,0.974789915966,451,463,0.974082073434,-39,55097,-0.000707842532261,4,5,0.8,463,595,0.778151260504,476,463,1.02807775378,False,False,6,35,0.171428571429,1:29;6:1
CellTag_iEP_reprogramming,CellTag_iEP,r2,F047:CellTag_iEP_reprogramming:CellTag_iEP:r2:r2_ATAC_3_12_21:fineDay21Fate,r2_ATAC_3_12_21,fineDay21Fate,IBIP20:r2:ATAC:4:day12State,IBIP-20,day12State,ATAC,D3-D12,35,35,True,True,True,True,exactFrozenMaps,53f54ea3a14fbae381a2c4e3875473465b91c7fd53ba504cb2f0729e758f7f5b,,IBIP20_temporal_random_fiber_controls,35,595,12,463,35,0,0,1,1,1,1,1,1,0,1,0,,,undefinedInjective,463,595,0.778151260504,,,undefinedInjective,True,False,0,1,0,1:35
CellTag_iEP_reprogramming,CellTag_iEP,r2,F047:CellTag_iEP_reprogramming:CellTag_iEP:r2:r2_ATAC_3_12_21:fineDay21Fate,r2_ATAC_3_12_21,fineDay21Fate,IBIP20:r2:ATAC:4:orderedHistory,IBIP-20,orderedHistory,ATAC,D3-D12,35,35,True,True,True,True,exactFrozenMaps,e6699833cc695f72b02a79a79ba036e5ae6ad0d6d8842917cae975ce78ecd2ac,,IBIP20_temporal_random_fiber_controls,35,595,12,463,35,0,0,1,1,1,1,1,1,0,1,0,,,undefinedInjective,463,595,0.778151260504,,,undefinedInjective,True,False,0,1,0,1:35
CellTag_iEP_reprogramming,CellTag_iEP,r2,F047:CellTag_iEP_reprogramming:CellTag_iEP:r2:r2_ATAC_3_12_21:fineDay21Fate,r2_ATAC_3_12_21,fineDay21Fate,IBIP20:r2:ATAC:4:unorderedHistory,IBIP-20,unorderedHistory,ATAC,D3-D12,35,35,True,True,True,True,exactFrozenMaps,8e1547c0c33999256c1fc98eb6e1e01e5ea94ee1751fc13340ddb1bfec091153,,IBIP20_temporal_random_fiber_controls,35,595,12,463,35,0,0,1,1,1,1,1,1,0,1,0,,,undefinedInjective,463,595,0.778151260504,,,undefinedInjective,True,False,0,1,0,1:35
CellTag_iEP_reprogramming,CellTag_iEP,r2,F047:CellTag_iEP_reprogramming:CellTag_iEP:r2:r2_ATAC_3_12_21:fineDay21Fate,r2_ATAC_3_12_21,fineDay21Fate,IBIP20:r2:ATAC:4:reversedHistory,IBIP-20,reversedHistory,ATAC,D3-D12,35,35,True,True,True,True,exactFrozenMaps,b0765f78c0b02d2a23a4dc9bb0c54eb96682b4e670fee5693b25b587ef04fb78,,IBIP20_temporal_random_fiber_controls,35,595,12,463,35,0,0,1,1,1,1,1,1,0,1,0,,,undefinedInjective,463,595,0.778151260504,,,undefinedInjective,True,False,0,1,0,1:35
CellTag_iEP_reprogramming,CellTag_iEP,r2,F047:CellTag_iEP_reprogramming:CellTag_iEP:r2:r2_ATAC_3_12_21:fineDay21Fate,r2_ATAC_3_12_21,fineDay21Fate,IBIP20:r2:ATAC:4:transitionSignature,IBIP-20,transitionSignature,ATAC,D3-D12,35,35,True,True,True,True,exactFrozenMaps,74a66c557226a22b6ac5abec8cc64395c7429400090c362297c2e2505ecc3ff6,,IBIP20_temporal_random_fiber_controls,35,595,12,463,35,0,0,1,1,1,1,1,1,0,1,0,,,undefinedInjective,463,595,0.778151260504,,,undefinedInjective,True,False,0,1,0,1:35
CellTag_iEP_reprogramming,CellTag_iEP,r2,F047:CellTag_iEP_reprogramming:CellTag_iEP:r2:r2_ATAC_3_12_21:fineDay21Fate,r2_ATAC_3_12_21,fineDay21Fate,IBIP20:r2:ATAC:5:snapshotDay3,IBIP-20,snapshotDay3,ATAC,D3-D12,35,30,False,False,True,True,exactFrozenMaps,aea205c53368685b6bbabbae33cfc058c87a0e6f1cf0d71f9155148e54cbc5cb,,IBIP20_temporal_random_fiber_controls,35,595,12,463,30,15,12,116,119,0.974789915966,451,463,0.974082073434,-39,55097,-0.000707842532261,4,5,0.8,463,595,0.778151260504,476,463,1.02807775378,False,False,6,35,0.171428571429,1:29;6:1
CellTag_iEP_reprogramming,CellTag_iEP,r2,F047:CellTag_iEP_reprogramming:CellTag_iEP:r2:r2_ATAC_3_12_21:fineDay21Fate,r2_ATAC_3_12_21,fineDay21Fate,IBIP20:r2:ATAC:5:day12State,IBIP-20,day12State,ATAC,D3-D12,35,35,True,True,True,True,exactFrozenMaps,d7319df6a3b0b2e6be946575348bfded7ff6454849d29c47fd28b74ee9f99b0c,,IBIP20_temporal_random_fiber_controls,35,595,12,463,35,0,0,1,1,1,1,1,1,0,1,0,,,undefinedInjective,463,595,0.778151260504,,,undefinedInjective,True,False,0,1,0,1:35
CellTag_iEP_reprogramming,CellTag_iEP,r2,F047:CellTag_iEP_reprogramming:CellTag_iEP:r2:r2_ATAC_3_12_21:fineDay21Fate,r2_ATAC_3_12_21,fineDay21Fate,IBIP20:r2:ATAC:5:orderedHistory,IBIP-20,orderedHistory,ATAC,D3-D12,35,35,True,True,True,True,exactFrozenMaps,bc59f1b752fef349fff096d15df5b9460515475e7dacc771c6e56952c9fd9bd8,,IBIP20_temporal_random_fiber_controls,35,595,12,463,35,0,0,1,1,1,1,1,1,0,1,0,,,undefinedInjective,463,595,0.778151260504,,,undefinedInjective,True,False,0,1,0,1:35
CellTag_iEP_reprogramming,CellTag_iEP,r2,F047:CellTag_iEP_reprogramming:CellTag_iEP:r2:r2_ATAC_3_12_21:fineDay21Fate,r2_ATAC_3_12_21,fineDay21Fate,IBIP20:r2:ATAC:5:unorderedHistory,IBIP-20,unorderedHistory,ATAC,D3-D12,35,35,True,True,True,True,exactFrozenMaps,43c034e22bba7893318ba44ab5cebd0b5f66d51589a579e26d5c1d588a11d198,,IBIP20_temporal_random_fiber_controls,35,595,12,463,35,0,0,1,1,1,1,1,1,0,1,0,,,undefinedInjective,463,595,0.778151260504,,,undefinedInjective,True,False,0,1,0,1:35
CellTag_iEP_reprogramming,CellTag_iEP,r2,F047:CellTag_iEP_reprogramming:CellTag_iEP:r2:r2_ATAC_3_12_21:fineDay21Fate,r2_ATAC_3_12_21,fineDay21Fate,IBIP20:r2:ATAC:5:reversedHistory,IBIP-20,reversedHistory,ATAC,D3-D12,35,35,True,True,True,True,exactFrozenMaps,01218a4a62ae519f01b0c4ff21a0acc20e9202692e096ab210102958e5ac71cf,,IBIP20_temporal_random_fiber_controls,35,595,12,463,35,0,0,1,1,1,1,1,1,0,1,0,,,undefinedInjective,463,595,0.778151260504,,,undefinedInjective,True,False,0,1,0,1:35
CellTag_iEP_reprogramming,CellTag_iEP,r2,F047:CellTag_iEP_reprogramming:CellTag_iEP:r2:r2_ATAC_3_12_21:fineDay21Fate,r2_ATAC_3_12_21,fineDay21Fate,IBIP20:r2:ATAC:5:transitionSignature,IBIP-20,transitionSignature,ATAC,D3-D12,35,35,True,True,True,True,exactFrozenMaps,4e82c7736a4da6dd4cce7ccb71eaa64c0bf32650c00da638fbdfb6180ebef557,,IBIP20_temporal_random_fiber_controls,35,595,12,463,35,0,0,1,1,1,1,1,1,0,1,0,,,undefinedInjective,463,595,0.778151260504,,,undefinedInjective,True,False,0,1,0,1:35
CellTag_iEP_reprogramming,CellTag_iEP,r2,F048:CellTag_iEP_reprogramming:CellTag_iEP:r2:r2_ATAC_3_12_21:sourceGroupedDay21Fate,r2_ATAC_3_12_21,sourceGroupedDay21Fate,IBIP20:r2:ATAC:0:snapshotDay3,IBIP-20,snapshotDay3,ATAC,D3-D12,35,1,False,False,True,True,exactFrozenMaps,5b80588497d1ba3a46b654900839af87f37776949cd33e99a190d1440f0e8d03,,IBIP20_temporal_random_fiber_controls,35,595,7,352,1,595,352,0,1,0,0,1,0,0,1,0,352,595,0.591596638655,352,595,0.591596638655,1,1,1,False,False,1,1,1,35:1
CellTag_iEP_reprogramming,CellTag_iEP,r2,F048:CellTag_iEP_reprogramming:CellTag_iEP:r2:r2_ATAC_3_12_21:sourceGroupedDay21Fate,r2_ATAC_3_12_21,sourceGroupedDay21Fate,IBIP20:r2:ATAC:0:day12State,IBIP-20,day12State,ATAC,D3-D12,35,1,False,False,True,True,exactFrozenMaps,5b80588497d1ba3a46b654900839af87f37776949cd33e99a190d1440f0e8d03,IBIP20:r2:ATAC:0:snapshotDay3,IBIP20_temporal_random_fiber_controls,35,595,7,352,1,595,352,0,1,0,0,1,0,0,1,0,352,595,0.591596638655,352,595,0.591596638655,1,1,1,False,False,1,1,1,35:1
CellTag_iEP_reprogramming,CellTag_iEP,r2,F048:CellTag_iEP_reprogramming:CellTag_iEP:r2:r2_ATAC_3_12_21:sourceGroupedDay21Fate,r2_ATAC_3_12_21,sourceGroupedDay21Fate,IBIP20:r2:ATAC:0:orderedHistory,IBIP-20,orderedHistory,ATAC,D3-D12,35,1,False,False,True,True,exactFrozenMaps,b208555efe2cd74c65d6dd9cab165d1049524957e15cec8f301b3015d49812c9,,IBIP20_temporal_random_fiber_controls,35,595,7,352,1,595,352,0,1,0,0,1,0,0,1,0,352,595,0.591596638655,352,595,0.591596638655,1,1,1,False,False,1,1,1,35:1
CellTag_iEP_reprogramming,CellTag_iEP,r2,F048:CellTag_iEP_reprogramming:CellTag_iEP:r2:r2_ATAC_3_12_21:sourceGroupedDay21Fate,r2_ATAC_3_12_21,sourceGroupedDay21Fate,IBIP20:r2:ATAC:0:unorderedHistory,IBIP-20,unorderedHistory,ATAC,D3-D12,35,1,False,False,True,True,exactFrozenMaps,b208555efe2cd74c65d6dd9cab165d1049524957e15cec8f301b3015d49812c9,IBIP20:r2:ATAC:0:orderedHistory,IBIP20_temporal_random_fiber_controls,35,595,7,352,1,595,352,0,1,0,0,1,0,0,1,0,352,595,0.591596638655,352,595,0.591596638655,1,1,1,False,False,1,1,1,35:1
CellTag_iEP_reprogramming,CellTag_iEP,r2,F048:CellTag_iEP_reprogramming:CellTag_iEP:r2:r2_ATAC_3_12_21:sourceGroupedDay21Fate,r2_ATAC_3_12_21,sourceGroupedDay21Fate,IBIP20:r2:ATAC:0:reversedHistory,IBIP-20,reversedHistory,ATAC,D3-D12,35,1,False,False,True,True,exactFrozenMaps,b208555efe2cd74c65d6dd9cab165d1049524957e15cec8f301b3015d49812c9,IBIP20:r2:ATAC:0:orderedHistory,IBIP20_temporal_random_fiber_controls,35,595,7,352,1,595,352,0,1,0,0,1,0,0,1,0,352,595,0.591596638655,352,595,0.591596638655,1,1,1,False,False,1,1,1,35:1
CellTag_iEP_reprogramming,CellTag_iEP,r2,F048:CellTag_iEP_reprogramming:CellTag_iEP:r2:r2_ATAC_3_12_21:sourceGroupedDay21Fate,r2_ATAC_3_12_21,sourceGroupedDay21Fate,IBIP20:r2:ATAC:0:transitionSignature,IBIP-20,transitionSignature,ATAC,D3-D12,35,1,False,False,True,True,exactFrozenMaps,5b80588497d1ba3a46b654900839af87f37776949cd33e99a190d1440f0e8d03,IBIP20:r2:ATAC:0:snapshotDay3,IBIP20_temporal_random_fiber_controls,35,595,7,352,1,595,352,0,1,0,0,1,0,0,1,0,352,595,0.591596638655,352,595,0.591596638655,1,1,1,False,False,1,1,1,35:1
CellTag_iEP_reprogramming,CellTag_iEP,r2,F048:CellTag_iEP_reprogramming:CellTag_iEP:r2:r2_ATAC_3_12_21:sourceGroupedDay21Fate,r2_ATAC_3_12_21,sourceGroupedDay21Fate,IBIP20:r2:ATAC:1:snapshotDay3,IBIP-20,snapshotDay3,ATAC,D3-D12,35,19,False,False,True,True,exactFrozenMaps,6f369c1e113007d14e1b058adba58b930181ce3af8ee97d712ebeb3cdaa59039,,IBIP20_temporal_random_fiber_controls,35,595,7,352,19,35,22,16,17,0.941176470588,15,16,0.9375,-1,272,-0.00367647058824,22,35,0.628571428571,352,595,0.591596638655,17,16,1.0625,False,False,24,35,0.685714285714,1:11;2:5;3:1;4:1;7:1
CellTag_iEP_reprogramming,CellTag_iEP,r2,F048:CellTag_iEP_reprogramming:CellTag_iEP:r2:r2_ATAC_3_12_21:sourceGroupedDay21Fate,r2_ATAC_3_12_21,sourceGroupedDay21Fate,IBIP20:r2:ATAC:1:day12State,IBIP-20,day12State,ATAC,D3-D12,35,20,False,False,True,True,exactFrozenMaps,a28021e3c3c8e1f9b3057636c105a7f47eb1c3e4e5f3630e0d82606355324ed1,,IBIP20_temporal_random_fiber_controls,35,595,7,352,20,27,14,568,595,0.954621848739,169,176,0.960227272727,587,104720,0.00560542398778,14,27,0.518518518519,352,595,0.591596638655,4165,4752,0.876473063973,False,False,24,35,0.685714285714,1:11;2:6;3:2;6:1
CellTag_iEP_reprogramming,CellTag_iEP,r2,F048:CellTag_iEP_reprogramming:CellTag_iEP:r2:r2_ATAC_3_12_21:sourceGroupedDay21Fate,r2_ATAC_3_12_21,sourceGroupedDay21Fate,IBIP20:r2:ATAC:1:orderedHistory,IBIP-20,orderedHistory,ATAC,D3-D12,35,34,False,True,True,True,exactFrozenMaps,6441fc466dc698340c1a5821045ca8d64ffce5fc495d14e68c349bac99abfa8f,,IBIP20_temporal_random_fiber_controls,35,595,7,352,34,1,0,594,595,0.998319327731,1,1,1,1,595,0.00168067226891,0,1,0,352,595,0.591596638655,0,1,0,True,True,2,35,0.0571428571429,1:33;2:1
CellTag_iEP_reprogramming,CellTag_iEP,r2,F048:CellTag_iEP_reprogramming:CellTag_iEP:r2:r2_ATAC_3_12_21:sourceGroupedDay21Fate,r2_ATAC_3_12_21,sourceGroupedDay21Fate,IBIP20:r2:ATAC:1:unorderedHistory,IBIP-20,unorderedHistory,ATAC,D3-D12,35,31,False,False,True,True,exactFrozenMaps,8efdc17c95ed26b4acd6139ba3ae2ef27e443d658eb64e85c7b8f56e8affde49,,IBIP20_temporal_random_fiber_controls,35,595,7,352,31,5,3,118,119,0.991596638655,349,352,0.991477272727,-5,41888,-0.000119365928189,3,5,0.6,352,595,0.591596638655,357,352,1.01420454545,False,False,1,5,0.2,1:28;2:2;3:1
CellTag_iEP_reprogramming,CellTag_iEP,r2,F048:CellTag_iEP_reprogramming:CellTag_iEP:r2:r2_ATAC_3_12_21:sourceGroupedDay21Fate,r2_ATAC_3_12_21,sourceGroupedDay21Fate,IBIP20:r2:ATAC:1:reversedHistory,IBIP-20,reversedHistory,ATAC,D3-D12,35,34,False,True,True,True,exactFrozenMaps,41d3c76ce3ba1b5859c913058b50a4d417dc42b5ee3b3b566b27e1684994173e,,IBIP20_temporal_random_fiber_controls,35,595,7,352,34,1,0,594,595,0.998319327731,1,1,1,1,595,0.00168067226891,0,1,0,352,595,0.591596638655,0,1,0,True,True,2,35,0.0571428571429,1:33;2:1
CellTag_iEP_reprogramming,CellTag_iEP,r2,F048:CellTag_iEP_reprogramming:CellTag_iEP:r2:r2_ATAC_3_12_21:sourceGroupedDay21Fate,r2_ATAC_3_12_21,sourceGroupedDay21Fate,IBIP20:r2:ATAC:1:transitionSignature,IBIP-20,transitionSignature,ATAC,D3-D12,35,26,False,False,True,True,exactFrozenMaps,e51dcf3b80e1e09bc1d954eab6d59575a4bd28d311b6c9a5373487a854200554,,IBIP20_temporal_random_fiber_controls,35,595,7,352,26,10,4,117,119,0.983193277311,87,88,0.988636363636,57,10472,0.00544308632544,2,5,0.4,352,595,0.591596638655,119,176,0.676136363636,False,False,17,35,0.485714285714,1:18;2:7;3:1
CellTag_iEP_reprogramming,CellTag_iEP,r2,F048:CellTag_iEP_reprogramming:CellTag_iEP:r2:r2_ATAC_3_12_21:sourceGroupedDay21Fate,r2_ATAC_3_12_21,sourceGroupedDay21Fate,IBIP20:r2:ATAC:2:snapshotDay3,IBIP-20,snapshotDay3,ATAC,D3-D12,35,29,False,False,True,True,exactFrozenMaps,46ce4a53391073692be39f8f5d0a28606bbd7b2fe9924dad470db2965dfbc24c,,IBIP20_temporal_random_fiber_controls,35,595,7,352,29,21,11,82,85,0.964705882353,31,32,0.96875,11,2720,0.00404411764706,11,21,0.52380952381,352,595,0.591596638655,85,96,0.885416666667,False,False,1,5,0.2,1:28;7:1
CellTag_iEP_reprogramming,CellTag_iEP,r2,F048:CellTag_iEP_reprogramming:CellTag_iEP:r2:r2_ATAC_3_12_21:sourceGroupedDay21Fate,r2_ATAC_3_12_21,sourceGroupedDay21Fate,IBIP20:r2:ATAC:2:day12State,IBIP-20,day12State,ATAC,D3-D12,35,34,False,True,True,True,exactFrozenMaps,d5fb447c6f438e16628b60012689529b3173ed8880a83a8bc444875005c0853e,,IBIP20_temporal_random_fiber_controls,35,595,7,352,34,1,0,594,595,0.998319327731,1,1,1,1,595,0.00168067226891,0,1,0,352,595,0.591596638655,0,1,0,True,True,2,35,0.0571428571429,1:33;2:1
CellTag_iEP_reprogramming,CellTag_iEP,r2,F048:CellTag_iEP_reprogramming:CellTag_iEP:r2:r2_ATAC_3_12_21:sourceGroupedDay21Fate,r2_ATAC_3_12_21,sourceGroupedDay21Fate,IBIP20:r2:ATAC:2:orderedHistory,IBIP-20,orderedHistory,ATAC,D3-D12,35,35,True,True,True,True,exactFrozenMaps,7846724cbab16f4755dc81eea469823a176e0fc1e08d017516ed6e5abcbee45e,,IBIP20_temporal_random_fiber_controls,35,595,7,352,35,0,0,1,1,1,1,1,1,0,1,0,,,undefinedInjective,352,595,0.591596638655,,,undefinedInjective,True,False,0,1,0,1:35
CellTag_iEP_reprogramming,CellTag_iEP,r2,F048:CellTag_iEP_reprogramming:CellTag_iEP:r2:r2_ATAC_3_12_21:sourceGroupedDay21Fate,r2_ATAC_3_12_21,sourceGroupedDay21Fate,IBIP20:r2:ATAC:2:unorderedHistory,IBIP-20,unorderedHistory,ATAC,D3-D12,35,35,True,True,True,True,exactFrozenMaps,b21dc7c7afc91b155d6fcabf3e37f0cc2c87791b901db688a57c78a7778346c8,,IBIP20_temporal_random_fiber_controls,35,595,7,352,35,0,0,1,1,1,1,1,1,0,1,0,,,undefinedInjective,352,595,0.591596638655,,,undefinedInjective,True,False,0,1,0,1:35
CellTag_iEP_reprogramming,CellTag_iEP,r2,F048:CellTag_iEP_reprogramming:CellTag_iEP:r2:r2_ATAC_3_12_21:sourceGroupedDay21Fate,r2_ATAC_3_12_21,sourceGroupedDay21Fate,IBIP20:r2:ATAC:2:reversedHistory,IBIP-20,reversedHistory,ATAC,D3-D12,35,35,True,True,True,True,exactFrozenMaps,61c88900667064220e09153375b0ac92976799ff0c8ddd156a3b0e43ce0baf4b,,IBIP20_temporal_random_fiber_controls,35,595,7,352,35,0,0,1,1,1,1,1,1,0,1,0,,,undefinedInjective,352,595,0.591596638655,,,undefinedInjective,True,False,0,1,0,1:35
CellTag_iEP_reprogramming,CellTag_iEP,r2,F048:CellTag_iEP_reprogramming:CellTag_iEP:r2:r2_ATAC_3_12_21:sourceGroupedDay21Fate,r2_ATAC_3_12_21,sourceGroupedDay21Fate,IBIP20:r2:ATAC:2:transitionSignature,IBIP-20,transitionSignature,ATAC,D3-D12,35,35,True,True,True,True,exactFrozenMaps,b90a12356ef727e362bdcda1bd94fd54b6ff6d17ebaf8c1eef4f95f826780bcb,,IBIP20_temporal_random_fiber_controls,35,595,7,352,35,0,0,1,1,1,1,1,1,0,1,0,,,undefinedInjective,352,595,0.591596638655,,,undefinedInjective,True,False,0,1,0,1:35
CellTag_iEP_reprogramming,CellTag_iEP,r2,F048:CellTag_iEP_reprogramming:CellTag_iEP:r2:r2_ATAC_3_12_21:sourceGroupedDay21Fate,r2_ATAC_3_12_21,sourceGroupedDay21Fate,IBIP20:r2:ATAC:4:snapshotDay3,IBIP-20,snapshotDay3,ATAC,D3-D12,35,30,False,False,True,True,exactFrozenMaps,80f9cc370ca36347ccac0e24cd40544f0b7409213b0689925418116c355e1593,,IBIP20_temporal_random_fiber_controls,35,595,7,352,30,15,9,116,119,0.974789915966,343,352,0.974431818182,-15,41888,-0.000358097784568,3,5,0.6,352,595,0.591596638655,357,352,1.01420454545,False,False,6,35,0.171428571429,1:29;6:1
CellTag_iEP_reprogramming,CellTag_iEP,r2,F048:CellTag_iEP_reprogramming:CellTag_iEP:r2:r2_ATAC_3_12_21:sourceGroupedDay21Fate,r2_ATAC_3_12_21,sourceGroupedDay21Fate,IBIP20:r2:ATAC:4:day12State,IBIP-20,day12State,ATAC,D3-D12,35,35,True,True,True,True,exactFrozenMaps,53f54ea3a14fbae381a2c4e3875473465b91c7fd53ba504cb2f0729e758f7f5b,,IBIP20_temporal_random_fiber_controls,35,595,7,352,35,0,0,1,1,1,1,1,1,0,1,0,,,undefinedInjective,352,595,0.591596638655,,,undefinedInjective,True,False,0,1,0,1:35
CellTag_iEP_reprogramming,CellTag_iEP,r2,F048:CellTag_iEP_reprogramming:CellTag_iEP:r2:r2_ATAC_3_12_21:sourceGroupedDay21Fate,r2_ATAC_3_12_21,sourceGroupedDay21Fate,IBIP20:r2:ATAC:4:orderedHistory,IBIP-20,orderedHistory,ATAC,D3-D12,35,35,True,True,True,True,exactFrozenMaps,e6699833cc695f72b02a79a79ba036e5ae6ad0d6d8842917cae975ce78ecd2ac,,IBIP20_temporal_random_fiber_controls,35,595,7,352,35,0,0,1,1,1,1,1,1,0,1,0,,,undefinedInjective,352,595,0.591596638655,,,undefinedInjective,True,False,0,1,0,1:35
CellTag_iEP_reprogramming,CellTag_iEP,r2,F048:CellTag_iEP_reprogramming:CellTag_iEP:r2:r2_ATAC_3_12_21:sourceGroupedDay21Fate,r2_ATAC_3_12_21,sourceGroupedDay21Fate,IBIP20:r2:ATAC:4:unorderedHistory,IBIP-20,unorderedHistory,ATAC,D3-D12,35,35,True,True,True,True,exactFrozenMaps,8e1547c0c33999256c1fc98eb6e1e01e5ea94ee1751fc13340ddb1bfec091153,,IBIP20_temporal_random_fiber_controls,35,595,7,352,35,0,0,1,1,1,1,1,1,0,1,0,,,undefinedInjective,352,595,0.591596638655,,,undefinedInjective,True,False,0,1,0,1:35
CellTag_iEP_reprogramming,CellTag_iEP,r2,F048:CellTag_iEP_reprogramming:CellTag_iEP:r2:r2_ATAC_3_12_21:sourceGroupedDay21Fate,r2_ATAC_3_12_21,sourceGroupedDay21Fate,IBIP20:r2:ATAC:4:reversedHistory,IBIP-20,reversedHistory,ATAC,D3-D12,35,35,True,True,True,True,exactFrozenMaps,b0765f78c0b02d2a23a4dc9bb0c54eb96682b4e670fee5693b25b587ef04fb78,,IBIP20_temporal_random_fiber_controls,35,595,7,352,35,0,0,1,1,1,1,1,1,0,1,0,,,undefinedInjective,352,595,0.591596638655,,,undefinedInjective,True,False,0,1,0,1:35
CellTag_iEP_reprogramming,CellTag_iEP,r2,F048:CellTag_iEP_reprogramming:CellTag_iEP:r2:r2_ATAC_3_12_21:sourceGroupedDay21Fate,r2_ATAC_3_12_21,sourceGroupedDay21Fate,IBIP20:r2:ATAC:4:transitionSignature,IBIP-20,transitionSignature,ATAC,D3-D12,35,35,True,True,True,True,exactFrozenMaps,74a66c557226a22b6ac5abec8cc64395c7429400090c362297c2e2505ecc3ff6,,IBIP20_temporal_random_fiber_controls,35,595,7,352,35,0,0,1,1,1,1,1,1,0,1,0,,,undefinedInjective,352,595,0.591596638655,,,undefinedInjective,True,False,0,1,0,1:35
CellTag_iEP_reprogramming,CellTag_iEP,r2,F048:CellTag_iEP_reprogramming:CellTag_iEP:r2:r2_ATAC_3_12_21:sourceGroupedDay21Fate,r2_ATAC_3_12_21,sourceGroupedDay21Fate,IBIP20:r2:ATAC:5:snapshotDay3,IBIP-20,snapshotDay3,ATAC,D3-D12,35,30,False,False,True,True,exactFrozenMaps,aea205c53368685b6bbabbae33cfc058c87a0e6f1cf0d71f9155148e54cbc5cb,,IBIP20_temporal_random_fiber_controls,35,595,7,352,30,15,9,116,119,0.974789915966,343,352,0.974431818182,-15,41888,-0.000358097784568,3,5,0.6,352,595,0.591596638655,357,352,1.01420454545,False,False,6,35,0.171428571429,1:29;6:1
CellTag_iEP_reprogramming,CellTag_iEP,r2,F048:CellTag_iEP_reprogramming:CellTag_iEP:r2:r2_ATAC_3_12_21:sourceGroupedDay21Fate,r2_ATAC_3_12_21,sourceGroupedDay21Fate,IBIP20:r2:ATAC:5:day12State,IBIP-20,day12State,ATAC,D3-D12,35,35,True,True,True,True,exactFrozenMaps,d7319df6a3b0b2e6be946575348bfded7ff6454849d29c47fd28b74ee9f99b0c,,IBIP20_temporal_random_fiber_controls,35,595,7,352,35,0,0,1,1,1,1,1,1,0,1,0,,,undefinedInjective,352,595,0.591596638655,,,undefinedInjective,True,False,0,1,0,1:35
CellTag_iEP_reprogramming,CellTag_iEP,r2,F048:CellTag_iEP_reprogramming:CellTag_iEP:r2:r2_ATAC_3_12_21:sourceGroupedDay21Fate,r2_ATAC_3_12_21,sourceGroupedDay21Fate,IBIP20:r2:ATAC:5:orderedHistory,IBIP-20,orderedHistory,ATAC,D3-D12,35,35,True,True,True,True,exactFrozenMaps,bc59f1b752fef349fff096d15df5b9460515475e7dacc771c6e56952c9fd9bd8,,IBIP20_temporal_random_fiber_controls,35,595,7,352,35,0,0,1,1,1,1,1,1,0,1,0,,,undefinedInjective,352,595,0.591596638655,,,undefinedInjective,True,False,0,1,0,1:35
CellTag_iEP_reprogramming,CellTag_iEP,r2,F048:CellTag_iEP_reprogramming:CellTag_iEP:r2:r2_ATAC_3_12_21:sourceGroupedDay21Fate,r2_ATAC_3_12_21,sourceGroupedDay21Fate,IBIP20:r2:ATAC:5:unorderedHistory,IBIP-20,unorderedHistory,ATAC,D3-D12,35,35,True,True,True,True,exactFrozenMaps,43c034e22bba7893318ba44ab5cebd0b5f66d51589a579e26d5c1d588a11d198,,IBIP20_temporal_random_fiber_controls,35,595,7,352,35,0,0,1,1,1,1,1,1,0,1,0,,,undefinedInjective,352,595,0.591596638655,,,undefinedInjective,True,False,0,1,0,1:35
CellTag_iEP_reprogramming,CellTag_iEP,r2,F048:CellTag_iEP_reprogramming:CellTag_iEP:r2:r2_ATAC_3_12_21:sourceGroupedDay21Fate,r2_ATAC_3_12_21,sourceGroupedDay21Fate,IBIP20:r2:ATAC:5:reversedHistory,IBIP-20,reversedHistory,ATAC,D3-D12,35,35,True,True,True,True,exactFrozenMaps,01218a4a62ae519f01b0c4ff21a0acc20e9202692e096ab210102958e5ac71cf,,IBIP20_temporal_random_fiber_controls,35,595,7,352,35,0,0,1,1,1,1,1,1,0,1,0,,,undefinedInjective,352,595,0.591596638655,,,undefinedInjective,True,False,0,1,0,1:35
CellTag_iEP_reprogramming,CellTag_iEP,r2,F048:CellTag_iEP_reprogramming:CellTag_iEP:r2:r2_ATAC_3_12_21:sourceGroupedDay21Fate,r2_ATAC_3_12_21,sourceGroupedDay21Fate,IBIP20:r2:ATAC:5:transitionSignature,IBIP-20,transitionSignature,ATAC,D3-D12,35,35,True,True,True,True,exactFrozenMaps,4e82c7736a4da6dd4cce7ccb71eaa64c0bf32650c00da638fbdfb6180ebef557,,IBIP20_temporal_random_fiber_controls,35,595,7,352,35,0,0,1,1,1,1,1,1,0,1,0,,,undefinedInjective,352,595,0.591596638655,,,undefinedInjective,True,False,0,1,0,1:35
CellTag_iEP_reprogramming,CellTag_iEP,r2,F049:CellTag_iEP_reprogramming:CellTag_iEP:r2:r2_ATAC_3_12_21:majorityDay21Fate,r2_ATAC_3_12_21,majorityDay21Fate,IBIP20:r2:ATAC:0:snapshotDay3,IBIP-20,snapshotDay3,ATAC,D3-D12,35,1,False,False,True,True,exactFrozenMaps,5b80588497d1ba3a46b654900839af87f37776949cd33e99a190d1440f0e8d03,,IBIP20_temporal_random_fiber_controls,35,595,3,372,1,595,372,0,1,0,0,1,0,0,1,0,372,595,0.625210084034,372,595,0.625210084034,1,1,1,False,False,1,1,1,35:1
CellTag_iEP_reprogramming,CellTag_iEP,r2,F049:CellTag_iEP_reprogramming:CellTag_iEP:r2:r2_ATAC_3_12_21:majorityDay21Fate,r2_ATAC_3_12_21,majorityDay21Fate,IBIP20:r2:ATAC:0:day12State,IBIP-20,day12State,ATAC,D3-D12,35,1,False,False,True,True,exactFrozenMaps,5b80588497d1ba3a46b654900839af87f37776949cd33e99a190d1440f0e8d03,IBIP20:r2:ATAC:0:snapshotDay3,IBIP20_temporal_random_fiber_controls,35,595,3,372,1,595,372,0,1,0,0,1,0,0,1,0,372,595,0.625210084034,372,595,0.625210084034,1,1,1,False,False,1,1,1,35:1
CellTag_iEP_reprogramming,CellTag_iEP,r2,F049:CellTag_iEP_reprogramming:CellTag_iEP:r2:r2_ATAC_3_12_21:majorityDay21Fate,r2_ATAC_3_12_21,majorityDay21Fate,IBIP20:r2:ATAC:0:orderedHistory,IBIP-20,orderedHistory,ATAC,D3-D12,35,1,False,False,True,True,exactFrozenMaps,b208555efe2cd74c65d6dd9cab165d1049524957e15cec8f301b3015d49812c9,,IBIP20_temporal_random_fiber_controls,35,595,3,372,1,595,372,0,1,0,0,1,0,0,1,0,372,595,0.625210084034,372,595,0.625210084034,1,1,1,False,False,1,1,1,35:1
CellTag_iEP_reprogramming,CellTag_iEP,r2,F049:CellTag_iEP_reprogramming:CellTag_iEP:r2:r2_ATAC_3_12_21:majorityDay21Fate,r2_ATAC_3_12_21,majorityDay21Fate,IBIP20:r2:ATAC:0:unorderedHistory,IBIP-20,unorderedHistory,ATAC,D3-D12,35,1,False,False,True,True,exactFrozenMaps,b208555efe2cd74c65d6dd9cab165d1049524957e15cec8f301b3015d49812c9,IBIP20:r2:ATAC:0:orderedHistory,IBIP20_temporal_random_fiber_controls,35,595,3,372,1,595,372,0,1,0,0,1,0,0,1,0,372,595,0.625210084034,372,595,0.625210084034,1,1,1,False,False,1,1,1,35:1
CellTag_iEP_reprogramming,CellTag_iEP,r2,F049:CellTag_iEP_reprogramming:CellTag_iEP:r2:r2_ATAC_3_12_21:majorityDay21Fate,r2_ATAC_3_12_21,majorityDay21Fate,IBIP20:r2:ATAC:0:reversedHistory,IBIP-20,reversedHistory,ATAC,D3-D12,35,1,False,False,True,True,exactFrozenMaps,b208555efe2cd74c65d6dd9cab165d1049524957e15cec8f301b3015d49812c9,IBIP20:r2:ATAC:0:orderedHistory,IBIP20_temporal_random_fiber_controls,35,595,3,372,1,595,372,0,1,0,0,1,0,0,1,0,372,595,0.625210084034,372,595,0.625210084034,1,1,1,False,False,1,1,1,35:1
CellTag_iEP_reprogramming,CellTag_iEP,r2,F049:CellTag_iEP_reprogramming:CellTag_iEP:r2:r2_ATAC_3_12_21:majorityDay21Fate,r2_ATAC_3_12_21,majorityDay21Fate,IBIP20:r2:ATAC:0:transitionSignature,IBIP-20,transitionSignature,ATAC,D3-D12,35,1,False,False,True,True,exactFrozenMaps,5b80588497d1ba3a46b654900839af87f37776949cd33e99a190d1440f0e8d03,IBIP20:r2:ATAC:0:snapshotDay3,IBIP20_temporal_random_fiber_controls,35,595,3,372,1,595,372,0,1,0,0,1,0,0,1,0,372,595,0.625210084034,372,595,0.625210084034,1,1,1,False,False,1,1,1,35:1
CellTag_iEP_reprogramming,CellTag_iEP,r2,F049:CellTag_iEP_reprogramming:CellTag_iEP:r2:r2_ATAC_3_12_21:majorityDay21Fate,r2_ATAC_3_12_21,majorityDay21Fate,IBIP20:r2:ATAC:1:snapshotDay3,IBIP-20,snapshotDay3,ATAC,D3-D12,35,19,False,False,True,True,exactFrozenMaps,6f369c1e113007d14e1b058adba58b930181ce3af8ee97d712ebeb3cdaa59039,,IBIP20_temporal_random_fiber_controls,35,595,3,372,19,35,25,16,17,0.941176470588,347,372,0.932795698925,-53,6324,-0.0083807716635,5,7,0.714285714286,372,595,0.625210084034,425,372,1.14247311828,False,False,24,35,0.685714285714,1:11;2:5;3:1;4:1;7:1
CellTag_iEP_reprogramming,CellTag_iEP,r2,F049:CellTag_iEP_reprogramming:CellTag_iEP:r2:r2_ATAC_3_12_21:majorityDay21Fate,r2_ATAC_3_12_21,majorityDay21Fate,IBIP20:r2:ATAC:1:day12State,IBIP-20,day12State,ATAC,D3-D12,35,20,False,False,True,True,exactFrozenMaps,a28021e3c3c8e1f9b3057636c105a7f47eb1c3e4e5f3630e0d82606355324ed1,,IBIP20_temporal_random_fiber_controls,35,595,3,372,20,27,18,568,595,0.954621848739,59,62,0.951612903226,-111,36890,-0.00300894551369,2,3,0.666666666667,372,595,0.625210084034,595,558,1.06630824373,False,False,24,35,0.685714285714,1:11;2:6;3:2;6:1
CellTag_iEP_reprogramming,CellTag_iEP,r2,F049:CellTag_iEP_reprogramming:CellTag_iEP:r2:r2_ATAC_3_12_21:majorityDay21Fate,r2_ATAC_3_12_21,majorityDay21Fate,IBIP20:r2:ATAC:1:orderedHistory,IBIP-20,orderedHistory,ATAC,D3-D12,35,34,False,False,True,True,exactFrozenMaps,6441fc466dc698340c1a5821045ca8d64ffce5fc495d14e68c349bac99abfa8f,,IBIP20_temporal_random_fiber_controls,35,595,3,372,34,1,1,594,595,0.998319327731,371,372,0.997311827957,-223,221340,-0.0010074997741,1,1,1,372,595,0.625210084034,595,372,1.59946236559,False,False,2,35,0.0571428571429,1:33;2:1
CellTag_iEP_reprogramming,CellTag_iEP,r2,F049:CellTag_iEP_reprogramming:CellTag_iEP:r2:r2_ATAC_3_12_21:majorityDay21Fate,r2_ATAC_3_12_21,majorityDay21Fate,IBIP20:r2:ATAC:1:unorderedHistory,IBIP-20,unorderedHistory,ATAC,D3-D12,35,31,False,False,True,True,exactFrozenMaps,8efdc17c95ed26b4acd6139ba3ae2ef27e443d658eb64e85c7b8f56e8affde49,,IBIP20_temporal_random_fiber_controls,35,595,3,372,31,5,4,118,119,0.991596638655,92,93,0.989247311828,-26,11067,-0.00234932682751,4,5,0.8,372,595,0.625210084034,119,93,1.27956989247,False,False,1,5,0.2,1:28;2:2;3:1
CellTag_iEP_reprogramming,CellTag_iEP,r2,F049:CellTag_iEP_reprogramming:CellTag_iEP:r2:r2_ATAC_3_12_21:majorityDay21Fate,r2_ATAC_3_12_21,majorityDay21Fate,IBIP20:r2:ATAC:1:reversedHistory,IBIP-20,reversedHistory,ATAC,D3-D12,35,34,False,False,True,True,exactFrozenMaps,41d3c76ce3ba1b5859c913058b50a4d417dc42b5ee3b3b566b27e1684994173e,,IBIP20_temporal_random_fiber_controls,35,595,3,372,34,1,1,594,595,0.998319327731,371,372,0.997311827957,-223,221340,-0.0010074997741,1,1,1,372,595,0.625210084034,595,372,1.59946236559,False,False,2,35,0.0571428571429,1:33;2:1
CellTag_iEP_reprogramming,CellTag_iEP,r2,F049:CellTag_iEP_reprogramming:CellTag_iEP:r2:r2_ATAC_3_12_21:majorityDay21Fate,r2_ATAC_3_12_21,majorityDay21Fate,IBIP20:r2:ATAC:1:transitionSignature,IBIP-20,transitionSignature,ATAC,D3-D12,35,26,False,False,True,True,exactFrozenMaps,e51dcf3b80e1e09bc1d954eab6d59575a4bd28d311b6c9a5373487a854200554,,IBIP20_temporal_random_fiber_controls,35,595,3,372,26,10,6,117,119,0.983193277311,61,62,0.983870967742,5,7378,0.000677690431011,3,5,0.6,372,595,0.625210084034,119,124,0.959677419355,False,False,17,35,0.485714285714,1:18;2:7;3:1
CellTag_iEP_reprogramming,CellTag_iEP,r2,F049:CellTag_iEP_reprogramming:CellTag_iEP:r2:r2_ATAC_3_12_21:majorityDay21Fate,r2_ATAC_3_12_21,majorityDay21Fate,IBIP20:r2:ATAC:2:snapshotDay3,IBIP-20,snapshotDay3,ATAC,D3-D12,35,29,False,False,True,True,exactFrozenMaps,46ce4a53391073692be39f8f5d0a28606bbd7b2fe9924dad470db2965dfbc24c,,IBIP20_temporal_random_fiber_controls,35,595,3,372,29,21,14,82,85,0.964705882353,179,186,0.962365591398,-37,15810,-0.00234029095509,2,3,0.666666666667,372,595,0.625210084034,595,558,1.06630824373,False,False,1,5,0.2,1:28;7:1
CellTag_iEP_reprogramming,CellTag_iEP,r2,F049:CellTag_iEP_reprogramming:CellTag_iEP:r2:r2_ATAC_3_12_21:majorityDay21Fate,r2_ATAC_3_12_21,majorityDay21Fate,IBIP20:r2:ATAC:2:day12State,IBIP-20,day12State,ATAC,D3-D12,35,34,False,True,True,True,exactFrozenMaps,d5fb447c6f438e16628b60012689529b3173ed8880a83a8bc444875005c0853e,,IBIP20_temporal_random_fiber_controls,35,595,3,372,34,1,0,594,595,0.998319327731,1,1,1,1,595,0.00168067226891,0,1,0,372,595,0.625210084034,0,1,0,True,True,2,35,0.0571428571429,1:33;2:1
CellTag_iEP_reprogramming,CellTag_iEP,r2,F049:CellTag_iEP_reprogramming:CellTag_iEP:r2:r2_ATAC_3_12_21:majorityDay21Fate,r2_ATAC_3_12_21,majorityDay21Fate,IBIP20:r2:ATAC:2:orderedHistory,IBIP-20,orderedHistory,ATAC,D3-D12,35,35,True,True,True,True,exactFrozenMaps,7846724cbab16f4755dc81eea469823a176e0fc1e08d017516ed6e5abcbee45e,,IBIP20_temporal_random_fiber_controls,35,595,3,372,35,0,0,1,1,1,1,1,1,0,1,0,,,undefinedInjective,372,595,0.625210084034,,,undefinedInjective,True,False,0,1,0,1:35
CellTag_iEP_reprogramming,CellTag_iEP,r2,F049:CellTag_iEP_reprogramming:CellTag_iEP:r2:r2_ATAC_3_12_21:majorityDay21Fate,r2_ATAC_3_12_21,majorityDay21Fate,IBIP20:r2:ATAC:2:unorderedHistory,IBIP-20,unorderedHistory,ATAC,D3-D12,35,35,True,True,True,True,exactFrozenMaps,b21dc7c7afc91b155d6fcabf3e37f0cc2c87791b901db688a57c78a7778346c8,,IBIP20_temporal_random_fiber_controls,35,595,3,372,35,0,0,1,1,1,1,1,1,0,1,0,,,undefinedInjective,372,595,0.625210084034,,,undefinedInjective,True,False,0,1,0,1:35
CellTag_iEP_reprogramming,CellTag_iEP,r2,F049:CellTag_iEP_reprogramming:CellTag_iEP:r2:r2_ATAC_3_12_21:majorityDay21Fate,r2_ATAC_3_12_21,majorityDay21Fate,IBIP20:r2:ATAC:2:reversedHistory,IBIP-20,reversedHistory,ATAC,D3-D12,35,35,True,True,True,True,exactFrozenMaps,61c88900667064220e09153375b0ac92976799ff0c8ddd156a3b0e43ce0baf4b,,IBIP20_temporal_random_fiber_controls,35,595,3,372,35,0,0,1,1,1,1,1,1,0,1,0,,,undefinedInjective,372,595,0.625210084034,,,undefinedInjective,True,False,0,1,0,1:35
CellTag_iEP_reprogramming,CellTag_iEP,r2,F049:CellTag_iEP_reprogramming:CellTag_iEP:r2:r2_ATAC_3_12_21:majorityDay21Fate,r2_ATAC_3_12_21,majorityDay21Fate,IBIP20:r2:ATAC:2:transitionSignature,IBIP-20,transitionSignature,ATAC,D3-D12,35,35,True,True,True,True,exactFrozenMaps,b90a12356ef727e362bdcda1bd94fd54b6ff6d17ebaf8c1eef4f95f826780bcb,,IBIP20_temporal_random_fiber_controls,35,595,3,372,35,0,0,1,1,1,1,1,1,0,1,0,,,undefinedInjective,372,595,0.625210084034,,,undefinedInjective,True,False,0,1,0,1:35
CellTag_iEP_reprogramming,CellTag_iEP,r2,F049:CellTag_iEP_reprogramming:CellTag_iEP:r2:r2_ATAC_3_12_21:majorityDay21Fate,r2_ATAC_3_12_21,majorityDay21Fate,IBIP20:r2:ATAC:4:snapshotDay3,IBIP-20,snapshotDay3,ATAC,D3-D12,35,30,False,False,True,True,exactFrozenMaps,80f9cc370ca36347ccac0e24cd40544f0b7409213b0689925418116c355e1593,,IBIP20_temporal_random_fiber_controls,35,595,3,372,30,15,11,116,119,0.974789915966,361,372,0.970430107527,-193,44268,-0.0043598084395,11,15,0.733333333333,372,595,0.625210084034,1309,1116,1.1729390681,False,False,6,35,0.171428571429,1:29;6:1
CellTag_iEP_reprogramming,CellTag_iEP,r2,F049:CellTag_iEP_reprogramming:CellTag_iEP:r2:r2_ATAC_3_12_21:majorityDay21Fate,r2_ATAC_3_12_21,majorityDay21Fate,IBIP20:r2:ATAC:4:day12State,IBIP-20,day12State,ATAC,D3-D12,35,35,True,True,True,True,exactFrozenMaps,53f54ea3a14fbae381a2c4e3875473465b91c7fd53ba504cb2f0729e758f7f5b,,IBIP20_temporal_random_fiber_controls,35,595,3,372,35,0,0,1,1,1,1,1,1,0,1,0,,,undefinedInjective,372,595,0.625210084034,,,undefinedInjective,True,False,0,1,0,1:35
CellTag_iEP_reprogramming,CellTag_iEP,r2,F049:CellTag_iEP_reprogramming:CellTag_iEP:r2:r2_ATAC_3_12_21:majorityDay21Fate,r2_ATAC_3_12_21,majorityDay21Fate,IBIP20:r2:ATAC:4:orderedHistory,IBIP-20,orderedHistory,ATAC,D3-D12,35,35,True,True,True,True,exactFrozenMaps,e6699833cc695f72b02a79a79ba036e5ae6ad0d6d8842917cae975ce78ecd2ac,,IBIP20_temporal_random_fiber_controls,35,595,3,372,35,0,0,1,1,1,1,1,1,0,1,0,,,undefinedInjective,372,595,0.625210084034,,,undefinedInjective,True,False,0,1,0,1:35
CellTag_iEP_reprogramming,CellTag_iEP,r2,F049:CellTag_iEP_reprogramming:CellTag_iEP:r2:r2_ATAC_3_12_21:majorityDay21Fate,r2_ATAC_3_12_21,majorityDay21Fate,IBIP20:r2:ATAC:4:unorderedHistory,IBIP-20,unorderedHistory,ATAC,D3-D12,35,35,True,True,True,True,exactFrozenMaps,8e1547c0c33999256c1fc98eb6e1e01e5ea94ee1751fc13340ddb1bfec091153,,IBIP20_temporal_random_fiber_controls,35,595,3,372,35,0,0,1,1,1,1,1,1,0,1,0,,,undefinedInjective,372,595,0.625210084034,,,undefinedInjective,True,False,0,1,0,1:35
CellTag_iEP_reprogramming,CellTag_iEP,r2,F049:CellTag_iEP_reprogramming:CellTag_iEP:r2:r2_ATAC_3_12_21:majorityDay21Fate,r2_ATAC_3_12_21,majorityDay21Fate,IBIP20:r2:ATAC:4:reversedHistory,IBIP-20,reversedHistory,ATAC,D3-D12,35,35,True,True,True,True,exactFrozenMaps,b0765f78c0b02d2a23a4dc9bb0c54eb96682b4e670fee5693b25b587ef04fb78,,IBIP20_temporal_random_fiber_controls,35,595,3,372,35,0,0,1,1,1,1,1,1,0,1,0,,,undefinedInjective,372,595,0.625210084034,,,undefinedInjective,True,False,0,1,0,1:35
CellTag_iEP_reprogramming,CellTag_iEP,r2,F049:CellTag_iEP_reprogramming:CellTag_iEP:r2:r2_ATAC_3_12_21:majorityDay21Fate,r2_ATAC_3_12_21,majorityDay21Fate,IBIP20:r2:ATAC:4:transitionSignature,IBIP-20,transitionSignature,ATAC,D3-D12,35,35,True,True,True,True,exactFrozenMaps,74a66c557226a22b6ac5abec8cc64395c7429400090c362297c2e2505ecc3ff6,,IBIP20_temporal_random_fiber_controls,35,595,3,372,35,0,0,1,1,1,1,1,1,0,1,0,,,undefinedInjective,372,595,0.625210084034,,,undefinedInjective,True,False,0,1,0,1:35
CellTag_iEP_reprogramming,CellTag_iEP,r2,F049:CellTag_iEP_reprogramming:CellTag_iEP:r2:r2_ATAC_3_12_21:majorityDay21Fate,r2_ATAC_3_12_21,majorityDay21Fate,IBIP20:r2:ATAC:5:snapshotDay3,IBIP-20,snapshotDay3,ATAC,D3-D12,35,30,False,False,True,True,exactFrozenMaps,aea205c53368685b6bbabbae33cfc058c87a0e6f1cf0d71f9155148e54cbc5cb,,IBIP20_temporal_random_fiber_controls,35,595,3,372,30,15,11,116,119,0.974789915966,361,372,0.970430107527,-193,44268,-0.0043598084395,11,15,0.733333333333,372,595,0.625210084034,1309,1116,1.1729390681,False,False,6,35,0.171428571429,1:29;6:1
CellTag_iEP_reprogramming,CellTag_iEP,r2,F049:CellTag_iEP_reprogramming:CellTag_iEP:r2:r2_ATAC_3_12_21:majorityDay21Fate,r2_ATAC_3_12_21,majorityDay21Fate,IBIP20:r2:ATAC:5:day12State,IBIP-20,day12State,ATAC,D3-D12,35,35,True,True,True,True,exactFrozenMaps,d7319df6a3b0b2e6be946575348bfded7ff6454849d29c47fd28b74ee9f99b0c,,IBIP20_temporal_random_fiber_controls,35,595,3,372,35,0,0,1,1,1,1,1,1,0,1,0,,,undefinedInjective,372,595,0.625210084034,,,undefinedInjective,True,False,0,1,0,1:35
CellTag_iEP_reprogramming,CellTag_iEP,r2,F049:CellTag_iEP_reprogramming:CellTag_iEP:r2:r2_ATAC_3_12_21:majorityDay21Fate,r2_ATAC_3_12_21,majorityDay21Fate,IBIP20:r2:ATAC:5:orderedHistory,IBIP-20,orderedHistory,ATAC,D3-D12,35,35,True,True,True,True,exactFrozenMaps,bc59f1b752fef349fff096d15df5b9460515475e7dacc771c6e56952c9fd9bd8,,IBIP20_temporal_random_fiber_controls,35,595,3,372,35,0,0,1,1,1,1,1,1,0,1,0,,,undefinedInjective,372,595,0.625210084034,,,undefinedInjective,True,False,0,1,0,1:35
CellTag_iEP_reprogramming,CellTag_iEP,r2,F049:CellTag_iEP_reprogramming:CellTag_iEP:r2:r2_ATAC_3_12_21:majorityDay21Fate,r2_ATAC_3_12_21,majorityDay21Fate,IBIP20:r2:ATAC:5:unorderedHistory,IBIP-20,unorderedHistory,ATAC,D3-D12,35,35,True,True,True,True,exactFrozenMaps,43c034e22bba7893318ba44ab5cebd0b5f66d51589a579e26d5c1d588a11d198,,IBIP20_temporal_random_fiber_controls,35,595,3,372,35,0,0,1,1,1,1,1,1,0,1,0,,,undefinedInjective,372,595,0.625210084034,,,undefinedInjective,True,False,0,1,0,1:35
CellTag_iEP_reprogramming,CellTag_iEP,r2,F049:CellTag_iEP_reprogramming:CellTag_iEP:r2:r2_ATAC_3_12_21:majorityDay21Fate,r2_ATAC_3_12_21,majorityDay21Fate,IBIP20:r2:ATAC:5:reversedHistory,IBIP-20,reversedHistory,ATAC,D3-D12,35,35,True,True,True,True,exactFrozenMaps,01218a4a62ae519f01b0c4ff21a0acc20e9202692e096ab210102958e5ac71cf,,IBIP20_temporal_random_fiber_controls,35,595,3,372,35,0,0,1,1,1,1,1,1,0,1,0,,,undefinedInjective,372,595,0.625210084034,,,undefinedInjective,True,False,0,1,0,1:35
CellTag_iEP_reprogramming,CellTag_iEP,r2,F049:CellTag_iEP_reprogramming:CellTag_iEP:r2:r2_ATAC_3_12_21:majorityDay21Fate,r2_ATAC_3_12_21,majorityDay21Fate,IBIP20:r2:ATAC:5:transitionSignature,IBIP-20,transitionSignature,ATAC,D3-D12,35,35,True,True,True,True,exactFrozenMaps,4e82c7736a4da6dd4cce7ccb71eaa64c0bf32650c00da638fbdfb6180ebef557,,IBIP20_temporal_random_fiber_controls,35,595,3,372,35,0,0,1,1,1,1,1,1,0,1,0,,,undefinedInjective,372,595,0.625210084034,,,undefinedInjective,True,False,0,1,0,1:35
CellTag_iEP_reprogramming,CellTag_iEP,r2,F050:CellTag_iEP_reprogramming:CellTag_iEP:r2:r2_ATAC_3_12_21:fateBreadth,r2_ATAC_3_12_21,fateBreadth,IBIP20:r2:ATAC:0:snapshotDay3,IBIP-20,snapshotDay3,ATAC,D3-D12,35,1,False,False,True,True,exactFrozenMaps,5b80588497d1ba3a46b654900839af87f37776949cd33e99a190d1440f0e8d03,,IBIP20_temporal_random_fiber_controls,35,595,3,308,1,595,308,0,1,0,0,1,0,0,1,0,44,85,0.517647058824,44,85,0.517647058824,1,1,1,False,False,1,1,1,35:1
CellTag_iEP_reprogramming,CellTag_iEP,r2,F050:CellTag_iEP_reprogramming:CellTag_iEP:r2:r2_ATAC_3_12_21:fateBreadth,r2_ATAC_3_12_21,fateBreadth,IBIP20:r2:ATAC:0:day12State,IBIP-20,day12State,ATAC,D3-D12,35,1,False,False,True,True,exactFrozenMaps,5b80588497d1ba3a46b654900839af87f37776949cd33e99a190d1440f0e8d03,IBIP20:r2:ATAC:0:snapshotDay3,IBIP20_temporal_random_fiber_controls,35,595,3,308,1,595,308,0,1,0,0,1,0,0,1,0,44,85,0.517647058824,44,85,0.517647058824,1,1,1,False,False,1,1,1,35:1
CellTag_iEP_reprogramming,CellTag_iEP,r2,F050:CellTag_iEP_reprogramming:CellTag_iEP:r2:r2_ATAC_3_12_21:fateBreadth,r2_ATAC_3_12_21,fateBreadth,IBIP20:r2:ATAC:0:orderedHistory,IBIP-20,orderedHistory,ATAC,D3-D12,35,1,False,False,True,True,exactFrozenMaps,b208555efe2cd74c65d6dd9cab165d1049524957e15cec8f301b3015d49812c9,,IBIP20_temporal_random_fiber_controls,35,595,3,308,1,595,308,0,1,0,0,1,0,0,1,0,44,85,0.517647058824,44,85,0.517647058824,1,1,1,False,False,1,1,1,35:1
CellTag_iEP_reprogramming,CellTag_iEP,r2,F050:CellTag_iEP_reprogramming:CellTag_iEP:r2:r2_ATAC_3_12_21:fateBreadth,r2_ATAC_3_12_21,fateBreadth,IBIP20:r2:ATAC:0:unorderedHistory,IBIP-20,unorderedHistory,ATAC,D3-D12,35,1,False,False,True,True,exactFrozenMaps,b208555efe2cd74c65d6dd9cab165d1049524957e15cec8f301b3015d49812c9,IBIP20:r2:ATAC:0:orderedHistory,IBIP20_temporal_random_fiber_controls,35,595,3,308,1,595,308,0,1,0,0,1,0,0,1,0,44,85,0.517647058824,44,85,0.517647058824,1,1,1,False,False,1,1,1,35:1
CellTag_iEP_reprogramming,CellTag_iEP,r2,F050:CellTag_iEP_reprogramming:CellTag_iEP:r2:r2_ATAC_3_12_21:fateBreadth,r2_ATAC_3_12_21,fateBreadth,IBIP20:r2:ATAC:0:reversedHistory,IBIP-20,reversedHistory,ATAC,D3-D12,35,1,False,False,True,True,exactFrozenMaps,b208555efe2cd74c65d6dd9cab165d1049524957e15cec8f301b3015d49812c9,IBIP20:r2:ATAC:0:orderedHistory,IBIP20_temporal_random_fiber_controls,35,595,3,308,1,595,308,0,1,0,0,1,0,0,1,0,44,85,0.517647058824,44,85,0.517647058824,1,1,1,False,False,1,1,1,35:1
CellTag_iEP_reprogramming,CellTag_iEP,r2,F050:CellTag_iEP_reprogramming:CellTag_iEP:r2:r2_ATAC_3_12_21:fateBreadth,r2_ATAC_3_12_21,fateBreadth,IBIP20:r2:ATAC:0:transitionSignature,IBIP-20,transitionSignature,ATAC,D3-D12,35,1,False,False,True,True,exactFrozenMaps,5b80588497d1ba3a46b654900839af87f37776949cd33e99a190d1440f0e8d03,IBIP20:r2:ATAC:0:snapshotDay3,IBIP20_temporal_random_fiber_controls,35,595,3,308,1,595,308,0,1,0,0,1,0,0,1,0,44,85,0.517647058824,44,85,0.517647058824,1,1,1,False,False,1,1,1,35:1
CellTag_iEP_reprogramming,CellTag_iEP,r2,F050:CellTag_iEP_reprogramming:CellTag_iEP:r2:r2_ATAC_3_12_21:fateBreadth,r2_ATAC_3_12_21,fateBreadth,IBIP20:r2:ATAC:1:snapshotDay3,IBIP-20,snapshotDay3,ATAC,D3-D12,35,19,False,False,True,True,exactFrozenMaps,6f369c1e113007d14e1b058adba58b930181ce3af8ee97d712ebeb3cdaa59039,,IBIP20_temporal_random_fiber_controls,35,595,3,308,19,35,21,16,17,0.941176470588,41,44,0.931818181818,-7,748,-0.00935828877005,3,5,0.6,44,85,0.517647058824,51,44,1.15909090909,False,False,24,35,0.685714285714,1:11;2:5;3:1;4:1;7:1
CellTag_iEP_reprogramming,CellTag_iEP,r2,F050:CellTag_iEP_reprogramming:CellTag_iEP:r2:r2_ATAC_3_12_21:fateBreadth,r2_ATAC_3_12_21,fateBreadth,IBIP20:r2:ATAC:1:day12State,IBIP-20,day12State,ATAC,D3-D12,35,20,False,False,True,True,exactFrozenMaps,a28021e3c3c8e1f9b3057636c105a7f47eb1c3e4e5f3630e0d82606355324ed1,,IBIP20_temporal_random_fiber_controls,35,595,3,308,20,27,17,568,595,0.954621848739,291,308,0.944805194805,-257,26180,-0.0098166539343,17,27,0.62962962963,44,85,0.517647058824,1445,1188,1.21632996633,False,False,24,35,0.685714285714,1:11;2:6;3:2;6:1
CellTag_iEP_reprogramming,CellTag_iEP,r2,F050:CellTag_iEP_reprogramming:CellTag_iEP:r2:r2_ATAC_3_12_21:fateBreadth,r2_ATAC_3_12_21,fateBreadth,IBIP20:r2:ATAC:1:orderedHistory,IBIP-20,orderedHistory,ATAC,D3-D12,35,34,False,False,True,True,exactFrozenMaps,6441fc466dc698340c1a5821045ca8d64ffce5fc495d14e68c349bac99abfa8f,,IBIP20_temporal_random_fiber_controls,35,595,3,308,34,1,1,594,595,0.998319327731,307,308,0.996753246753,-41,26180,-0.00156608097785,1,1,1,44,85,0.517647058824,85,44,1.93181818182,False,False,2,35,0.0571428571429,1:33;2:1
CellTag_iEP_reprogramming,CellTag_iEP,r2,F050:CellTag_iEP_reprogramming:CellTag_iEP:r2:r2_ATAC_3_12_21:fateBreadth,r2_ATAC_3_12_21,fateBreadth,IBIP20:r2:ATAC:1:unorderedHistory,IBIP-20,unorderedHistory,ATAC,D3-D12,35,31,False,False,True,True,exactFrozenMaps,8efdc17c95ed26b4acd6139ba3ae2ef27e443d658eb64e85c7b8f56e8affde49,,IBIP20_temporal_random_fiber_controls,35,595,3,308,31,5,3,118,119,0.991596638655,305,308,0.99025974026,-1,748,-0.00133689839572,3,5,0.6,44,85,0.517647058824,51,44,1.15909090909,False,False,1,5,0.2,1:28;2:2;3:1
CellTag_iEP_reprogramming,CellTag_iEP,r2,F050:CellTag_iEP_reprogramming:CellTag_iEP:r2:r2_ATAC_3_12_21:fateBreadth,r2_ATAC_3_12_21,fateBreadth,IBIP20:r2:ATAC:1:reversedHistory,IBIP-20,reversedHistory,ATAC,D3-D12,35,34,False,False,True,True,exactFrozenMaps,41d3c76ce3ba1b5859c913058b50a4d417dc42b5ee3b3b566b27e1684994173e,,IBIP20_temporal_random_fiber_controls,35,595,3,308,34,1,1,594,595,0.998319327731,307,308,0.996753246753,-41,26180,-0.00156608097785,1,1,1,44,85,0.517647058824,85,44,1.93181818182,False,False,2,35,0.0571428571429,1:33;2:1
CellTag_iEP_reprogramming,CellTag_iEP,r2,F050:CellTag_iEP_reprogramming:CellTag_iEP:r2:r2_ATAC_3_12_21:fateBreadth,r2_ATAC_3_12_21,fateBreadth,IBIP20:r2:ATAC:1:transitionSignature,IBIP-20,transitionSignature,ATAC,D3-D12,35,26,False,False,True,True,exactFrozenMaps,e51dcf3b80e1e09bc1d954eab6d59575a4bd28d311b6c9a5373487a854200554,,IBIP20_temporal_random_fiber_controls,35,595,3,308,26,10,5,117,119,0.983193277311,303,308,0.983766233766,3,5236,0.000572956455309,1,2,0.5,44,85,0.517647058824,85,88,0.965909090909,False,False,17,35,0.485714285714,1:18;2:7;3:1
CellTag_iEP_reprogramming,CellTag_iEP,r2,F050:CellTag_iEP_reprogramming:CellTag_iEP:r2:r2_ATAC_3_12_21:fateBreadth,r2_ATAC_3_12_21,fateBreadth,IBIP20:r2:ATAC:2:snapshotDay3,IBIP-20,snapshotDay3,ATAC,D3-D12,35,29,False,False,True,True,exactFrozenMaps,46ce4a53391073692be39f8f5d0a28606bbd7b2fe9924dad470db2965dfbc24c,,IBIP20_temporal_random_fiber_controls,35,595,3,308,29,21,10,82,85,0.964705882353,149,154,0.967532467532,37,13090,0.00282658517953,10,21,0.47619047619,44,85,0.517647058824,425,462,0.919913419913,False,False,1,5,0.2,1:28;7:1
CellTag_iEP_reprogramming,CellTag_iEP,r2,F050:CellTag_iEP_reprogramming:CellTag_iEP:r2:r2_ATAC_3_12_21:fateBreadth,r2_ATAC_3_12_21,fateBreadth,IBIP20:r2:ATAC:2:day12State,IBIP-20,day12State,ATAC,D3-D12,35,34,False,True,True,True,exactFrozenMaps,d5fb447c6f438e16628b60012689529b3173ed8880a83a8bc444875005c0853e,,IBIP20_temporal_random_fiber_controls,35,595,3,308,34,1,0,594,595,0.998319327731,1,1,1,1,595,0.00168067226891,0,1,0,44,85,0.517647058824,0,1,0,True,True,2,35,0.0571428571429,1:33;2:1
CellTag_iEP_reprogramming,CellTag_iEP,r2,F050:CellTag_iEP_reprogramming:CellTag_iEP:r2:r2_ATAC_3_12_21:fateBreadth,r2_ATAC_3_12_21,fateBreadth,IBIP20:r2:ATAC:2:orderedHistory,IBIP-20,orderedHistory,ATAC,D3-D12,35,35,True,True,True,True,exactFrozenMaps,7846724cbab16f4755dc81eea469823a176e0fc1e08d017516ed6e5abcbee45e,,IBIP20_temporal_random_fiber_controls,35,595,3,308,35,0,0,1,1,1,1,1,1,0,1,0,,,undefinedInjective,44,85,0.517647058824,,,undefinedInjective,True,False,0,1,0,1:35
CellTag_iEP_reprogramming,CellTag_iEP,r2,F050:CellTag_iEP_reprogramming:CellTag_iEP:r2:r2_ATAC_3_12_21:fateBreadth,r2_ATAC_3_12_21,fateBreadth,IBIP20:r2:ATAC:2:unorderedHistory,IBIP-20,unorderedHistory,ATAC,D3-D12,35,35,True,True,True,True,exactFrozenMaps,b21dc7c7afc91b155d6fcabf3e37f0cc2c87791b901db688a57c78a7778346c8,,IBIP20_temporal_random_fiber_controls,35,595,3,308,35,0,0,1,1,1,1,1,1,0,1,0,,,undefinedInjective,44,85,0.517647058824,,,undefinedInjective,True,False,0,1,0,1:35
CellTag_iEP_reprogramming,CellTag_iEP,r2,F050:CellTag_iEP_reprogramming:CellTag_iEP:r2:r2_ATAC_3_12_21:fateBreadth,r2_ATAC_3_12_21,fateBreadth,IBIP20:r2:ATAC:2:reversedHistory,IBIP-20,reversedHistory,ATAC,D3-D12,35,35,True,True,True,True,exactFrozenMaps,61c88900667064220e09153375b0ac92976799ff0c8ddd156a3b0e43ce0baf4b,,IBIP20_temporal_random_fiber_controls,35,595,3,308,35,0,0,1,1,1,1,1,1,0,1,0,,,undefinedInjective,44,85,0.517647058824,,,undefinedInjective,True,False,0,1,0,1:35
CellTag_iEP_reprogramming,CellTag_iEP,r2,F050:CellTag_iEP_reprogramming:CellTag_iEP:r2:r2_ATAC_3_12_21:fateBreadth,r2_ATAC_3_12_21,fateBreadth,IBIP20:r2:ATAC:2:transitionSignature,IBIP-20,transitionSignature,ATAC,D3-D12,35,35,True,True,True,True,exactFrozenMaps,b90a12356ef727e362bdcda1bd94fd54b6ff6d17ebaf8c1eef4f95f826780bcb,,IBIP20_temporal_random_fiber_controls,35,595,3,308,35,0,0,1,1,1,1,1,1,0,1,0,,,undefinedInjective,44,85,0.517647058824,,,undefinedInjective,True,False,0,1,0,1:35
CellTag_iEP_reprogramming,CellTag_iEP,r2,F050:CellTag_iEP_reprogramming:CellTag_iEP:r2:r2_ATAC_3_12_21:fateBreadth,r2_ATAC_3_12_21,fateBreadth,IBIP20:r2:ATAC:4:snapshotDay3,IBIP-20,snapshotDay3,ATAC,D3-D12,35,30,False,False,True,True,exactFrozenMaps,80f9cc370ca36347ccac0e24cd40544f0b7409213b0689925418116c355e1593,,IBIP20_temporal_random_fiber_controls,35,595,3,308,30,15,8,116,119,0.974789915966,75,77,0.974025974026,-1,1309,-0.000763941940413,8,15,0.533333333333,44,85,0.517647058824,34,33,1.0303030303,False,False,6,35,0.171428571429,1:29;6:1
CellTag_iEP_reprogramming,CellTag_iEP,r2,F050:CellTag_iEP_reprogramming:CellTag_iEP:r2:r2_ATAC_3_12_21:fateBreadth,r2_ATAC_3_12_21,fateBreadth,IBIP20:r2:ATAC:4:day12State,IBIP-20,day12State,ATAC,D3-D12,35,35,True,True,True,True,exactFrozenMaps,53f54ea3a14fbae381a2c4e3875473465b91c7fd53ba504cb2f0729e758f7f5b,,IBIP20_temporal_random_fiber_controls,35,595,3,308,35,0,0,1,1,1,1,1,1,0,1,0,,,undefinedInjective,44,85,0.517647058824,,,undefinedInjective,True,False,0,1,0,1:35
CellTag_iEP_reprogramming,CellTag_iEP,r2,F050:CellTag_iEP_reprogramming:CellTag_iEP:r2:r2_ATAC_3_12_21:fateBreadth,r2_ATAC_3_12_21,fateBreadth,IBIP20:r2:ATAC:4:orderedHistory,IBIP-20,orderedHistory,ATAC,D3-D12,35,35,True,True,True,True,exactFrozenMaps,e6699833cc695f72b02a79a79ba036e5ae6ad0d6d8842917cae975ce78ecd2ac,,IBIP20_temporal_random_fiber_controls,35,595,3,308,35,0,0,1,1,1,1,1,1,0,1,0,,,undefinedInjective,44,85,0.517647058824,,,undefinedInjective,True,False,0,1,0,1:35
CellTag_iEP_reprogramming,CellTag_iEP,r2,F050:CellTag_iEP_reprogramming:CellTag_iEP:r2:r2_ATAC_3_12_21:fateBreadth,r2_ATAC_3_12_21,fateBreadth,IBIP20:r2:ATAC:4:unorderedHistory,IBIP-20,unorderedHistory,ATAC,D3-D12,35,35,True,True,True,True,exactFrozenMaps,8e1547c0c33999256c1fc98eb6e1e01e5ea94ee1751fc13340ddb1bfec091153,,IBIP20_temporal_random_fiber_controls,35,595,3,308,35,0,0,1,1,1,1,1,1,0,1,0,,,undefinedInjective,44,85,0.517647058824,,,undefinedInjective,True,False,0,1,0,1:35
CellTag_iEP_reprogramming,CellTag_iEP,r2,F050:CellTag_iEP_reprogramming:CellTag_iEP:r2:r2_ATAC_3_12_21:fateBreadth,r2_ATAC_3_12_21,fateBreadth,IBIP20:r2:ATAC:4:reversedHistory,IBIP-20,reversedHistory,ATAC,D3-D12,35,35,True,True,True,True,exactFrozenMaps,b0765f78c0b02d2a23a4dc9bb0c54eb96682b4e670fee5693b25b587ef04fb78,,IBIP20_temporal_random_fiber_controls,35,595,3,308,35,0,0,1,1,1,1,1,1,0,1,0,,,undefinedInjective,44,85,0.517647058824,,,undefinedInjective,True,False,0,1,0,1:35
CellTag_iEP_reprogramming,CellTag_iEP,r2,F050:CellTag_iEP_reprogramming:CellTag_iEP:r2:r2_ATAC_3_12_21:fateBreadth,r2_ATAC_3_12_21,fateBreadth,IBIP20:r2:ATAC:4:transitionSignature,IBIP-20,transitionSignature,ATAC,D3-D12,35,35,True,True,True,True,exactFrozenMaps,74a66c557226a22b6ac5abec8cc64395c7429400090c362297c2e2505ecc3ff6,,IBIP20_temporal_random_fiber_controls,35,595,3,308,35,0,0,1,1,1,1,1,1,0,1,0,,,undefinedInjective,44,85,0.517647058824,,,undefinedInjective,True,False,0,1,0,1:35
CellTag_iEP_reprogramming,CellTag_iEP,r2,F050:CellTag_iEP_reprogramming:CellTag_iEP:r2:r2_ATAC_3_12_21:fateBreadth,r2_ATAC_3_12_21,fateBreadth,IBIP20:r2:ATAC:5:snapshotDay3,IBIP-20,snapshotDay3,ATAC,D3-D12,35,30,False,False,True,True,exactFrozenMaps,aea205c53368685b6bbabbae33cfc058c87a0e6f1cf0d71f9155148e54cbc5cb,,IBIP20_temporal_random_fiber_controls,35,595,3,308,30,15,8,116,119,0.974789915966,75,77,0.974025974026,-1,1309,-0.000763941940413,8,15,0.533333333333,44,85,0.517647058824,34,33,1.0303030303,False,False,6,35,0.171428571429,1:29;6:1
CellTag_iEP_reprogramming,CellTag_iEP,r2,F050:CellTag_iEP_reprogramming:CellTag_iEP:r2:r2_ATAC_3_12_21:fateBreadth,r2_ATAC_3_12_21,fateBreadth,IBIP20:r2:ATAC:5:day12State,IBIP-20,day12State,ATAC,D3-D12,35,35,True,True,True,True,exactFrozenMaps,d7319df6a3b0b2e6be946575348bfded7ff6454849d29c47fd28b74ee9f99b0c,,IBIP20_temporal_random_fiber_controls,35,595,3,308,35,0,0,1,1,1,1,1,1,0,1,0,,,undefinedInjective,44,85,0.517647058824,,,undefinedInjective,True,False,0,1,0,1:35
CellTag_iEP_reprogramming,CellTag_iEP,r2,F050:CellTag_iEP_reprogramming:CellTag_iEP:r2:r2_ATAC_3_12_21:fateBreadth,r2_ATAC_3_12_21,fateBreadth,IBIP20:r2:ATAC:5:orderedHistory,IBIP-20,orderedHistory,ATAC,D3-D12,35,35,True,True,True,True,exactFrozenMaps,bc59f1b752fef349fff096d15df5b9460515475e7dacc771c6e56952c9fd9bd8,,IBIP20_temporal_random_fiber_controls,35,595,3,308,35,0,0,1,1,1,1,1,1,0,1,0,,,undefinedInjective,44,85,0.517647058824,,,undefinedInjective,True,False,0,1,0,1:35
CellTag_iEP_reprogramming,CellTag_iEP,r2,F050:CellTag_iEP_reprogramming:CellTag_iEP:r2:r2_ATAC_3_12_21:fateBreadth,r2_ATAC_3_12_21,fateBreadth,IBIP20:r2:ATAC:5:unorderedHistory,IBIP-20,unorderedHistory,ATAC,D3-D12,35,35,True,True,True,True,exactFrozenMaps,43c034e22bba7893318ba44ab5cebd0b5f66d51589a579e26d5c1d588a11d198,,IBIP20_temporal_random_fiber_controls,35,595,3,308,35,0,0,1,1,1,1,1,1,0,1,0,,,undefinedInjective,44,85,0.517647058824,,,undefinedInjective,True,False,0,1,0,1:35
CellTag_iEP_reprogramming,CellTag_iEP,r2,F050:CellTag_iEP_reprogramming:CellTag_iEP:r2:r2_ATAC_3_12_21:fateBreadth,r2_ATAC_3_12_21,fateBreadth,IBIP20:r2:ATAC:5:reversedHistory,IBIP-20,reversedHistory,ATAC,D3-D12,35,35,True,True,True,True,exactFrozenMaps,01218a4a62ae519f01b0c4ff21a0acc20e9202692e096ab210102958e5ac71cf,,IBIP20_temporal_random_fiber_controls,35,595,3,308,35,0,0,1,1,1,1,1,1,0,1,0,,,undefinedInjective,44,85,0.517647058824,,,undefinedInjective,True,False,0,1,0,1:35
CellTag_iEP_reprogramming,CellTag_iEP,r2,F050:CellTag_iEP_reprogramming:CellTag_iEP:r2:r2_ATAC_3_12_21:fateBreadth,r2_ATAC_3_12_21,fateBreadth,IBIP20:r2:ATAC:5:transitionSignature,IBIP-20,transitionSignature,ATAC,D3-D12,35,35,True,True,True,True,exactFrozenMaps,4e82c7736a4da6dd4cce7ccb71eaa64c0bf32650c00da638fbdfb6180ebef557,,IBIP20_temporal_random_fiber_controls,35,595,3,308,35,0,0,1,1,1,1,1,1,0,1,0,,,undefinedInjective,44,85,0.517647058824,,,undefinedInjective,True,False,0,1,0,1:35
CellTag_iEP_reprogramming,CellTag_iEP,r2,F051:CellTag_iEP_reprogramming:CellTag_iEP:r2:r2_MULTI_3_12_21:fineDay21Fate,r2_MULTI_3_12_21,fineDay21Fate,IBIP20:r2:MULTI:0:snapshotDay3,IBIP-20,snapshotDay3,MULTI,D3-D12,24,1,False,False,True,True,exactFrozenMaps,750b3062181de4afcb200848ac8e4bd844933104e1fed3e4af36f30c73cb0fb5,,IBIP20_temporal_random_fiber_controls,24,276,11,241,1,276,241,0,1,0,0,1,0,0,1,0,241,276,0.873188405797,241,276,0.873188405797,1,1,1,False,False,1,1,1,24:1
CellTag_iEP_reprogramming,CellTag_iEP,r2,F051:CellTag_iEP_reprogramming:CellTag_iEP:r2:r2_MULTI_3_12_21:fineDay21Fate,r2_MULTI_3_12_21,fineDay21Fate,IBIP20:r2:MULTI:0:day12State,IBIP-20,day12State,MULTI,D3-D12,24,1,False,False,True,True,exactFrozenMaps,750b3062181de4afcb200848ac8e4bd844933104e1fed3e4af36f30c73cb0fb5,IBIP20:r2:MULTI:0:snapshotDay3,IBIP20_temporal_random_fiber_controls,24,276,11,241,1,276,241,0,1,0,0,1,0,0,1,0,241,276,0.873188405797,241,276,0.873188405797,1,1,1,False,False,1,1,1,24:1
CellTag_iEP_reprogramming,CellTag_iEP,r2,F051:CellTag_iEP_reprogramming:CellTag_iEP:r2:r2_MULTI_3_12_21:fineDay21Fate,r2_MULTI_3_12_21,fineDay21Fate,IBIP20:r2:MULTI:0:orderedHistory,IBIP-20,orderedHistory,MULTI,D3-D12,24,1,False,False,True,True,exactFrozenMaps,e924b40e99af67e8f8314043680c6f1fdf6b5762e68fe126929aa529555383f9,,IBIP20_temporal_random_fiber_controls,24,276,11,241,1,276,241,0,1,0,0,1,0,0,1,0,241,276,0.873188405797,241,276,0.873188405797,1,1,1,False,False,1,1,1,24:1
CellTag_iEP_reprogramming,CellTag_iEP,r2,F051:CellTag_iEP_reprogramming:CellTag_iEP:r2:r2_MULTI_3_12_21:fineDay21Fate,r2_MULTI_3_12_21,fineDay21Fate,IBIP20:r2:MULTI:0:unorderedHistory,IBIP-20,unorderedHistory,MULTI,D3-D12,24,1,False,False,True,True,exactFrozenMaps,69f29c9fadfe78b28b6ed5946a3218bfb70fd11c5de299d9ee494c969daabb21,,IBIP20_temporal_random_fiber_controls,24,276,11,241,1,276,241,0,1,0,0,1,0,0,1,0,241,276,0.873188405797,241,276,0.873188405797,1,1,1,False,False,1,1,1,24:1
CellTag_iEP_reprogramming,CellTag_iEP,r2,F051:CellTag_iEP_reprogramming:CellTag_iEP:r2:r2_MULTI_3_12_21:fineDay21Fate,r2_MULTI_3_12_21,fineDay21Fate,IBIP20:r2:MULTI:0:reversedHistory,IBIP-20,reversedHistory,MULTI,D3-D12,24,1,False,False,True,True,exactFrozenMaps,e924b40e99af67e8f8314043680c6f1fdf6b5762e68fe126929aa529555383f9,IBIP20:r2:MULTI:0:orderedHistory,IBIP20_temporal_random_fiber_controls,24,276,11,241,1,276,241,0,1,0,0,1,0,0,1,0,241,276,0.873188405797,241,276,0.873188405797,1,1,1,False,False,1,1,1,24:1
CellTag_iEP_reprogramming,CellTag_iEP,r2,F051:CellTag_iEP_reprogramming:CellTag_iEP:r2:r2_MULTI_3_12_21:fineDay21Fate,r2_MULTI_3_12_21,fineDay21Fate,IBIP20:r2:MULTI:0:transitionSignature,IBIP-20,transitionSignature,MULTI,D3-D12,24,1,False,False,True,True,exactFrozenMaps,72ffb82748272fdb5abcb8c0995cc768712ede84c6a172ed82c32834d5f801dd,,IBIP20_temporal_random_fiber_controls,24,276,11,241,1,276,241,0,1,0,0,1,0,0,1,0,241,276,0.873188405797,241,276,0.873188405797,1,1,1,False,False,1,1,1,24:1
CellTag_iEP_reprogramming,CellTag_iEP,r2,F051:CellTag_iEP_reprogramming:CellTag_iEP:r2:r2_MULTI_3_12_21:fineDay21Fate,r2_MULTI_3_12_21,fineDay21Fate,IBIP20:r2:MULTI:1:snapshotDay3,IBIP-20,snapshotDay3,MULTI,D3-D12,24,21,False,False,True,True,exactFrozenMaps,6173e94317debb706b6aad89c302b333080742b18922a40d0a1c212a848403cb,,IBIP20_temporal_random_fiber_controls,24,276,11,241,21,3,3,91,92,0.989130434783,238,241,0.98755186722,-35,22172,-0.00157856756269,1,1,1,241,276,0.873188405797,276,241,1.14522821577,False,False,1,4,0.25,1:18;2:3
CellTag_iEP_reprogramming,CellTag_iEP,r2,F051:CellTag_iEP_reprogramming:CellTag_iEP:r2:r2_MULTI_3_12_21:fineDay21Fate,r2_MULTI_3_12_21,fineDay21Fate,IBIP20:r2:MULTI:1:day12State,IBIP-20,day12State,MULTI,D3-D12,24,18,False,False,True,True,exactFrozenMaps,4108b7152e240f91633c7663ed9b4c75d829144abfcac034b67fd48f90780ec7,,IBIP20_temporal_random_fiber_controls,24,276,11,241,18,8,8,67,69,0.971014492754,233,241,0.966804979253,-70,16629,-0.00420951350051,1,1,1,241,276,0.873188405797,276,241,1.14522821577,False,False,5,12,0.416666666667,1:14;2:2;3:2
CellTag_iEP_reprogramming,CellTag_iEP,r2,F051:CellTag_iEP_reprogramming:CellTag_iEP:r2:r2_MULTI_3_12_21:fineDay21Fate,r2_MULTI_3_12_21,fineDay21Fate,IBIP20:r2:MULTI:1:orderedHistory,IBIP-20,orderedHistory,MULTI,D3-D12,24,24,True,True,True,True,exactFrozenMaps,588f60db9ff8ad27860506ee24639019655a3b8507a4f3e2781a75c7455e9209,,IBIP20_temporal_random_fiber_controls,24,276,11,241,24,0,0,1,1,1,1,1,1,0,1,0,,,undefinedInjective,241,276,0.873188405797,,,undefinedInjective,True,False,0,1,0,1:24
CellTag_iEP_reprogramming,CellTag_iEP,r2,F051:CellTag_iEP_reprogramming:CellTag_iEP:r2:r2_MULTI_3_12_21:fineDay21Fate,r2_MULTI_3_12_21,fineDay21Fate,IBIP20:r2:MULTI:1:unorderedHistory,IBIP-20,unorderedHistory,MULTI,D3-D12,24,24,True,True,True,True,exactFrozenMaps,84e2876450d200a6e16c445121371caeac8d4ac5d574921b6bc946ffe05377b1,,IBIP20_temporal_random_fiber_controls,24,276,11,241,24,0,0,1,1,1,1,1,1,0,1,0,,,undefinedInjective,241,276,0.873188405797,,,undefinedInjective,True,False,0,1,0,1:24
CellTag_iEP_reprogramming,CellTag_iEP,r2,F051:CellTag_iEP_reprogramming:CellTag_iEP:r2:r2_MULTI_3_12_21:fineDay21Fate,r2_MULTI_3_12_21,fineDay21Fate,IBIP20:r2:MULTI:1:reversedHistory,IBIP-20,reversedHistory,MULTI,D3-D12,24,24,True,True,True,True,exactFrozenMaps,55cebbb1463f2d070384af8f2ce34b6169eca3c43d625d3a1b75285683e81646,,IBIP20_temporal_random_fiber_controls,24,276,11,241,24,0,0,1,1,1,1,1,1,0,1,0,,,undefinedInjective,241,276,0.873188405797,,,undefinedInjective,True,False,0,1,0,1:24
CellTag_iEP_reprogramming,CellTag_iEP,r2,F051:CellTag_iEP_reprogramming:CellTag_iEP:r2:r2_MULTI_3_12_21:fineDay21Fate,r2_MULTI_3_12_21,fineDay21Fate,IBIP20:r2:MULTI:1:transitionSignature,IBIP-20,transitionSignature,MULTI,D3-D12,24,24,True,True,True,True,exactFrozenMaps,8489bae7e8f1600d1d5fe4f67945e857b8e84fe59ac421db81445b02f29a59f7,,IBIP20_temporal_random_fiber_controls,24,276,11,241,24,0,0,1,1,1,1,1,1,0,1,0,,,undefinedInjective,241,276,0.873188405797,,,undefinedInjective,True,False,0,1,0,1:24
CellTag_iEP_reprogramming,CellTag_iEP,r2,F051:CellTag_iEP_reprogramming:CellTag_iEP:r2:r2_MULTI_3_12_21:fineDay21Fate,r2_MULTI_3_12_21,fineDay21Fate,IBIP20:r2:MULTI:2:snapshotDay3,IBIP-20,snapshotDay3,MULTI,D3-D12,24,24,True,True,True,True,exactFrozenMaps,33ba5fba61b016e2655842f9acdabd769452b43ed2b96921fa4ee437dad7fe11,,IBIP20_temporal_random_fiber_controls,24,276,11,241,24,0,0,1,1,1,1,1,1,0,1,0,,,undefinedInjective,241,276,0.873188405797,,,undefinedInjective,True,False,0,1,0,1:24
CellTag_iEP_reprogramming,CellTag_iEP,r2,F051:CellTag_iEP_reprogramming:CellTag_iEP:r2:r2_MULTI_3_12_21:fineDay21Fate,r2_MULTI_3_12_21,fineDay21Fate,IBIP20:r2:MULTI:2:day12State,IBIP-20,day12State,MULTI,D3-D12,24,24,True,True,True,True,exactFrozenMaps,d6f8416d7be49617dbc1811cfd980a918aae918d188bed2447efb71fb8194ee2,,IBIP20_temporal_random_fiber_controls,24,276,11,241,24,0,0,1,1,1,1,1,1,0,1,0,,,undefinedInjective,241,276,0.873188405797,,,undefinedInjective,True,False,0,1,0,1:24
CellTag_iEP_reprogramming,CellTag_iEP,r2,F051:CellTag_iEP_reprogramming:CellTag_iEP:r2:r2_MULTI_3_12_21:fineDay21Fate,r2_MULTI_3_12_21,fineDay21Fate,IBIP20:r2:MULTI:2:orderedHistory,IBIP-20,orderedHistory,MULTI,D3-D12,24,24,True,True,True,True,exactFrozenMaps,0122ec714be6aba7d9032471e8d8fae843b45aeb9a95a0093ac30b595f71c786,,IBIP20_temporal_random_fiber_controls,24,276,11,241,24,0,0,1,1,1,1,1,1,0,1,0,,,undefinedInjective,241,276,0.873188405797,,,undefinedInjective,True,False,0,1,0,1:24
CellTag_iEP_reprogramming,CellTag_iEP,r2,F051:CellTag_iEP_reprogramming:CellTag_iEP:r2:r2_MULTI_3_12_21:fineDay21Fate,r2_MULTI_3_12_21,fineDay21Fate,IBIP20:r2:MULTI:2:unorderedHistory,IBIP-20,unorderedHistory,MULTI,D3-D12,24,24,True,True,True,True,exactFrozenMaps,e0696e39549333c30c6851b509f0d3ba7056bc46e66ccdaf1682f6efec14c61e,,IBIP20_temporal_random_fiber_controls,24,276,11,241,24,0,0,1,1,1,1,1,1,0,1,0,,,undefinedInjective,241,276,0.873188405797,,,undefinedInjective,True,False,0,1,0,1:24
CellTag_iEP_reprogramming,CellTag_iEP,r2,F051:CellTag_iEP_reprogramming:CellTag_iEP:r2:r2_MULTI_3_12_21:fineDay21Fate,r2_MULTI_3_12_21,fineDay21Fate,IBIP20:r2:MULTI:2:reversedHistory,IBIP-20,reversedHistory,MULTI,D3-D12,24,24,True,True,True,True,exactFrozenMaps,697456b780022df34dc73d4fd19fc1c0a4f290a4ec13b6362bc3f7ab2661d2d5,,IBIP20_temporal_random_fiber_controls,24,276,11,241,24,0,0,1,1,1,1,1,1,0,1,0,,,undefinedInjective,241,276,0.873188405797,,,undefinedInjective,True,False,0,1,0,1:24
CellTag_iEP_reprogramming,CellTag_iEP,r2,F051:CellTag_iEP_reprogramming:CellTag_iEP:r2:r2_MULTI_3_12_21:fineDay21Fate,r2_MULTI_3_12_21,fineDay21Fate,IBIP20:r2:MULTI:2:transitionSignature,IBIP-20,transitionSignature,MULTI,D3-D12,24,24,True,True,True,True,exactFrozenMaps,059591670d03ec7ab2a91e68649335c53bee3a16e53df0030e60a03af913e00b,,IBIP20_temporal_random_fiber_controls,24,276,11,241,24,0,0,1,1,1,1,1,1,0,1,0,,,undefinedInjective,241,276,0.873188405797,,,undefinedInjective,True,False,0,1,0,1:24
CellTag_iEP_reprogramming,CellTag_iEP,r2,F051:CellTag_iEP_reprogramming:CellTag_iEP:r2:r2_MULTI_3_12_21:fineDay21Fate,r2_MULTI_3_12_21,fineDay21Fate,IBIP20:r2:MULTI:4:snapshotDay3,IBIP-20,snapshotDay3,MULTI,D3-D12,24,24,True,True,True,True,exactFrozenMaps,041bd6a43f15f3ba7dcb7cc2314ba1ec7bb50a3c85fa9c44c31c79e9ccb8762a,,IBIP20_temporal_random_fiber_controls,24,276,11,241,24,0,0,1,1,1,1,1,1,0,1,0,,,undefinedInjective,241,276,0.873188405797,,,undefinedInjective,True,False,0,1,0,1:24
CellTag_iEP_reprogramming,CellTag_iEP,r2,F051:CellTag_iEP_reprogramming:CellTag_iEP:r2:r2_MULTI_3_12_21:fineDay21Fate,r2_MULTI_3_12_21,fineDay21Fate,IBIP20:r2:MULTI:4:day12State,IBIP-20,day12State,MULTI,D3-D12,24,24,True,True,True,True,exactFrozenMaps,313443f965cbfecca924db6b969cb1041c007ce12edc57f3cd0732eceeccabd8,,IBIP20_temporal_random_fiber_controls,24,276,11,241,24,0,0,1,1,1,1,1,1,0,1,0,,,undefinedInjective,241,276,0.873188405797,,,undefinedInjective,True,False,0,1,0,1:24
CellTag_iEP_reprogramming,CellTag_iEP,r2,F051:CellTag_iEP_reprogramming:CellTag_iEP:r2:r2_MULTI_3_12_21:fineDay21Fate,r2_MULTI_3_12_21,fineDay21Fate,IBIP20:r2:MULTI:4:orderedHistory,IBIP-20,orderedHistory,MULTI,D3-D12,24,24,True,True,True,True,exactFrozenMaps,c3a99aaecdd9d00f48bcf69353e0fb84fa0ad818d2cb3a0ac596f6fcdd33308c,,IBIP20_temporal_random_fiber_controls,24,276,11,241,24,0,0,1,1,1,1,1,1,0,1,0,,,undefinedInjective,241,276,0.873188405797,,,undefinedInjective,True,False,0,1,0,1:24
CellTag_iEP_reprogramming,CellTag_iEP,r2,F051:CellTag_iEP_reprogramming:CellTag_iEP:r2:r2_MULTI_3_12_21:fineDay21Fate,r2_MULTI_3_12_21,fineDay21Fate,IBIP20:r2:MULTI:4:unorderedHistory,IBIP-20,unorderedHistory,MULTI,D3-D12,24,24,True,True,True,True,exactFrozenMaps,2dd8f6adffefc2f4fce16a713a14e50986bca2cd69d1d3f5f1873c459ef19ad0,,IBIP20_temporal_random_fiber_controls,24,276,11,241,24,0,0,1,1,1,1,1,1,0,1,0,,,undefinedInjective,241,276,0.873188405797,,,undefinedInjective,True,False,0,1,0,1:24
CellTag_iEP_reprogramming,CellTag_iEP,r2,F051:CellTag_iEP_reprogramming:CellTag_iEP:r2:r2_MULTI_3_12_21:fineDay21Fate,r2_MULTI_3_12_21,fineDay21Fate,IBIP20:r2:MULTI:4:reversedHistory,IBIP-20,reversedHistory,MULTI,D3-D12,24,24,True,True,True,True,exactFrozenMaps,cd62d7f97d5e807e50acfaa12cad651e0be7f108c0de5cd3dcb7bb40b589a0c3,,IBIP20_temporal_random_fiber_controls,24,276,11,241,24,0,0,1,1,1,1,1,1,0,1,0,,,undefinedInjective,241,276,0.873188405797,,,undefinedInjective,True,False,0,1,0,1:24
CellTag_iEP_reprogramming,CellTag_iEP,r2,F051:CellTag_iEP_reprogramming:CellTag_iEP:r2:r2_MULTI_3_12_21:fineDay21Fate,r2_MULTI_3_12_21,fineDay21Fate,IBIP20:r2:MULTI:4:transitionSignature,IBIP-20,transitionSignature,MULTI,D3-D12,24,24,True,True,True,True,exactFrozenMaps,9cae11d3fa793d5f3954d6aa7b8e18d7731fd1cac7a6f159b107f6a945981246,,IBIP20_temporal_random_fiber_controls,24,276,11,241,24,0,0,1,1,1,1,1,1,0,1,0,,,undefinedInjective,241,276,0.873188405797,,,undefinedInjective,True,False,0,1,0,1:24
CellTag_iEP_reprogramming,CellTag_iEP,r2,F051:CellTag_iEP_reprogramming:CellTag_iEP:r2:r2_MULTI_3_12_21:fineDay21Fate,r2_MULTI_3_12_21,fineDay21Fate,IBIP20:r2:MULTI:5:snapshotDay3,IBIP-20,snapshotDay3,MULTI,D3-D12,24,24,True,True,True,True,exactFrozenMaps,fe8a0c371b604c6692f7368fb9577fce599cbf5893c1a74291f728e516098924,,IBIP20_temporal_random_fiber_controls,24,276,11,241,24,0,0,1,1,1,1,1,1,0,1,0,,,undefinedInjective,241,276,0.873188405797,,,undefinedInjective,True,False,0,1,0,1:24
CellTag_iEP_reprogramming,CellTag_iEP,r2,F051:CellTag_iEP_reprogramming:CellTag_iEP:r2:r2_MULTI_3_12_21:fineDay21Fate,r2_MULTI_3_12_21,fineDay21Fate,IBIP20:r2:MULTI:5:day12State,IBIP-20,day12State,MULTI,D3-D12,24,24,True,True,True,True,exactFrozenMaps,4ab6f683407972893d45bc4b41026a4a59b0111de4b16554f0b8071635535940,,IBIP20_temporal_random_fiber_controls,24,276,11,241,24,0,0,1,1,1,1,1,1,0,1,0,,,undefinedInjective,241,276,0.873188405797,,,undefinedInjective,True,False,0,1,0,1:24
CellTag_iEP_reprogramming,CellTag_iEP,r2,F051:CellTag_iEP_reprogramming:CellTag_iEP:r2:r2_MULTI_3_12_21:fineDay21Fate,r2_MULTI_3_12_21,fineDay21Fate,IBIP20:r2:MULTI:5:orderedHistory,IBIP-20,orderedHistory,MULTI,D3-D12,24,24,True,True,True,True,exactFrozenMaps,622dc6e4857f0181f3fdef7111014bf46728187e21f436612a69037205f3e3c2,,IBIP20_temporal_random_fiber_controls,24,276,11,241,24,0,0,1,1,1,1,1,1,0,1,0,,,undefinedInjective,241,276,0.873188405797,,,undefinedInjective,True,False,0,1,0,1:24
CellTag_iEP_reprogramming,CellTag_iEP,r2,F051:CellTag_iEP_reprogramming:CellTag_iEP:r2:r2_MULTI_3_12_21:fineDay21Fate,r2_MULTI_3_12_21,fineDay21Fate,IBIP20:r2:MULTI:5:unorderedHistory,IBIP-20,unorderedHistory,MULTI,D3-D12,24,24,True,True,True,True,exactFrozenMaps,b66653bc1a6e67e996b756fd1daf76a1cea145d64f346bf88dbf17f08adaae89,,IBIP20_temporal_random_fiber_controls,24,276,11,241,24,0,0,1,1,1,1,1,1,0,1,0,,,undefinedInjective,241,276,0.873188405797,,,undefinedInjective,True,False,0,1,0,1:24
CellTag_iEP_reprogramming,CellTag_iEP,r2,F051:CellTag_iEP_reprogramming:CellTag_iEP:r2:r2_MULTI_3_12_21:fineDay21Fate,r2_MULTI_3_12_21,fineDay21Fate,IBIP20:r2:MULTI:5:reversedHistory,IBIP-20,reversedHistory,MULTI,D3-D12,24,24,True,True,True,True,exactFrozenMaps,dee139e3ee9c1ca18bf65c6c3e5986c4038ec93fd7f15edc6851ffe7f7c7415f,,IBIP20_temporal_random_fiber_controls,24,276,11,241,24,0,0,1,1,1,1,1,1,0,1,0,,,undefinedInjective,241,276,0.873188405797,,,undefinedInjective,True,False,0,1,0,1:24
CellTag_iEP_reprogramming,CellTag_iEP,r2,F051:CellTag_iEP_reprogramming:CellTag_iEP:r2:r2_MULTI_3_12_21:fineDay21Fate,r2_MULTI_3_12_21,fineDay21Fate,IBIP20:r2:MULTI:5:transitionSignature,IBIP-20,transitionSignature,MULTI,D3-D12,24,24,True,True,True,True,exactFrozenMaps,08b0b4185b93cf313c0e8e00a50be6a22dcff24a2c3b62d4d817c0ac149d4c6b,,IBIP20_temporal_random_fiber_controls,24,276,11,241,24,0,0,1,1,1,1,1,1,0,1,0,,,undefinedInjective,241,276,0.873188405797,,,undefinedInjective,True,False,0,1,0,1:24
CellTag_iEP_reprogramming,CellTag_iEP,r2,F052:CellTag_iEP_reprogramming:CellTag_iEP:r2:r2_MULTI_3_12_21:sourceGroupedDay21Fate,r2_MULTI_3_12_21,sourceGroupedDay21Fate,IBIP20:r2:MULTI:0:snapshotDay3,IBIP-20,snapshotDay3,MULTI,D3-D12,24,1,False,False,True,True,exactFrozenMaps,750b3062181de4afcb200848ac8e4bd844933104e1fed3e4af36f30c73cb0fb5,,IBIP20_temporal_random_fiber_controls,24,276,7,180,1,276,180,0,1,0,0,1,0,0,1,0,15,23,0.652173913043,15,23,0.652173913043,1,1,1,False,False,1,1,1,24:1
CellTag_iEP_reprogramming,CellTag_iEP,r2,F052:CellTag_iEP_reprogramming:CellTag_iEP:r2:r2_MULTI_3_12_21:sourceGroupedDay21Fate,r2_MULTI_3_12_21,sourceGroupedDay21Fate,IBIP20:r2:MULTI:0:day12State,IBIP-20,day12State,MULTI,D3-D12,24,1,False,False,True,True,exactFrozenMaps,750b3062181de4afcb200848ac8e4bd844933104e1fed3e4af36f30c73cb0fb5,IBIP20:r2:MULTI:0:snapshotDay3,IBIP20_temporal_random_fiber_controls,24,276,7,180,1,276,180,0,1,0,0,1,0,0,1,0,15,23,0.652173913043,15,23,0.652173913043,1,1,1,False,False,1,1,1,24:1
CellTag_iEP_reprogramming,CellTag_iEP,r2,F052:CellTag_iEP_reprogramming:CellTag_iEP:r2:r2_MULTI_3_12_21:sourceGroupedDay21Fate,r2_MULTI_3_12_21,sourceGroupedDay21Fate,IBIP20:r2:MULTI:0:orderedHistory,IBIP-20,orderedHistory,MULTI,D3-D12,24,1,False,False,True,True,exactFrozenMaps,e924b40e99af67e8f8314043680c6f1fdf6b5762e68fe126929aa529555383f9,,IBIP20_temporal_random_fiber_controls,24,276,7,180,1,276,180,0,1,0,0,1,0,0,1,0,15,23,0.652173913043,15,23,0.652173913043,1,1,1,False,False,1,1,1,24:1
CellTag_iEP_reprogramming,CellTag_iEP,r2,F052:CellTag_iEP_reprogramming:CellTag_iEP:r2:r2_MULTI_3_12_21:sourceGroupedDay21Fate,r2_MULTI_3_12_21,sourceGroupedDay21Fate,IBIP20:r2:MULTI:0:unorderedHistory,IBIP-20,unorderedHistory,MULTI,D3-D12,24,1,False,False,True,True,exactFrozenMaps,69f29c9fadfe78b28b6ed5946a3218bfb70fd11c5de299d9ee494c969daabb21,,IBIP20_temporal_random_fiber_controls,24,276,7,180,1,276,180,0,1,0,0,1,0,0,1,0,15,23,0.652173913043,15,23,0.652173913043,1,1,1,False,False,1,1,1,24:1
CellTag_iEP_reprogramming,CellTag_iEP,r2,F052:CellTag_iEP_reprogramming:CellTag_iEP:r2:r2_MULTI_3_12_21:sourceGroupedDay21Fate,r2_MULTI_3_12_21,sourceGroupedDay21Fate,IBIP20:r2:MULTI:0:reversedHistory,IBIP-20,reversedHistory,MULTI,D3-D12,24,1,False,False,True,True,exactFrozenMaps,e924b40e99af67e8f8314043680c6f1fdf6b5762e68fe126929aa529555383f9,IBIP20:r2:MULTI:0:orderedHistory,IBIP20_temporal_random_fiber_controls,24,276,7,180,1,276,180,0,1,0,0,1,0,0,1,0,15,23,0.652173913043,15,23,0.652173913043,1,1,1,False,False,1,1,1,24:1
CellTag_iEP_reprogramming,CellTag_iEP,r2,F052:CellTag_iEP_reprogramming:CellTag_iEP:r2:r2_MULTI_3_12_21:sourceGroupedDay21Fate,r2_MULTI_3_12_21,sourceGroupedDay21Fate,IBIP20:r2:MULTI:0:transitionSignature,IBIP-20,transitionSignature,MULTI,D3-D12,24,1,False,False,True,True,exactFrozenMaps,72ffb82748272fdb5abcb8c0995cc768712ede84c6a172ed82c32834d5f801dd,,IBIP20_temporal_random_fiber_controls,24,276,7,180,1,276,180,0,1,0,0,1,0,0,1,0,15,23,0.652173913043,15,23,0.652173913043,1,1,1,False,False,1,1,1,24:1
CellTag_iEP_reprogramming,CellTag_iEP,r2,F052:CellTag_iEP_reprogramming:CellTag_iEP:r2:r2_MULTI_3_12_21:sourceGroupedDay21Fate,r2_MULTI_3_12_21,sourceGroupedDay21Fate,IBIP20:r2:MULTI:1:snapshotDay3,IBIP-20,snapshotDay3,MULTI,D3-D12,24,21,False,False,True,True,exactFrozenMaps,6173e94317debb706b6aad89c302b333080742b18922a40d0a1c212a848403cb,,IBIP20_temporal_random_fiber_controls,24,276,7,180,21,3,2,91,92,0.989130434783,89,90,0.988888888889,-1,4140,-0.00024154589372,2,3,0.666666666667,15,23,0.652173913043,46,45,1.02222222222,False,False,1,4,0.25,1:18;2:3
CellTag_iEP_reprogramming,CellTag_iEP,r2,F052:CellTag_iEP_reprogramming:CellTag_iEP:r2:r2_MULTI_3_12_21:sourceGroupedDay21Fate,r2_MULTI_3_12_21,sourceGroupedDay21Fate,IBIP20:r2:MULTI:1:day12State,IBIP-20,day12State,MULTI,D3-D12,24,18,False,False,True,True,exactFrozenMaps,4108b7152e240f91633c7663ed9b4c75d829144abfcac034b67fd48f90780ec7,,IBIP20_temporal_random_fiber_controls,24,276,7,180,18,8,5,67,69,0.971014492754,35,36,0.972222222222,1,828,0.0012077294686,5,8,0.625,15,23,0.652173913043,23,24,0.958333333333,False,False,5,12,0.416666666667,1:14;2:2;3:2
CellTag_iEP_reprogramming,CellTag_iEP,r2,F052:CellTag_iEP_reprogramming:CellTag_iEP:r2:r2_MULTI_3_12_21:sourceGroupedDay21Fate,r2_MULTI_3_12_21,sourceGroupedDay21Fate,IBIP20:r2:MULTI:1:orderedHistory,IBIP-20,orderedHistory,MULTI,D3-D12,24,24,True,True,True,True,exactFrozenMaps,588f60db9ff8ad27860506ee24639019655a3b8507a4f3e2781a75c7455e9209,,IBIP20_temporal_random_fiber_controls,24,276,7,180,24,0,0,1,1,1,1,1,1,0,1,0,,,undefinedInjective,15,23,0.652173913043,,,undefinedInjective,True,False,0,1,0,1:24
CellTag_iEP_reprogramming,CellTag_iEP,r2,F052:CellTag_iEP_reprogramming:CellTag_iEP:r2:r2_MULTI_3_12_21:sourceGroupedDay21Fate,r2_MULTI_3_12_21,sourceGroupedDay21Fate,IBIP20:r2:MULTI:1:unorderedHistory,IBIP-20,unorderedHistory,MULTI,D3-D12,24,24,True,True,True,True,exactFrozenMaps,84e2876450d200a6e16c445121371caeac8d4ac5d574921b6bc946ffe05377b1,,IBIP20_temporal_random_fiber_controls,24,276,7,180,24,0,0,1,1,1,1,1,1,0,1,0,,,undefinedInjective,15,23,0.652173913043,,,undefinedInjective,True,False,0,1,0,1:24
CellTag_iEP_reprogramming,CellTag_iEP,r2,F052:CellTag_iEP_reprogramming:CellTag_iEP:r2:r2_MULTI_3_12_21:sourceGroupedDay21Fate,r2_MULTI_3_12_21,sourceGroupedDay21Fate,IBIP20:r2:MULTI:1:reversedHistory,IBIP-20,reversedHistory,MULTI,D3-D12,24,24,True,True,True,True,exactFrozenMaps,55cebbb1463f2d070384af8f2ce34b6169eca3c43d625d3a1b75285683e81646,,IBIP20_temporal_random_fiber_controls,24,276,7,180,24,0,0,1,1,1,1,1,1,0,1,0,,,undefinedInjective,15,23,0.652173913043,,,undefinedInjective,True,False,0,1,0,1:24
CellTag_iEP_reprogramming,CellTag_iEP,r2,F052:CellTag_iEP_reprogramming:CellTag_iEP:r2:r2_MULTI_3_12_21:sourceGroupedDay21Fate,r2_MULTI_3_12_21,sourceGroupedDay21Fate,IBIP20:r2:MULTI:1:transitionSignature,IBIP-20,transitionSignature,MULTI,D3-D12,24,24,True,True,True,True,exactFrozenMaps,8489bae7e8f1600d1d5fe4f67945e857b8e84fe59ac421db81445b02f29a59f7,,IBIP20_temporal_random_fiber_controls,24,276,7,180,24,0,0,1,1,1,1,1,1,0,1,0,,,undefinedInjective,15,23,0.652173913043,,,undefinedInjective,True,False,0,1,0,1:24
CellTag_iEP_reprogramming,CellTag_iEP,r2,F052:CellTag_iEP_reprogramming:CellTag_iEP:r2:r2_MULTI_3_12_21:sourceGroupedDay21Fate,r2_MULTI_3_12_21,sourceGroupedDay21Fate,IBIP20:r2:MULTI:2:snapshotDay3,IBIP-20,snapshotDay3,MULTI,D3-D12,24,24,True,True,True,True,exactFrozenMaps,33ba5fba61b016e2655842f9acdabd769452b43ed2b96921fa4ee437dad7fe11,,IBIP20_temporal_random_fiber_controls,24,276,7,180,24,0,0,1,1,1,1,1,1,0,1,0,,,undefinedInjective,15,23,0.652173913043,,,undefinedInjective,True,False,0,1,0,1:24
CellTag_iEP_reprogramming,CellTag_iEP,r2,F052:CellTag_iEP_reprogramming:CellTag_iEP:r2:r2_MULTI_3_12_21:sourceGroupedDay21Fate,r2_MULTI_3_12_21,sourceGroupedDay21Fate,IBIP20:r2:MULTI:2:day12State,IBIP-20,day12State,MULTI,D3-D12,24,24,True,True,True,True,exactFrozenMaps,d6f8416d7be49617dbc1811cfd980a918aae918d188bed2447efb71fb8194ee2,,IBIP20_temporal_random_fiber_controls,24,276,7,180,24,0,0,1,1,1,1,1,1,0,1,0,,,undefinedInjective,15,23,0.652173913043,,,undefinedInjective,True,False,0,1,0,1:24
CellTag_iEP_reprogramming,CellTag_iEP,r2,F052:CellTag_iEP_reprogramming:CellTag_iEP:r2:r2_MULTI_3_12_21:sourceGroupedDay21Fate,r2_MULTI_3_12_21,sourceGroupedDay21Fate,IBIP20:r2:MULTI:2:orderedHistory,IBIP-20,orderedHistory,MULTI,D3-D12,24,24,True,True,True,True,exactFrozenMaps,0122ec714be6aba7d9032471e8d8fae843b45aeb9a95a0093ac30b595f71c786,,IBIP20_temporal_random_fiber_controls,24,276,7,180,24,0,0,1,1,1,1,1,1,0,1,0,,,undefinedInjective,15,23,0.652173913043,,,undefinedInjective,True,False,0,1,0,1:24
CellTag_iEP_reprogramming,CellTag_iEP,r2,F052:CellTag_iEP_reprogramming:CellTag_iEP:r2:r2_MULTI_3_12_21:sourceGroupedDay21Fate,r2_MULTI_3_12_21,sourceGroupedDay21Fate,IBIP20:r2:MULTI:2:unorderedHistory,IBIP-20,unorderedHistory,MULTI,D3-D12,24,24,True,True,True,True,exactFrozenMaps,e0696e39549333c30c6851b509f0d3ba7056bc46e66ccdaf1682f6efec14c61e,,IBIP20_temporal_random_fiber_controls,24,276,7,180,24,0,0,1,1,1,1,1,1,0,1,0,,,undefinedInjective,15,23,0.652173913043,,,undefinedInjective,True,False,0,1,0,1:24
CellTag_iEP_reprogramming,CellTag_iEP,r2,F052:CellTag_iEP_reprogramming:CellTag_iEP:r2:r2_MULTI_3_12_21:sourceGroupedDay21Fate,r2_MULTI_3_12_21,sourceGroupedDay21Fate,IBIP20:r2:MULTI:2:reversedHistory,IBIP-20,reversedHistory,MULTI,D3-D12,24,24,True,True,True,True,exactFrozenMaps,697456b780022df34dc73d4fd19fc1c0a4f290a4ec13b6362bc3f7ab2661d2d5,,IBIP20_temporal_random_fiber_controls,24,276,7,180,24,0,0,1,1,1,1,1,1,0,1,0,,,undefinedInjective,15,23,0.652173913043,,,undefinedInjective,True,False,0,1,0,1:24
CellTag_iEP_reprogramming,CellTag_iEP,r2,F052:CellTag_iEP_reprogramming:CellTag_iEP:r2:r2_MULTI_3_12_21:sourceGroupedDay21Fate,r2_MULTI_3_12_21,sourceGroupedDay21Fate,IBIP20:r2:MULTI:2:transitionSignature,IBIP-20,transitionSignature,MULTI,D3-D12,24,24,True,True,True,True,exactFrozenMaps,059591670d03ec7ab2a91e68649335c53bee3a16e53df0030e60a03af913e00b,,IBIP20_temporal_random_fiber_controls,24,276,7,180,24,0,0,1,1,1,1,1,1,0,1,0,,,undefinedInjective,15,23,0.652173913043,,,undefinedInjective,True,False,0,1,0,1:24
CellTag_iEP_reprogramming,CellTag_iEP,r2,F052:CellTag_iEP_reprogramming:CellTag_iEP:r2:r2_MULTI_3_12_21:sourceGroupedDay21Fate,r2_MULTI_3_12_21,sourceGroupedDay21Fate,IBIP20:r2:MULTI:4:snapshotDay3,IBIP-20,snapshotDay3,MULTI,D3-D12,24,24,True,True,True,True,exactFrozenMaps,041bd6a43f15f3ba7dcb7cc2314ba1ec7bb50a3c85fa9c44c31c79e9ccb8762a,,IBIP20_temporal_random_fiber_controls,24,276,7,180,24,0,0,1,1,1,1,1,1,0,1,0,,,undefinedInjective,15,23,0.652173913043,,,undefinedInjective,True,False,0,1,0,1:24
CellTag_iEP_reprogramming,CellTag_iEP,r2,F052:CellTag_iEP_reprogramming:CellTag_iEP:r2:r2_MULTI_3_12_21:sourceGroupedDay21Fate,r2_MULTI_3_12_21,sourceGroupedDay21Fate,IBIP20:r2:MULTI:4:day12State,IBIP-20,day12State,MULTI,D3-D12,24,24,True,True,True,True,exactFrozenMaps,313443f965cbfecca924db6b969cb1041c007ce12edc57f3cd0732eceeccabd8,,IBIP20_temporal_random_fiber_controls,24,276,7,180,24,0,0,1,1,1,1,1,1,0,1,0,,,undefinedInjective,15,23,0.652173913043,,,undefinedInjective,True,False,0,1,0,1:24
CellTag_iEP_reprogramming,CellTag_iEP,r2,F052:CellTag_iEP_reprogramming:CellTag_iEP:r2:r2_MULTI_3_12_21:sourceGroupedDay21Fate,r2_MULTI_3_12_21,sourceGroupedDay21Fate,IBIP20:r2:MULTI:4:orderedHistory,IBIP-20,orderedHistory,MULTI,D3-D12,24,24,True,True,True,True,exactFrozenMaps,c3a99aaecdd9d00f48bcf69353e0fb84fa0ad818d2cb3a0ac596f6fcdd33308c,,IBIP20_temporal_random_fiber_controls,24,276,7,180,24,0,0,1,1,1,1,1,1,0,1,0,,,undefinedInjective,15,23,0.652173913043,,,undefinedInjective,True,False,0,1,0,1:24
CellTag_iEP_reprogramming,CellTag_iEP,r2,F052:CellTag_iEP_reprogramming:CellTag_iEP:r2:r2_MULTI_3_12_21:sourceGroupedDay21Fate,r2_MULTI_3_12_21,sourceGroupedDay21Fate,IBIP20:r2:MULTI:4:unorderedHistory,IBIP-20,unorderedHistory,MULTI,D3-D12,24,24,True,True,True,True,exactFrozenMaps,2dd8f6adffefc2f4fce16a713a14e50986bca2cd69d1d3f5f1873c459ef19ad0,,IBIP20_temporal_random_fiber_controls,24,276,7,180,24,0,0,1,1,1,1,1,1,0,1,0,,,undefinedInjective,15,23,0.652173913043,,,undefinedInjective,True,False,0,1,0,1:24
CellTag_iEP_reprogramming,CellTag_iEP,r2,F052:CellTag_iEP_reprogramming:CellTag_iEP:r2:r2_MULTI_3_12_21:sourceGroupedDay21Fate,r2_MULTI_3_12_21,sourceGroupedDay21Fate,IBIP20:r2:MULTI:4:reversedHistory,IBIP-20,reversedHistory,MULTI,D3-D12,24,24,True,True,True,True,exactFrozenMaps,cd62d7f97d5e807e50acfaa12cad651e0be7f108c0de5cd3dcb7bb40b589a0c3,,IBIP20_temporal_random_fiber_controls,24,276,7,180,24,0,0,1,1,1,1,1,1,0,1,0,,,undefinedInjective,15,23,0.652173913043,,,undefinedInjective,True,False,0,1,0,1:24
CellTag_iEP_reprogramming,CellTag_iEP,r2,F052:CellTag_iEP_reprogramming:CellTag_iEP:r2:r2_MULTI_3_12_21:sourceGroupedDay21Fate,r2_MULTI_3_12_21,sourceGroupedDay21Fate,IBIP20:r2:MULTI:4:transitionSignature,IBIP-20,transitionSignature,MULTI,D3-D12,24,24,True,True,True,True,exactFrozenMaps,9cae11d3fa793d5f3954d6aa7b8e18d7731fd1cac7a6f159b107f6a945981246,,IBIP20_temporal_random_fiber_controls,24,276,7,180,24,0,0,1,1,1,1,1,1,0,1,0,,,undefinedInjective,15,23,0.652173913043,,,undefinedInjective,True,False,0,1,0,1:24
CellTag_iEP_reprogramming,CellTag_iEP,r2,F052:CellTag_iEP_reprogramming:CellTag_iEP:r2:r2_MULTI_3_12_21:sourceGroupedDay21Fate,r2_MULTI_3_12_21,sourceGroupedDay21Fate,IBIP20:r2:MULTI:5:snapshotDay3,IBIP-20,snapshotDay3,MULTI,D3-D12,24,24,True,True,True,True,exactFrozenMaps,fe8a0c371b604c6692f7368fb9577fce599cbf5893c1a74291f728e516098924,,IBIP20_temporal_random_fiber_controls,24,276,7,180,24,0,0,1,1,1,1,1,1,0,1,0,,,undefinedInjective,15,23,0.652173913043,,,undefinedInjective,True,False,0,1,0,1:24
CellTag_iEP_reprogramming,CellTag_iEP,r2,F052:CellTag_iEP_reprogramming:CellTag_iEP:r2:r2_MULTI_3_12_21:sourceGroupedDay21Fate,r2_MULTI_3_12_21,sourceGroupedDay21Fate,IBIP20:r2:MULTI:5:day12State,IBIP-20,day12State,MULTI,D3-D12,24,24,True,True,True,True,exactFrozenMaps,4ab6f683407972893d45bc4b41026a4a59b0111de4b16554f0b8071635535940,,IBIP20_temporal_random_fiber_controls,24,276,7,180,24,0,0,1,1,1,1,1,1,0,1,0,,,undefinedInjective,15,23,0.652173913043,,,undefinedInjective,True,False,0,1,0,1:24
CellTag_iEP_reprogramming,CellTag_iEP,r2,F052:CellTag_iEP_reprogramming:CellTag_iEP:r2:r2_MULTI_3_12_21:sourceGroupedDay21Fate,r2_MULTI_3_12_21,sourceGroupedDay21Fate,IBIP20:r2:MULTI:5:orderedHistory,IBIP-20,orderedHistory,MULTI,D3-D12,24,24,True,True,True,True,exactFrozenMaps,622dc6e4857f0181f3fdef7111014bf46728187e21f436612a69037205f3e3c2,,IBIP20_temporal_random_fiber_controls,24,276,7,180,24,0,0,1,1,1,1,1,1,0,1,0,,,undefinedInjective,15,23,0.652173913043,,,undefinedInjective,True,False,0,1,0,1:24
CellTag_iEP_reprogramming,CellTag_iEP,r2,F052:CellTag_iEP_reprogramming:CellTag_iEP:r2:r2_MULTI_3_12_21:sourceGroupedDay21Fate,r2_MULTI_3_12_21,sourceGroupedDay21Fate,IBIP20:r2:MULTI:5:unorderedHistory,IBIP-20,unorderedHistory,MULTI,D3-D12,24,24,True,True,True,True,exactFrozenMaps,b66653bc1a6e67e996b756fd1daf76a1cea145d64f346bf88dbf17f08adaae89,,IBIP20_temporal_random_fiber_controls,24,276,7,180,24,0,0,1,1,1,1,1,1,0,1,0,,,undefinedInjective,15,23,0.652173913043,,,undefinedInjective,True,False,0,1,0,1:24
CellTag_iEP_reprogramming,CellTag_iEP,r2,F052:CellTag_iEP_reprogramming:CellTag_iEP:r2:r2_MULTI_3_12_21:sourceGroupedDay21Fate,r2_MULTI_3_12_21,sourceGroupedDay21Fate,IBIP20:r2:MULTI:5:reversedHistory,IBIP-20,reversedHistory,MULTI,D3-D12,24,24,True,True,True,True,exactFrozenMaps,dee139e3ee9c1ca18bf65c6c3e5986c4038ec93fd7f15edc6851ffe7f7c7415f,,IBIP20_temporal_random_fiber_controls,24,276,7,180,24,0,0,1,1,1,1,1,1,0,1,0,,,undefinedInjective,15,23,0.652173913043,,,undefinedInjective,True,False,0,1,0,1:24
CellTag_iEP_reprogramming,CellTag_iEP,r2,F052:CellTag_iEP_reprogramming:CellTag_iEP:r2:r2_MULTI_3_12_21:sourceGroupedDay21Fate,r2_MULTI_3_12_21,sourceGroupedDay21Fate,IBIP20:r2:MULTI:5:transitionSignature,IBIP-20,transitionSignature,MULTI,D3-D12,24,24,True,True,True,True,exactFrozenMaps,08b0b4185b93cf313c0e8e00a50be6a22dcff24a2c3b62d4d817c0ac149d4c6b,,IBIP20_temporal_random_fiber_controls,24,276,7,180,24,0,0,1,1,1,1,1,1,0,1,0,,,undefinedInjective,15,23,0.652173913043,,,undefinedInjective,True,False,0,1,0,1:24
CellTag_iEP_reprogramming,CellTag_iEP,r2,F053:CellTag_iEP_reprogramming:CellTag_iEP:r2:r2_MULTI_3_12_21:majorityDay21Fate,r2_MULTI_3_12_21,majorityDay21Fate,IBIP20:r2:MULTI:0:snapshotDay3,IBIP-20,snapshotDay3,MULTI,D3-D12,24,1,False,False,True,True,exactFrozenMaps,750b3062181de4afcb200848ac8e4bd844933104e1fed3e4af36f30c73cb0fb5,,IBIP20_temporal_random_fiber_controls,24,276,3,189,1,276,189,0,1,0,0,1,0,0,1,0,63,92,0.684782608696,63,92,0.684782608696,1,1,1,False,False,1,1,1,24:1
CellTag_iEP_reprogramming,CellTag_iEP,r2,F053:CellTag_iEP_reprogramming:CellTag_iEP:r2:r2_MULTI_3_12_21:majorityDay21Fate,r2_MULTI_3_12_21,majorityDay21Fate,IBIP20:r2:MULTI:0:day12State,IBIP-20,day12State,MULTI,D3-D12,24,1,False,False,True,True,exactFrozenMaps,750b3062181de4afcb200848ac8e4bd844933104e1fed3e4af36f30c73cb0fb5,IBIP20:r2:MULTI:0:snapshotDay3,IBIP20_temporal_random_fiber_controls,24,276,3,189,1,276,189,0,1,0,0,1,0,0,1,0,63,92,0.684782608696,63,92,0.684782608696,1,1,1,False,False,1,1,1,24:1
CellTag_iEP_reprogramming,CellTag_iEP,r2,F053:CellTag_iEP_reprogramming:CellTag_iEP:r2:r2_MULTI_3_12_21:majorityDay21Fate,r2_MULTI_3_12_21,majorityDay21Fate,IBIP20:r2:MULTI:0:orderedHistory,IBIP-20,orderedHistory,MULTI,D3-D12,24,1,False,False,True,True,exactFrozenMaps,e924b40e99af67e8f8314043680c6f1fdf6b5762e68fe126929aa529555383f9,,IBIP20_temporal_random_fiber_controls,24,276,3,189,1,276,189,0,1,0,0,1,0,0,1,0,63,92,0.684782608696,63,92,0.684782608696,1,1,1,False,False,1,1,1,24:1
CellTag_iEP_reprogramming,CellTag_iEP,r2,F053:CellTag_iEP_reprogramming:CellTag_iEP:r2:r2_MULTI_3_12_21:majorityDay21Fate,r2_MULTI_3_12_21,majorityDay21Fate,IBIP20:r2:MULTI:0:unorderedHistory,IBIP-20,unorderedHistory,MULTI,D3-D12,24,1,False,False,True,True,exactFrozenMaps,69f29c9fadfe78b28b6ed5946a3218bfb70fd11c5de299d9ee494c969daabb21,,IBIP20_temporal_random_fiber_controls,24,276,3,189,1,276,189,0,1,0,0,1,0,0,1,0,63,92,0.684782608696,63,92,0.684782608696,1,1,1,False,False,1,1,1,24:1
CellTag_iEP_reprogramming,CellTag_iEP,r2,F053:CellTag_iEP_reprogramming:CellTag_iEP:r2:r2_MULTI_3_12_21:majorityDay21Fate,r2_MULTI_3_12_21,majorityDay21Fate,IBIP20:r2:MULTI:0:reversedHistory,IBIP-20,reversedHistory,MULTI,D3-D12,24,1,False,False,True,True,exactFrozenMaps,e924b40e99af67e8f8314043680c6f1fdf6b5762e68fe126929aa529555383f9,IBIP20:r2:MULTI:0:orderedHistory,IBIP20_temporal_random_fiber_controls,24,276,3,189,1,276,189,0,1,0,0,1,0,0,1,0,63,92,0.684782608696,63,92,0.684782608696,1,1,1,False,False,1,1,1,24:1
CellTag_iEP_reprogramming,CellTag_iEP,r2,F053:CellTag_iEP_reprogramming:CellTag_iEP:r2:r2_MULTI_3_12_21:majorityDay21Fate,r2_MULTI_3_12_21,majorityDay21Fate,IBIP20:r2:MULTI:0:transitionSignature,IBIP-20,transitionSignature,MULTI,D3-D12,24,1,False,False,True,True,exactFrozenMaps,72ffb82748272fdb5abcb8c0995cc768712ede84c6a172ed82c32834d5f801dd,,IBIP20_temporal_random_fiber_controls,24,276,3,189,1,276,189,0,1,0,0,1,0,0,1,0,63,92,0.684782608696,63,92,0.684782608696,1,1,1,False,False,1,1,1,24:1
CellTag_iEP_reprogramming,CellTag_iEP,r2,F053:CellTag_iEP_reprogramming:CellTag_iEP:r2:r2_MULTI_3_12_21:majorityDay21Fate,r2_MULTI_3_12_21,majorityDay21Fate,IBIP20:r2:MULTI:1:snapshotDay3,IBIP-20,snapshotDay3,MULTI,D3-D12,24,21,False,False,True,True,exactFrozenMaps,6173e94317debb706b6aad89c302b333080742b18922a40d0a1c212a848403cb,,IBIP20_temporal_random_fiber_controls,24,276,3,189,21,3,2,91,92,0.989130434783,187,189,0.989417989418,5,17388,0.000287554635381,2,3,0.666666666667,63,92,0.684782608696,184,189,0.973544973545,False,False,1,4,0.25,1:18;2:3
CellTag_iEP_reprogramming,CellTag_iEP,r2,F053:CellTag_iEP_reprogramming:CellTag_iEP:r2:r2_MULTI_3_12_21:majorityDay21Fate,r2_MULTI_3_12_21,majorityDay21Fate,IBIP20:r2:MULTI:1:day12State,IBIP-20,day12State,MULTI,D3-D12,24,18,False,False,True,True,exactFrozenMaps,4108b7152e240f91633c7663ed9b4c75d829144abfcac034b67fd48f90780ec7,,IBIP20_temporal_random_fiber_controls,24,276,3,189,18,8,7,67,69,0.971014492754,26,27,0.962962962963,-5,621,-0.00805152979066,7,8,0.875,63,92,0.684782608696,23,18,1.27777777778,False,False,5,12,0.416666666667,1:14;2:2;3:2
CellTag_iEP_reprogramming,CellTag_iEP,r2,F053:CellTag_iEP_reprogramming:CellTag_iEP:r2:r2_MULTI_3_12_21:majorityDay21Fate,r2_MULTI_3_12_21,majorityDay21Fate,IBIP20:r2:MULTI:1:orderedHistory,IBIP-20,orderedHistory,MULTI,D3-D12,24,24,True,True,True,True,exactFrozenMaps,588f60db9ff8ad27860506ee24639019655a3b8507a4f3e2781a75c7455e9209,,IBIP20_temporal_random_fiber_controls,24,276,3,189,24,0,0,1,1,1,1,1,1,0,1,0,,,undefinedInjective,63,92,0.684782608696,,,undefinedInjective,True,False,0,1,0,1:24
CellTag_iEP_reprogramming,CellTag_iEP,r2,F053:CellTag_iEP_reprogramming:CellTag_iEP:r2:r2_MULTI_3_12_21:majorityDay21Fate,r2_MULTI_3_12_21,majorityDay21Fate,IBIP20:r2:MULTI:1:unorderedHistory,IBIP-20,unorderedHistory,MULTI,D3-D12,24,24,True,True,True,True,exactFrozenMaps,84e2876450d200a6e16c445121371caeac8d4ac5d574921b6bc946ffe05377b1,,IBIP20_temporal_random_fiber_controls,24,276,3,189,24,0,0,1,1,1,1,1,1,0,1,0,,,undefinedInjective,63,92,0.684782608696,,,undefinedInjective,True,False,0,1,0,1:24
CellTag_iEP_reprogramming,CellTag_iEP,r2,F053:CellTag_iEP_reprogramming:CellTag_iEP:r2:r2_MULTI_3_12_21:majorityDay21Fate,r2_MULTI_3_12_21,majorityDay21Fate,IBIP20:r2:MULTI:1:reversedHistory,IBIP-20,reversedHistory,MULTI,D3-D12,24,24,True,True,True,True,exactFrozenMaps,55cebbb1463f2d070384af8f2ce34b6169eca3c43d625d3a1b75285683e81646,,IBIP20_temporal_random_fiber_controls,24,276,3,189,24,0,0,1,1,1,1,1,1,0,1,0,,,undefinedInjective,63,92,0.684782608696,,,undefinedInjective,True,False,0,1,0,1:24
CellTag_iEP_reprogramming,CellTag_iEP,r2,F053:CellTag_iEP_reprogramming:CellTag_iEP:r2:r2_MULTI_3_12_21:majorityDay21Fate,r2_MULTI_3_12_21,majorityDay21Fate,IBIP20:r2:MULTI:1:transitionSignature,IBIP-20,transitionSignature,MULTI,D3-D12,24,24,True,True,True,True,exactFrozenMaps,8489bae7e8f1600d1d5fe4f67945e857b8e84fe59ac421db81445b02f29a59f7,,IBIP20_temporal_random_fiber_controls,24,276,3,189,24,0,0,1,1,1,1,1,1,0,1,0,,,undefinedInjective,63,92,0.684782608696,,,undefinedInjective,True,False,0,1,0,1:24
CellTag_iEP_reprogramming,CellTag_iEP,r2,F053:CellTag_iEP_reprogramming:CellTag_iEP:r2:r2_MULTI_3_12_21:majorityDay21Fate,r2_MULTI_3_12_21,majorityDay21Fate,IBIP20:r2:MULTI:2:snapshotDay3,IBIP-20,snapshotDay3,MULTI,D3-D12,24,24,True,True,True,True,exactFrozenMaps,33ba5fba61b016e2655842f9acdabd769452b43ed2b96921fa4ee437dad7fe11,,IBIP20_temporal_random_fiber_controls,24,276,3,189,24,0,0,1,1,1,1,1,1,0,1,0,,,undefinedInjective,63,92,0.684782608696,,,undefinedInjective,True,False,0,1,0,1:24
CellTag_iEP_reprogramming,CellTag_iEP,r2,F053:CellTag_iEP_reprogramming:CellTag_iEP:r2:r2_MULTI_3_12_21:majorityDay21Fate,r2_MULTI_3_12_21,majorityDay21Fate,IBIP20:r2:MULTI:2:day12State,IBIP-20,day12State,MULTI,D3-D12,24,24,True,True,True,True,exactFrozenMaps,d6f8416d7be49617dbc1811cfd980a918aae918d188bed2447efb71fb8194ee2,,IBIP20_temporal_random_fiber_controls,24,276,3,189,24,0,0,1,1,1,1,1,1,0,1,0,,,undefinedInjective,63,92,0.684782608696,,,undefinedInjective,True,False,0,1,0,1:24
CellTag_iEP_reprogramming,CellTag_iEP,r2,F053:CellTag_iEP_reprogramming:CellTag_iEP:r2:r2_MULTI_3_12_21:majorityDay21Fate,r2_MULTI_3_12_21,majorityDay21Fate,IBIP20:r2:MULTI:2:orderedHistory,IBIP-20,orderedHistory,MULTI,D3-D12,24,24,True,True,True,True,exactFrozenMaps,0122ec714be6aba7d9032471e8d8fae843b45aeb9a95a0093ac30b595f71c786,,IBIP20_temporal_random_fiber_controls,24,276,3,189,24,0,0,1,1,1,1,1,1,0,1,0,,,undefinedInjective,63,92,0.684782608696,,,undefinedInjective,True,False,0,1,0,1:24
CellTag_iEP_reprogramming,CellTag_iEP,r2,F053:CellTag_iEP_reprogramming:CellTag_iEP:r2:r2_MULTI_3_12_21:majorityDay21Fate,r2_MULTI_3_12_21,majorityDay21Fate,IBIP20:r2:MULTI:2:unorderedHistory,IBIP-20,unorderedHistory,MULTI,D3-D12,24,24,True,True,True,True,exactFrozenMaps,e0696e39549333c30c6851b509f0d3ba7056bc46e66ccdaf1682f6efec14c61e,,IBIP20_temporal_random_fiber_controls,24,276,3,189,24,0,0,1,1,1,1,1,1,0,1,0,,,undefinedInjective,63,92,0.684782608696,,,undefinedInjective,True,False,0,1,0,1:24
CellTag_iEP_reprogramming,CellTag_iEP,r2,F053:CellTag_iEP_reprogramming:CellTag_iEP:r2:r2_MULTI_3_12_21:majorityDay21Fate,r2_MULTI_3_12_21,majorityDay21Fate,IBIP20:r2:MULTI:2:reversedHistory,IBIP-20,reversedHistory,MULTI,D3-D12,24,24,True,True,True,True,exactFrozenMaps,697456b780022df34dc73d4fd19fc1c0a4f290a4ec13b6362bc3f7ab2661d2d5,,IBIP20_temporal_random_fiber_controls,24,276,3,189,24,0,0,1,1,1,1,1,1,0,1,0,,,undefinedInjective,63,92,0.684782608696,,,undefinedInjective,True,False,0,1,0,1:24
CellTag_iEP_reprogramming,CellTag_iEP,r2,F053:CellTag_iEP_reprogramming:CellTag_iEP:r2:r2_MULTI_3_12_21:majorityDay21Fate,r2_MULTI_3_12_21,majorityDay21Fate,IBIP20:r2:MULTI:2:transitionSignature,IBIP-20,transitionSignature,MULTI,D3-D12,24,24,True,True,True,True,exactFrozenMaps,059591670d03ec7ab2a91e68649335c53bee3a16e53df0030e60a03af913e00b,,IBIP20_temporal_random_fiber_controls,24,276,3,189,24,0,0,1,1,1,1,1,1,0,1,0,,,undefinedInjective,63,92,0.684782608696,,,undefinedInjective,True,False,0,1,0,1:24
CellTag_iEP_reprogramming,CellTag_iEP,r2,F053:CellTag_iEP_reprogramming:CellTag_iEP:r2:r2_MULTI_3_12_21:majorityDay21Fate,r2_MULTI_3_12_21,majorityDay21Fate,IBIP20:r2:MULTI:4:snapshotDay3,IBIP-20,snapshotDay3,MULTI,D3-D12,24,24,True,True,True,True,exactFrozenMaps,041bd6a43f15f3ba7dcb7cc2314ba1ec7bb50a3c85fa9c44c31c79e9ccb8762a,,IBIP20_temporal_random_fiber_controls,24,276,3,189,24,0,0,1,1,1,1,1,1,0,1,0,,,undefinedInjective,63,92,0.684782608696,,,undefinedInjective,True,False,0,1,0,1:24
CellTag_iEP_reprogramming,CellTag_iEP,r2,F053:CellTag_iEP_reprogramming:CellTag_iEP:r2:r2_MULTI_3_12_21:majorityDay21Fate,r2_MULTI_3_12_21,majorityDay21Fate,IBIP20:r2:MULTI:4:day12State,IBIP-20,day12State,MULTI,D3-D12,24,24,True,True,True,True,exactFrozenMaps,313443f965cbfecca924db6b969cb1041c007ce12edc57f3cd0732eceeccabd8,,IBIP20_temporal_random_fiber_controls,24,276,3,189,24,0,0,1,1,1,1,1,1,0,1,0,,,undefinedInjective,63,92,0.684782608696,,,undefinedInjective,True,False,0,1,0,1:24
CellTag_iEP_reprogramming,CellTag_iEP,r2,F053:CellTag_iEP_reprogramming:CellTag_iEP:r2:r2_MULTI_3_12_21:majorityDay21Fate,r2_MULTI_3_12_21,majorityDay21Fate,IBIP20:r2:MULTI:4:orderedHistory,IBIP-20,orderedHistory,MULTI,D3-D12,24,24,True,True,True,True,exactFrozenMaps,c3a99aaecdd9d00f48bcf69353e0fb84fa0ad818d2cb3a0ac596f6fcdd33308c,,IBIP20_temporal_random_fiber_controls,24,276,3,189,24,0,0,1,1,1,1,1,1,0,1,0,,,undefinedInjective,63,92,0.684782608696,,,undefinedInjective,True,False,0,1,0,1:24
CellTag_iEP_reprogramming,CellTag_iEP,r2,F053:CellTag_iEP_reprogramming:CellTag_iEP:r2:r2_MULTI_3_12_21:majorityDay21Fate,r2_MULTI_3_12_21,majorityDay21Fate,IBIP20:r2:MULTI:4:unorderedHistory,IBIP-20,unorderedHistory,MULTI,D3-D12,24,24,True,True,True,True,exactFrozenMaps,2dd8f6adffefc2f4fce16a713a14e50986bca2cd69d1d3f5f1873c459ef19ad0,,IBIP20_temporal_random_fiber_controls,24,276,3,189,24,0,0,1,1,1,1,1,1,0,1,0,,,undefinedInjective,63,92,0.684782608696,,,undefinedInjective,True,False,0,1,0,1:24
CellTag_iEP_reprogramming,CellTag_iEP,r2,F053:CellTag_iEP_reprogramming:CellTag_iEP:r2:r2_MULTI_3_12_21:majorityDay21Fate,r2_MULTI_3_12_21,majorityDay21Fate,IBIP20:r2:MULTI:4:reversedHistory,IBIP-20,reversedHistory,MULTI,D3-D12,24,24,True,True,True,True,exactFrozenMaps,cd62d7f97d5e807e50acfaa12cad651e0be7f108c0de5cd3dcb7bb40b589a0c3,,IBIP20_temporal_random_fiber_controls,24,276,3,189,24,0,0,1,1,1,1,1,1,0,1,0,,,undefinedInjective,63,92,0.684782608696,,,undefinedInjective,True,False,0,1,0,1:24
CellTag_iEP_reprogramming,CellTag_iEP,r2,F053:CellTag_iEP_reprogramming:CellTag_iEP:r2:r2_MULTI_3_12_21:majorityDay21Fate,r2_MULTI_3_12_21,majorityDay21Fate,IBIP20:r2:MULTI:4:transitionSignature,IBIP-20,transitionSignature,MULTI,D3-D12,24,24,True,True,True,True,exactFrozenMaps,9cae11d3fa793d5f3954d6aa7b8e18d7731fd1cac7a6f159b107f6a945981246,,IBIP20_temporal_random_fiber_controls,24,276,3,189,24,0,0,1,1,1,1,1,1,0,1,0,,,undefinedInjective,63,92,0.684782608696,,,undefinedInjective,True,False,0,1,0,1:24
CellTag_iEP_reprogramming,CellTag_iEP,r2,F053:CellTag_iEP_reprogramming:CellTag_iEP:r2:r2_MULTI_3_12_21:majorityDay21Fate,r2_MULTI_3_12_21,majorityDay21Fate,IBIP20:r2:MULTI:5:snapshotDay3,IBIP-20,snapshotDay3,MULTI,D3-D12,24,24,True,True,True,True,exactFrozenMaps,fe8a0c371b604c6692f7368fb9577fce599cbf5893c1a74291f728e516098924,,IBIP20_temporal_random_fiber_controls,24,276,3,189,24,0,0,1,1,1,1,1,1,0,1,0,,,undefinedInjective,63,92,0.684782608696,,,undefinedInjective,True,False,0,1,0,1:24
CellTag_iEP_reprogramming,CellTag_iEP,r2,F053:CellTag_iEP_reprogramming:CellTag_iEP:r2:r2_MULTI_3_12_21:majorityDay21Fate,r2_MULTI_3_12_21,majorityDay21Fate,IBIP20:r2:MULTI:5:day12State,IBIP-20,day12State,MULTI,D3-D12,24,24,True,True,True,True,exactFrozenMaps,4ab6f683407972893d45bc4b41026a4a59b0111de4b16554f0b8071635535940,,IBIP20_temporal_random_fiber_controls,24,276,3,189,24,0,0,1,1,1,1,1,1,0,1,0,,,undefinedInjective,63,92,0.684782608696,,,undefinedInjective,True,False,0,1,0,1:24
CellTag_iEP_reprogramming,CellTag_iEP,r2,F053:CellTag_iEP_reprogramming:CellTag_iEP:r2:r2_MULTI_3_12_21:majorityDay21Fate,r2_MULTI_3_12_21,majorityDay21Fate,IBIP20:r2:MULTI:5:orderedHistory,IBIP-20,orderedHistory,MULTI,D3-D12,24,24,True,True,True,True,exactFrozenMaps,622dc6e4857f0181f3fdef7111014bf46728187e21f436612a69037205f3e3c2,,IBIP20_temporal_random_fiber_controls,24,276,3,189,24,0,0,1,1,1,1,1,1,0,1,0,,,undefinedInjective,63,92,0.684782608696,,,undefinedInjective,True,False,0,1,0,1:24
CellTag_iEP_reprogramming,CellTag_iEP,r2,F053:CellTag_iEP_reprogramming:CellTag_iEP:r2:r2_MULTI_3_12_21:majorityDay21Fate,r2_MULTI_3_12_21,majorityDay21Fate,IBIP20:r2:MULTI:5:unorderedHistory,IBIP-20,unorderedHistory,MULTI,D3-D12,24,24,True,True,True,True,exactFrozenMaps,b66653bc1a6e67e996b756fd1daf76a1cea145d64f346bf88dbf17f08adaae89,,IBIP20_temporal_random_fiber_controls,24,276,3,189,24,0,0,1,1,1,1,1,1,0,1,0,,,undefinedInjective,63,92,0.684782608696,,,undefinedInjective,True,False,0,1,0,1:24
CellTag_iEP_reprogramming,CellTag_iEP,r2,F053:CellTag_iEP_reprogramming:CellTag_iEP:r2:r2_MULTI_3_12_21:majorityDay21Fate,r2_MULTI_3_12_21,majorityDay21Fate,IBIP20:r2:MULTI:5:reversedHistory,IBIP-20,reversedHistory,MULTI,D3-D12,24,24,True,True,True,True,exactFrozenMaps,dee139e3ee9c1ca18bf65c6c3e5986c4038ec93fd7f15edc6851ffe7f7c7415f,,IBIP20_temporal_random_fiber_controls,24,276,3,189,24,0,0,1,1,1,1,1,1,0,1,0,,,undefinedInjective,63,92,0.684782608696,,,undefinedInjective,True,False,0,1,0,1:24
CellTag_iEP_reprogramming,CellTag_iEP,r2,F053:CellTag_iEP_reprogramming:CellTag_iEP:r2:r2_MULTI_3_12_21:majorityDay21Fate,r2_MULTI_3_12_21,majorityDay21Fate,IBIP20:r2:MULTI:5:transitionSignature,IBIP-20,transitionSignature,MULTI,D3-D12,24,24,True,True,True,True,exactFrozenMaps,08b0b4185b93cf313c0e8e00a50be6a22dcff24a2c3b62d4d817c0ac149d4c6b,,IBIP20_temporal_random_fiber_controls,24,276,3,189,24,0,0,1,1,1,1,1,1,0,1,0,,,undefinedInjective,63,92,0.684782608696,,,undefinedInjective,True,False,0,1,0,1:24
CellTag_iEP_reprogramming,CellTag_iEP,r2,F054:CellTag_iEP_reprogramming:CellTag_iEP:r2:r2_MULTI_3_12_21:fateBreadth,r2_MULTI_3_12_21,fateBreadth,IBIP20:r2:MULTI:0:snapshotDay3,IBIP-20,snapshotDay3,MULTI,D3-D12,24,1,False,False,True,True,exactFrozenMaps,750b3062181de4afcb200848ac8e4bd844933104e1fed3e4af36f30c73cb0fb5,,IBIP20_temporal_random_fiber_controls,24,276,3,161,1,276,161,0,1,0,0,1,0,0,1,0,7,12,0.583333333333,7,12,0.583333333333,1,1,1,False,False,1,1,1,24:1
CellTag_iEP_reprogramming,CellTag_iEP,r2,F054:CellTag_iEP_reprogramming:CellTag_iEP:r2:r2_MULTI_3_12_21:fateBreadth,r2_MULTI_3_12_21,fateBreadth,IBIP20:r2:MULTI:0:day12State,IBIP-20,day12State,MULTI,D3-D12,24,1,False,False,True,True,exactFrozenMaps,750b3062181de4afcb200848ac8e4bd844933104e1fed3e4af36f30c73cb0fb5,IBIP20:r2:MULTI:0:snapshotDay3,IBIP20_temporal_random_fiber_controls,24,276,3,161,1,276,161,0,1,0,0,1,0,0,1,0,7,12,0.583333333333,7,12,0.583333333333,1,1,1,False,False,1,1,1,24:1
CellTag_iEP_reprogramming,CellTag_iEP,r2,F054:CellTag_iEP_reprogramming:CellTag_iEP:r2:r2_MULTI_3_12_21:fateBreadth,r2_MULTI_3_12_21,fateBreadth,IBIP20:r2:MULTI:0:orderedHistory,IBIP-20,orderedHistory,MULTI,D3-D12,24,1,False,False,True,True,exactFrozenMaps,e924b40e99af67e8f8314043680c6f1fdf6b5762e68fe126929aa529555383f9,,IBIP20_temporal_random_fiber_controls,24,276,3,161,1,276,161,0,1,0,0,1,0,0,1,0,7,12,0.583333333333,7,12,0.583333333333,1,1,1,False,False,1,1,1,24:1
CellTag_iEP_reprogramming,CellTag_iEP,r2,F054:CellTag_iEP_reprogramming:CellTag_iEP:r2:r2_MULTI_3_12_21:fateBreadth,r2_MULTI_3_12_21,fateBreadth,IBIP20:r2:MULTI:0:unorderedHistory,IBIP-20,unorderedHistory,MULTI,D3-D12,24,1,False,False,True,True,exactFrozenMaps,69f29c9fadfe78b28b6ed5946a3218bfb70fd11c5de299d9ee494c969daabb21,,IBIP20_temporal_random_fiber_controls,24,276,3,161,1,276,161,0,1,0,0,1,0,0,1,0,7,12,0.583333333333,7,12,0.583333333333,1,1,1,False,False,1,1,1,24:1
CellTag_iEP_reprogramming,CellTag_iEP,r2,F054:CellTag_iEP_reprogramming:CellTag_iEP:r2:r2_MULTI_3_12_21:fateBreadth,r2_MULTI_3_12_21,fateBreadth,IBIP20:r2:MULTI:0:reversedHistory,IBIP-20,reversedHistory,MULTI,D3-D12,24,1,False,False,True,True,exactFrozenMaps,e924b40e99af67e8f8314043680c6f1fdf6b5762e68fe126929aa529555383f9,IBIP20:r2:MULTI:0:orderedHistory,IBIP20_temporal_random_fiber_controls,24,276,3,161,1,276,161,0,1,0,0,1,0,0,1,0,7,12,0.583333333333,7,12,0.583333333333,1,1,1,False,False,1,1,1,24:1
CellTag_iEP_reprogramming,CellTag_iEP,r2,F054:CellTag_iEP_reprogramming:CellTag_iEP:r2:r2_MULTI_3_12_21:fateBreadth,r2_MULTI_3_12_21,fateBreadth,IBIP20:r2:MULTI:0:transitionSignature,IBIP-20,transitionSignature,MULTI,D3-D12,24,1,False,False,True,True,exactFrozenMaps,72ffb82748272fdb5abcb8c0995cc768712ede84c6a172ed82c32834d5f801dd,,IBIP20_temporal_random_fiber_controls,24,276,3,161,1,276,161,0,1,0,0,1,0,0,1,0,7,12,0.583333333333,7,12,0.583333333333,1,1,1,False,False,1,1,1,24:1
CellTag_iEP_reprogramming,CellTag_iEP,r2,F054:CellTag_iEP_reprogramming:CellTag_iEP:r2:r2_MULTI_3_12_21:fateBreadth,r2_MULTI_3_12_21,fateBreadth,IBIP20:r2:MULTI:1:snapshotDay3,IBIP-20,snapshotDay3,MULTI,D3-D12,24,21,False,False,True,True,exactFrozenMaps,6173e94317debb706b6aad89c302b333080742b18922a40d0a1c212a848403cb,,IBIP20_temporal_random_fiber_controls,24,276,3,161,21,3,2,91,92,0.989130434783,159,161,0.987577639752,-1,644,-0.00155279503106,2,3,0.666666666667,7,12,0.583333333333,8,7,1.14285714286,False,False,1,4,0.25,1:18;2:3
CellTag_iEP_reprogramming,CellTag_iEP,r2,F054:CellTag_iEP_reprogramming:CellTag_iEP:r2:r2_MULTI_3_12_21:fateBreadth,r2_MULTI_3_12_21,fateBreadth,IBIP20:r2:MULTI:1:day12State,IBIP-20,day12State,MULTI,D3-D12,24,18,False,False,True,True,exactFrozenMaps,4108b7152e240f91633c7663ed9b4c75d829144abfcac034b67fd48f90780ec7,,IBIP20_temporal_random_fiber_controls,24,276,3,161,18,8,7,67,69,0.971014492754,22,23,0.95652173913,-1,69,-0.0144927536232,7,8,0.875,7,12,0.583333333333,3,2,1.5,False,False,5,12,0.416666666667,1:14;2:2;3:2
CellTag_iEP_reprogramming,CellTag_iEP,r2,F054:CellTag_iEP_reprogramming:CellTag_iEP:r2:r2_MULTI_3_12_21:fateBreadth,r2_MULTI_3_12_21,fateBreadth,IBIP20:r2:MULTI:1:orderedHistory,IBIP-20,orderedHistory,MULTI,D3-D12,24,24,True,True,True,True,exactFrozenMaps,588f60db9ff8ad27860506ee24639019655a3b8507a4f3e2781a75c7455e9209,,IBIP20_temporal_random_fiber_controls,24,276,3,161,24,0,0,1,1,1,1,1,1,0,1,0,,,undefinedInjective,7,12,0.583333333333,,,undefinedInjective,True,False,0,1,0,1:24
CellTag_iEP_reprogramming,CellTag_iEP,r2,F054:CellTag_iEP_reprogramming:CellTag_iEP:r2:r2_MULTI_3_12_21:fateBreadth,r2_MULTI_3_12_21,fateBreadth,IBIP20:r2:MULTI:1:unorderedHistory,IBIP-20,unorderedHistory,MULTI,D3-D12,24,24,True,True,True,True,exactFrozenMaps,84e2876450d200a6e16c445121371caeac8d4ac5d574921b6bc946ffe05377b1,,IBIP20_temporal_random_fiber_controls,24,276,3,161,24,0,0,1,1,1,1,1,1,0,1,0,,,undefinedInjective,7,12,0.583333333333,,,undefinedInjective,True,False,0,1,0,1:24
CellTag_iEP_reprogramming,CellTag_iEP,r2,F054:CellTag_iEP_reprogramming:CellTag_iEP:r2:r2_MULTI_3_12_21:fateBreadth,r2_MULTI_3_12_21,fateBreadth,IBIP20:r2:MULTI:1:reversedHistory,IBIP-20,reversedHistory,MULTI,D3-D12,24,24,True,True,True,True,exactFrozenMaps,55cebbb1463f2d070384af8f2ce34b6169eca3c43d625d3a1b75285683e81646,,IBIP20_temporal_random_fiber_controls,24,276,3,161,24,0,0,1,1,1,1,1,1,0,1,0,,,undefinedInjective,7,12,0.583333333333,,,undefinedInjective,True,False,0,1,0,1:24
CellTag_iEP_reprogramming,CellTag_iEP,r2,F054:CellTag_iEP_reprogramming:CellTag_iEP:r2:r2_MULTI_3_12_21:fateBreadth,r2_MULTI_3_12_21,fateBreadth,IBIP20:r2:MULTI:1:transitionSignature,IBIP-20,transitionSignature,MULTI,D3-D12,24,24,True,True,True,True,exactFrozenMaps,8489bae7e8f1600d1d5fe4f67945e857b8e84fe59ac421db81445b02f29a59f7,,IBIP20_temporal_random_fiber_controls,24,276,3,161,24,0,0,1,1,1,1,1,1,0,1,0,,,undefinedInjective,7,12,0.583333333333,,,undefinedInjective,True,False,0,1,0,1:24
CellTag_iEP_reprogramming,CellTag_iEP,r2,F054:CellTag_iEP_reprogramming:CellTag_iEP:r2:r2_MULTI_3_12_21:fateBreadth,r2_MULTI_3_12_21,fateBreadth,IBIP20:r2:MULTI:2:snapshotDay3,IBIP-20,snapshotDay3,MULTI,D3-D12,24,24,True,True,True,True,exactFrozenMaps,33ba5fba61b016e2655842f9acdabd769452b43ed2b96921fa4ee437dad7fe11,,IBIP20_temporal_random_fiber_controls,24,276,3,161,24,0,0,1,1,1,1,1,1,0,1,0,,,undefinedInjective,7,12,0.583333333333,,,undefinedInjective,True,False,0,1,0,1:24
CellTag_iEP_reprogramming,CellTag_iEP,r2,F054:CellTag_iEP_reprogramming:CellTag_iEP:r2:r2_MULTI_3_12_21:fateBreadth,r2_MULTI_3_12_21,fateBreadth,IBIP20:r2:MULTI:2:day12State,IBIP-20,day12State,MULTI,D3-D12,24,24,True,True,True,True,exactFrozenMaps,d6f8416d7be49617dbc1811cfd980a918aae918d188bed2447efb71fb8194ee2,,IBIP20_temporal_random_fiber_controls,24,276,3,161,24,0,0,1,1,1,1,1,1,0,1,0,,,undefinedInjective,7,12,0.583333333333,,,undefinedInjective,True,False,0,1,0,1:24
CellTag_iEP_reprogramming,CellTag_iEP,r2,F054:CellTag_iEP_reprogramming:CellTag_iEP:r2:r2_MULTI_3_12_21:fateBreadth,r2_MULTI_3_12_21,fateBreadth,IBIP20:r2:MULTI:2:orderedHistory,IBIP-20,orderedHistory,MULTI,D3-D12,24,24,True,True,True,True,exactFrozenMaps,0122ec714be6aba7d9032471e8d8fae843b45aeb9a95a0093ac30b595f71c786,,IBIP20_temporal_random_fiber_controls,24,276,3,161,24,0,0,1,1,1,1,1,1,0,1,0,,,undefinedInjective,7,12,0.583333333333,,,undefinedInjective,True,False,0,1,0,1:24
CellTag_iEP_reprogramming,CellTag_iEP,r2,F054:CellTag_iEP_reprogramming:CellTag_iEP:r2:r2_MULTI_3_12_21:fateBreadth,r2_MULTI_3_12_21,fateBreadth,IBIP20:r2:MULTI:2:unorderedHistory,IBIP-20,unorderedHistory,MULTI,D3-D12,24,24,True,True,True,True,exactFrozenMaps,e0696e39549333c30c6851b509f0d3ba7056bc46e66ccdaf1682f6efec14c61e,,IBIP20_temporal_random_fiber_controls,24,276,3,161,24,0,0,1,1,1,1,1,1,0,1,0,,,undefinedInjective,7,12,0.583333333333,,,undefinedInjective,True,False,0,1,0,1:24
CellTag_iEP_reprogramming,CellTag_iEP,r2,F054:CellTag_iEP_reprogramming:CellTag_iEP:r2:r2_MULTI_3_12_21:fateBreadth,r2_MULTI_3_12_21,fateBreadth,IBIP20:r2:MULTI:2:reversedHistory,IBIP-20,reversedHistory,MULTI,D3-D12,24,24,True,True,True,True,exactFrozenMaps,697456b780022df34dc73d4fd19fc1c0a4f290a4ec13b6362bc3f7ab2661d2d5,,IBIP20_temporal_random_fiber_controls,24,276,3,161,24,0,0,1,1,1,1,1,1,0,1,0,,,undefinedInjective,7,12,0.583333333333,,,undefinedInjective,True,False,0,1,0,1:24
CellTag_iEP_reprogramming,CellTag_iEP,r2,F054:CellTag_iEP_reprogramming:CellTag_iEP:r2:r2_MULTI_3_12_21:fateBreadth,r2_MULTI_3_12_21,fateBreadth,IBIP20:r2:MULTI:2:transitionSignature,IBIP-20,transitionSignature,MULTI,D3-D12,24,24,True,True,True,True,exactFrozenMaps,059591670d03ec7ab2a91e68649335c53bee3a16e53df0030e60a03af913e00b,,IBIP20_temporal_random_fiber_controls,24,276,3,161,24,0,0,1,1,1,1,1,1,0,1,0,,,undefinedInjective,7,12,0.583333333333,,,undefinedInjective,True,False,0,1,0,1:24
CellTag_iEP_reprogramming,CellTag_iEP,r2,F054:CellTag_iEP_reprogramming:CellTag_iEP:r2:r2_MULTI_3_12_21:fateBreadth,r2_MULTI_3_12_21,fateBreadth,IBIP20:r2:MULTI:4:snapshotDay3,IBIP-20,snapshotDay3,MULTI,D3-D12,24,24,True,True,True,True,exactFrozenMaps,041bd6a43f15f3ba7dcb7cc2314ba1ec7bb50a3c85fa9c44c31c79e9ccb8762a,,IBIP20_temporal_random_fiber_controls,24,276,3,161,24,0,0,1,1,1,1,1,1,0,1,0,,,undefinedInjective,7,12,0.583333333333,,,undefinedInjective,True,False,0,1,0,1:24
CellTag_iEP_reprogramming,CellTag_iEP,r2,F054:CellTag_iEP_reprogramming:CellTag_iEP:r2:r2_MULTI_3_12_21:fateBreadth,r2_MULTI_3_12_21,fateBreadth,IBIP20:r2:MULTI:4:day12State,IBIP-20,day12State,MULTI,D3-D12,24,24,True,True,True,True,exactFrozenMaps,313443f965cbfecca924db6b969cb1041c007ce12edc57f3cd0732eceeccabd8,,IBIP20_temporal_random_fiber_controls,24,276,3,161,24,0,0,1,1,1,1,1,1,0,1,0,,,undefinedInjective,7,12,0.583333333333,,,undefinedInjective,True,False,0,1,0,1:24
CellTag_iEP_reprogramming,CellTag_iEP,r2,F054:CellTag_iEP_reprogramming:CellTag_iEP:r2:r2_MULTI_3_12_21:fateBreadth,r2_MULTI_3_12_21,fateBreadth,IBIP20:r2:MULTI:4:orderedHistory,IBIP-20,orderedHistory,MULTI,D3-D12,24,24,True,True,True,True,exactFrozenMaps,c3a99aaecdd9d00f48bcf69353e0fb84fa0ad818d2cb3a0ac596f6fcdd33308c,,IBIP20_temporal_random_fiber_controls,24,276,3,161,24,0,0,1,1,1,1,1,1,0,1,0,,,undefinedInjective,7,12,0.583333333333,,,undefinedInjective,True,False,0,1,0,1:24
CellTag_iEP_reprogramming,CellTag_iEP,r2,F054:CellTag_iEP_reprogramming:CellTag_iEP:r2:r2_MULTI_3_12_21:fateBreadth,r2_MULTI_3_12_21,fateBreadth,IBIP20:r2:MULTI:4:unorderedHistory,IBIP-20,unorderedHistory,MULTI,D3-D12,24,24,True,True,True,True,exactFrozenMaps,2dd8f6adffefc2f4fce16a713a14e50986bca2cd69d1d3f5f1873c459ef19ad0,,IBIP20_temporal_random_fiber_controls,24,276,3,161,24,0,0,1,1,1,1,1,1,0,1,0,,,undefinedInjective,7,12,0.583333333333,,,undefinedInjective,True,False,0,1,0,1:24
CellTag_iEP_reprogramming,CellTag_iEP,r2,F054:CellTag_iEP_reprogramming:CellTag_iEP:r2:r2_MULTI_3_12_21:fateBreadth,r2_MULTI_3_12_21,fateBreadth,IBIP20:r2:MULTI:4:reversedHistory,IBIP-20,reversedHistory,MULTI,D3-D12,24,24,True,True,True,True,exactFrozenMaps,cd62d7f97d5e807e50acfaa12cad651e0be7f108c0de5cd3dcb7bb40b589a0c3,,IBIP20_temporal_random_fiber_controls,24,276,3,161,24,0,0,1,1,1,1,1,1,0,1,0,,,undefinedInjective,7,12,0.583333333333,,,undefinedInjective,True,False,0,1,0,1:24
CellTag_iEP_reprogramming,CellTag_iEP,r2,F054:CellTag_iEP_reprogramming:CellTag_iEP:r2:r2_MULTI_3_12_21:fateBreadth,r2_MULTI_3_12_21,fateBreadth,IBIP20:r2:MULTI:4:transitionSignature,IBIP-20,transitionSignature,MULTI,D3-D12,24,24,True,True,True,True,exactFrozenMaps,9cae11d3fa793d5f3954d6aa7b8e18d7731fd1cac7a6f159b107f6a945981246,,IBIP20_temporal_random_fiber_controls,24,276,3,161,24,0,0,1,1,1,1,1,1,0,1,0,,,undefinedInjective,7,12,0.583333333333,,,undefinedInjective,True,False,0,1,0,1:24
CellTag_iEP_reprogramming,CellTag_iEP,r2,F054:CellTag_iEP_reprogramming:CellTag_iEP:r2:r2_MULTI_3_12_21:fateBreadth,r2_MULTI_3_12_21,fateBreadth,IBIP20:r2:MULTI:5:snapshotDay3,IBIP-20,snapshotDay3,MULTI,D3-D12,24,24,True,True,True,True,exactFrozenMaps,fe8a0c371b604c6692f7368fb9577fce599cbf5893c1a74291f728e516098924,,IBIP20_temporal_random_fiber_controls,24,276,3,161,24,0,0,1,1,1,1,1,1,0,1,0,,,undefinedInjective,7,12,0.583333333333,,,undefinedInjective,True,False,0,1,0,1:24
CellTag_iEP_reprogramming,CellTag_iEP,r2,F054:CellTag_iEP_reprogramming:CellTag_iEP:r2:r2_MULTI_3_12_21:fateBreadth,r2_MULTI_3_12_21,fateBreadth,IBIP20:r2:MULTI:5:day12State,IBIP-20,day12State,MULTI,D3-D12,24,24,True,True,True,True,exactFrozenMaps,4ab6f683407972893d45bc4b41026a4a59b0111de4b16554f0b8071635535940,,IBIP20_temporal_random_fiber_controls,24,276,3,161,24,0,0,1,1,1,1,1,1,0,1,0,,,undefinedInjective,7,12,0.583333333333,,,undefinedInjective,True,False,0,1,0,1:24
CellTag_iEP_reprogramming,CellTag_iEP,r2,F054:CellTag_iEP_reprogramming:CellTag_iEP:r2:r2_MULTI_3_12_21:fateBreadth,r2_MULTI_3_12_21,fateBreadth,IBIP20:r2:MULTI:5:orderedHistory,IBIP-20,orderedHistory,MULTI,D3-D12,24,24,True,True,True,True,exactFrozenMaps,622dc6e4857f0181f3fdef7111014bf46728187e21f436612a69037205f3e3c2,,IBIP20_temporal_random_fiber_controls,24,276,3,161,24,0,0,1,1,1,1,1,1,0,1,0,,,undefinedInjective,7,12,0.583333333333,,,undefinedInjective,True,False,0,1,0,1:24
CellTag_iEP_reprogramming,CellTag_iEP,r2,F054:CellTag_iEP_reprogramming:CellTag_iEP:r2:r2_MULTI_3_12_21:fateBreadth,r2_MULTI_3_12_21,fateBreadth,IBIP20:r2:MULTI:5:unorderedHistory,IBIP-20,unorderedHistory,MULTI,D3-D12,24,24,True,True,True,True,exactFrozenMaps,b66653bc1a6e67e996b756fd1daf76a1cea145d64f346bf88dbf17f08adaae89,,IBIP20_temporal_random_fiber_controls,24,276,3,161,24,0,0,1,1,1,1,1,1,0,1,0,,,undefinedInjective,7,12,0.583333333333,,,undefinedInjective,True,False,0,1,0,1:24
CellTag_iEP_reprogramming,CellTag_iEP,r2,F054:CellTag_iEP_reprogramming:CellTag_iEP:r2:r2_MULTI_3_12_21:fateBreadth,r2_MULTI_3_12_21,fateBreadth,IBIP20:r2:MULTI:5:reversedHistory,IBIP-20,reversedHistory,MULTI,D3-D12,24,24,True,True,True,True,exactFrozenMaps,dee139e3ee9c1ca18bf65c6c3e5986c4038ec93fd7f15edc6851ffe7f7c7415f,,IBIP20_temporal_random_fiber_controls,24,276,3,161,24,0,0,1,1,1,1,1,1,0,1,0,,,undefinedInjective,7,12,0.583333333333,,,undefinedInjective,True,False,0,1,0,1:24
CellTag_iEP_reprogramming,CellTag_iEP,r2,F054:CellTag_iEP_reprogramming:CellTag_iEP:r2:r2_MULTI_3_12_21:fateBreadth,r2_MULTI_3_12_21,fateBreadth,IBIP20:r2:MULTI:5:transitionSignature,IBIP-20,transitionSignature,MULTI,D3-D12,24,24,True,True,True,True,exactFrozenMaps,08b0b4185b93cf313c0e8e00a50be6a22dcff24a2c3b62d4d817c0ac149d4c6b,,IBIP20_temporal_random_fiber_controls,24,276,3,161,24,0,0,1,1,1,1,1,1,0,1,0,,,undefinedInjective,7,12,0.583333333333,,,undefinedInjective,True,False,0,1,0,1:24
